paper,heading_level,heading,markdown_line_start,markdown_line_end,pdf_page_start,markdown_source,pdf_projection
Knowledge,1,Knowledge as the Shared Medium,1,766,1,00_GOVERNANCE/01_Product_Vision/01_FOUNDATION/Knowledge/SymK_Foundation_Paper_Knowledge_v0.1.md,00_GOVERNANCE/01_Product_Vision/01_FOUNDATION/Knowledge/SymK_Foundation_Paper_Knowledge_v0.1.pdf
Knowledge,2,A Foundational Paper for SymK,3,11,1,00_GOVERNANCE/01_Product_Vision/01_FOUNDATION/Knowledge/SymK_Foundation_Paper_Knowledge_v0.1.md,00_GOVERNANCE/01_Product_Vision/01_FOUNDATION/Knowledge/SymK_Foundation_Paper_Knowledge_v0.1.pdf
Knowledge,2,Abstract,12,25,3,00_GOVERNANCE/01_Product_Vision/01_FOUNDATION/Knowledge/SymK_Foundation_Paper_Knowledge_v0.1.md,00_GOVERNANCE/01_Product_Vision/01_FOUNDATION/Knowledge/SymK_Foundation_Paper_Knowledge_v0.1.pdf
Knowledge,2,1. Why knowledge is foundational to SymK,26,51,5,00_GOVERNANCE/01_Product_Vision/01_FOUNDATION/Knowledge/SymK_Foundation_Paper_Knowledge_v0.1.md,00_GOVERNANCE/01_Product_Vision/01_FOUNDATION/Knowledge/SymK_Foundation_Paper_Knowledge_v0.1.pdf
Knowledge,2,2. The first correction: there is no simple historical definition to inherit,52,110,6,00_GOVERNANCE/01_Product_Vision/01_FOUNDATION/Knowledge/SymK_Foundation_Paper_Knowledge_v0.1.md,00_GOVERNANCE/01_Product_Vision/01_FOUNDATION/Knowledge/SymK_Foundation_Paper_Knowledge_v0.1.pdf
Knowledge,3,2.1 The Gettier rupture,70,79,6,00_GOVERNANCE/01_Product_Vision/01_FOUNDATION/Knowledge/SymK_Foundation_Paper_Knowledge_v0.1.md,00_GOVERNANCE/01_Product_Vision/01_FOUNDATION/Knowledge/SymK_Foundation_Paper_Knowledge_v0.1.pdf
Knowledge,3,2.2 Families of post-Gettier responses,80,95,6,00_GOVERNANCE/01_Product_Vision/01_FOUNDATION/Knowledge/SymK_Foundation_Paper_Knowledge_v0.1.md,00_GOVERNANCE/01_Product_Vision/01_FOUNDATION/Knowledge/SymK_Foundation_Paper_Knowledge_v0.1.pdf
Knowledge,3,2.3 Knowledge may be primitive without being unstructured,96,110,7,00_GOVERNANCE/01_Product_Vision/01_FOUNDATION/Knowledge/SymK_Foundation_Paper_Knowledge_v0.1.md,00_GOVERNANCE/01_Product_Vision/01_FOUNDATION/Knowledge/SymK_Foundation_Paper_Knowledge_v0.1.pdf
Knowledge,2,3. Knowledge is not only “knowing that”,111,158,8,00_GOVERNANCE/01_Product_Vision/01_FOUNDATION/Knowledge/SymK_Foundation_Paper_Knowledge_v0.1.md,00_GOVERNANCE/01_Product_Vision/01_FOUNDATION/Knowledge/SymK_Foundation_Paper_Knowledge_v0.1.pdf
Knowledge,3,3.1 Propositional knowledge: knowing that,115,124,8,00_GOVERNANCE/01_Product_Vision/01_FOUNDATION/Knowledge/SymK_Foundation_Paper_Knowledge_v0.1.md,00_GOVERNANCE/01_Product_Vision/01_FOUNDATION/Knowledge/SymK_Foundation_Paper_Knowledge_v0.1.pdf
Knowledge,3,3.2 Practical knowledge: knowing how,125,140,8,00_GOVERNANCE/01_Product_Vision/01_FOUNDATION/Knowledge/SymK_Foundation_Paper_Knowledge_v0.1.md,00_GOVERNANCE/01_Product_Vision/01_FOUNDATION/Knowledge/SymK_Foundation_Paper_Knowledge_v0.1.pdf
Knowledge,3,3.3 Knowledge by acquaintance or familiarity,141,146,9,00_GOVERNANCE/01_Product_Vision/01_FOUNDATION/Knowledge/SymK_Foundation_Paper_Knowledge_v0.1.md,00_GOVERNANCE/01_Product_Vision/01_FOUNDATION/Knowledge/SymK_Foundation_Paper_Knowledge_v0.1.pdf
Knowledge,3,3.4 A plural foundation,147,158,9,00_GOVERNANCE/01_Product_Vision/01_FOUNDATION/Knowledge/SymK_Foundation_Paper_Knowledge_v0.1.md,00_GOVERNANCE/01_Product_Vision/01_FOUNDATION/Knowledge/SymK_Foundation_Paper_Knowledge_v0.1.pdf
Knowledge,2,4. Epistemology and knowledge representation ask different questions,159,202,10,00_GOVERNANCE/01_Product_Vision/01_FOUNDATION/Knowledge/SymK_Foundation_Paper_Knowledge_v0.1.md,00_GOVERNANCE/01_Product_Vision/01_FOUNDATION/Knowledge/SymK_Foundation_Paper_Knowledge_v0.1.pdf
Knowledge,2,5. What the major formalisms actually provide,203,282,11,00_GOVERNANCE/01_Product_Vision/01_FOUNDATION/Knowledge/SymK_Foundation_Paper_Knowledge_v0.1.md,00_GOVERNANCE/01_Product_Vision/01_FOUNDATION/Knowledge/SymK_Foundation_Paper_Knowledge_v0.1.pdf
Knowledge,3,5.1 Epistemic modal logic,207,219,11,00_GOVERNANCE/01_Product_Vision/01_FOUNDATION/Knowledge/SymK_Foundation_Paper_Knowledge_v0.1.md,00_GOVERNANCE/01_Product_Vision/01_FOUNDATION/Knowledge/SymK_Foundation_Paper_Knowledge_v0.1.pdf
Knowledge,3,5.2 First-order logic and Horn rules,220,225,11,00_GOVERNANCE/01_Product_Vision/01_FOUNDATION/Knowledge/SymK_Foundation_Paper_Knowledge_v0.1.md,00_GOVERNANCE/01_Product_Vision/01_FOUNDATION/Knowledge/SymK_Foundation_Paper_Knowledge_v0.1.pdf
Knowledge,3,5.3 Semantic networks and frames,226,231,11,00_GOVERNANCE/01_Product_Vision/01_FOUNDATION/Knowledge/SymK_Foundation_Paper_Knowledge_v0.1.md,00_GOVERNANCE/01_Product_Vision/01_FOUNDATION/Knowledge/SymK_Foundation_Paper_Knowledge_v0.1.pdf
Knowledge,3,5.4 Description logics and OWL,232,237,12,00_GOVERNANCE/01_Product_Vision/01_FOUNDATION/Knowledge/SymK_Foundation_Paper_Knowledge_v0.1.md,00_GOVERNANCE/01_Product_Vision/01_FOUNDATION/Knowledge/SymK_Foundation_Paper_Knowledge_v0.1.pdf
Knowledge,3,5.5 Ontologies and knowledge graphs,238,250,12,00_GOVERNANCE/01_Product_Vision/01_FOUNDATION/Knowledge/SymK_Foundation_Paper_Knowledge_v0.1.md,00_GOVERNANCE/01_Product_Vision/01_FOUNDATION/Knowledge/SymK_Foundation_Paper_Knowledge_v0.1.pdf
Knowledge,3,5.6 Probabilistic representations,251,256,12,00_GOVERNANCE/01_Product_Vision/01_FOUNDATION/Knowledge/SymK_Foundation_Paper_Knowledge_v0.1.md,00_GOVERNANCE/01_Product_Vision/01_FOUNDATION/Knowledge/SymK_Foundation_Paper_Knowledge_v0.1.pdf
Knowledge,3,5.7 Neural representations,257,262,12,00_GOVERNANCE/01_Product_Vision/01_FOUNDATION/Knowledge/SymK_Foundation_Paper_Knowledge_v0.1.md,00_GOVERNANCE/01_Product_Vision/01_FOUNDATION/Knowledge/SymK_Foundation_Paper_Knowledge_v0.1.pdf
Knowledge,3,5.8 Comparative view,263,282,13,00_GOVERNANCE/01_Product_Vision/01_FOUNDATION/Knowledge/SymK_Foundation_Paper_Knowledge_v0.1.md,00_GOVERNANCE/01_Product_Vision/01_FOUNDATION/Knowledge/SymK_Foundation_Paper_Knowledge_v0.1.pdf
Knowledge,2,6. The distinction SymK must preserve,283,344,14,00_GOVERNANCE/01_Product_Vision/01_FOUNDATION/Knowledge/SymK_Foundation_Paper_Knowledge_v0.1.md,00_GOVERNANCE/01_Product_Vision/01_FOUNDATION/Knowledge/SymK_Foundation_Paper_Knowledge_v0.1.pdf
Knowledge,3,6.1 Knowledge,287,292,14,00_GOVERNANCE/01_Product_Vision/01_FOUNDATION/Knowledge/SymK_Foundation_Paper_Knowledge_v0.1.md,00_GOVERNANCE/01_Product_Vision/01_FOUNDATION/Knowledge/SymK_Foundation_Paper_Knowledge_v0.1.pdf
Knowledge,3,6.2 Knowledge claim,293,298,14,00_GOVERNANCE/01_Product_Vision/01_FOUNDATION/Knowledge/SymK_Foundation_Paper_Knowledge_v0.1.md,00_GOVERNANCE/01_Product_Vision/01_FOUNDATION/Knowledge/SymK_Foundation_Paper_Knowledge_v0.1.pdf
Knowledge,3,6.3 Knowledge asset,299,316,14,00_GOVERNANCE/01_Product_Vision/01_FOUNDATION/Knowledge/SymK_Foundation_Paper_Knowledge_v0.1.md,00_GOVERNANCE/01_Product_Vision/01_FOUNDATION/Knowledge/SymK_Foundation_Paper_Knowledge_v0.1.pdf
Knowledge,3,6.4 Representation,317,322,15,00_GOVERNANCE/01_Product_Vision/01_FOUNDATION/Knowledge/SymK_Foundation_Paper_Knowledge_v0.1.md,00_GOVERNANCE/01_Product_Vision/01_FOUNDATION/Knowledge/SymK_Foundation_Paper_Knowledge_v0.1.pdf
Knowledge,3,6.5 Epistemic status,323,344,15,00_GOVERNANCE/01_Product_Vision/01_FOUNDATION/Knowledge/SymK_Foundation_Paper_Knowledge_v0.1.md,00_GOVERNANCE/01_Product_Vision/01_FOUNDATION/Knowledge/SymK_Foundation_Paper_Knowledge_v0.1.pdf
Knowledge,2,7. A working definition for SymK,345,396,16,00_GOVERNANCE/01_Product_Vision/01_FOUNDATION/Knowledge/SymK_Foundation_Paper_Knowledge_v0.1.md,00_GOVERNANCE/01_Product_Vision/01_FOUNDATION/Knowledge/SymK_Foundation_Paper_Knowledge_v0.1.pdf
Knowledge,3,Epistemic achievement,353,356,10,00_GOVERNANCE/01_Product_Vision/01_FOUNDATION/Knowledge/SymK_Foundation_Paper_Knowledge_v0.1.md,00_GOVERNANCE/01_Product_Vision/01_FOUNDATION/Knowledge/SymK_Foundation_Paper_Knowledge_v0.1.pdf
Knowledge,3,"An intelligence, or a cooperative system of intelligences",357,360,16,00_GOVERNANCE/01_Product_Vision/01_FOUNDATION/Knowledge/SymK_Foundation_Paper_Knowledge_v0.1.md,00_GOVERNANCE/01_Product_Vision/01_FOUNDATION/Knowledge/SymK_Foundation_Paper_Knowledge_v0.1.pdf
Knowledge,3,"Truth-connected, competence-bearing, or direct relation",361,370,16,00_GOVERNANCE/01_Product_Vision/01_FOUNDATION/Knowledge/SymK_Foundation_Paper_Knowledge_v0.1.md,00_GOVERNANCE/01_Product_Vision/01_FOUNDATION/Knowledge/SymK_Foundation_Paper_Knowledge_v0.1.pdf
Knowledge,3,Responsibly relied upon,371,374,16,00_GOVERNANCE/01_Product_Vision/01_FOUNDATION/Knowledge/SymK_Foundation_Paper_Knowledge_v0.1.md,00_GOVERNANCE/01_Product_Vision/01_FOUNDATION/Knowledge/SymK_Foundation_Paper_Knowledge_v0.1.pdf
Knowledge,3,Within a stated scope,375,378,16,00_GOVERNANCE/01_Product_Vision/01_FOUNDATION/Knowledge/SymK_Foundation_Paper_Knowledge_v0.1.md,00_GOVERNANCE/01_Product_Vision/01_FOUNDATION/Knowledge/SymK_Foundation_Paper_Knowledge_v0.1.pdf
Knowledge,3,7.1 The operational corollary,379,386,16,00_GOVERNANCE/01_Product_Vision/01_FOUNDATION/Knowledge/SymK_Foundation_Paper_Knowledge_v0.1.md,00_GOVERNANCE/01_Product_Vision/01_FOUNDATION/Knowledge/SymK_Foundation_Paper_Knowledge_v0.1.pdf
Knowledge,3,7.2 Interpreting the constitutional motto,387,396,17,00_GOVERNANCE/01_Product_Vision/01_FOUNDATION/Knowledge/SymK_Foundation_Paper_Knowledge_v0.1.md,00_GOVERNANCE/01_Product_Vision/01_FOUNDATION/Knowledge/SymK_Foundation_Paper_Knowledge_v0.1.pdf
Knowledge,2,8. The proposed SymK knowledge object,397,445,18,00_GOVERNANCE/01_Product_Vision/01_FOUNDATION/Knowledge/SymK_Foundation_Paper_Knowledge_v0.1.md,00_GOVERNANCE/01_Product_Vision/01_FOUNDATION/Knowledge/SymK_Foundation_Paper_Knowledge_v0.1.pdf
Knowledge,2,9. Candidate foundational commitments,446,523,20,00_GOVERNANCE/01_Product_Vision/01_FOUNDATION/Knowledge/SymK_Foundation_Paper_Knowledge_v0.1.md,00_GOVERNANCE/01_Product_Vision/01_FOUNDATION/Knowledge/SymK_Foundation_Paper_Knowledge_v0.1.pdf
Knowledge,3,K-01 — Knowledge and representation are distinct,450,455,20,00_GOVERNANCE/01_Product_Vision/01_FOUNDATION/Knowledge/SymK_Foundation_Paper_Knowledge_v0.1.md,00_GOVERNANCE/01_Product_Vision/01_FOUNDATION/Knowledge/SymK_Foundation_Paper_Knowledge_v0.1.pdf
Knowledge,3,K-02 — Truth is not created by governance,456,461,20,00_GOVERNANCE/01_Product_Vision/01_FOUNDATION/Knowledge/SymK_Foundation_Paper_Knowledge_v0.1.md,00_GOVERNANCE/01_Product_Vision/01_FOUNDATION/Knowledge/SymK_Foundation_Paper_Knowledge_v0.1.pdf
Knowledge,3,K-03 — No knowledge claim is context-free in application,462,467,20,00_GOVERNANCE/01_Product_Vision/01_FOUNDATION/Knowledge/SymK_Foundation_Paper_Knowledge_v0.1.md,00_GOVERNANCE/01_Product_Vision/01_FOUNDATION/Knowledge/SymK_Foundation_Paper_Knowledge_v0.1.pdf
Knowledge,3,K-04 — Grounds are part of the durable asset,468,473,20,00_GOVERNANCE/01_Product_Vision/01_FOUNDATION/Knowledge/SymK_Foundation_Paper_Knowledge_v0.1.md,00_GOVERNANCE/01_Product_Vision/01_FOUNDATION/Knowledge/SymK_Foundation_Paper_Knowledge_v0.1.pdf
Knowledge,3,K-05 — Operational acceptance remains defeasible,474,479,20,00_GOVERNANCE/01_Product_Vision/01_FOUNDATION/Knowledge/SymK_Foundation_Paper_Knowledge_v0.1.md,00_GOVERNANCE/01_Product_Vision/01_FOUNDATION/Knowledge/SymK_Foundation_Paper_Knowledge_v0.1.pdf
Knowledge,3,K-06 — Contradiction must be represented before it is resolved,480,485,20,00_GOVERNANCE/01_Product_Vision/01_FOUNDATION/Knowledge/SymK_Foundation_Paper_Knowledge_v0.1.md,00_GOVERNANCE/01_Product_Vision/01_FOUNDATION/Knowledge/SymK_Foundation_Paper_Knowledge_v0.1.pdf
Knowledge,3,K-07 — Knowledge has plural modes,486,491,20,00_GOVERNANCE/01_Product_Vision/01_FOUNDATION/Knowledge/SymK_Foundation_Paper_Knowledge_v0.1.md,00_GOVERNANCE/01_Product_Vision/01_FOUNDATION/Knowledge/SymK_Foundation_Paper_Knowledge_v0.1.pdf
Knowledge,3,K-08 — Formal inference is conditional knowledge work,492,497,20,00_GOVERNANCE/01_Product_Vision/01_FOUNDATION/Knowledge/SymK_Foundation_Paper_Knowledge_v0.1.md,00_GOVERNANCE/01_Product_Vision/01_FOUNDATION/Knowledge/SymK_Foundation_Paper_Knowledge_v0.1.pdf
Knowledge,3,K-09 — Epistemic standing is not conferred by participant type,498,503,21,00_GOVERNANCE/01_Product_Vision/01_FOUNDATION/Knowledge/SymK_Foundation_Paper_Knowledge_v0.1.md,00_GOVERNANCE/01_Product_Vision/01_FOUNDATION/Knowledge/SymK_Foundation_Paper_Knowledge_v0.1.pdf
Knowledge,3,K-10 — Shared knowledge is not mere consensus,504,509,21,00_GOVERNANCE/01_Product_Vision/01_FOUNDATION/Knowledge/SymK_Foundation_Paper_Knowledge_v0.1.md,00_GOVERNANCE/01_Product_Vision/01_FOUNDATION/Knowledge/SymK_Foundation_Paper_Knowledge_v0.1.pdf
Knowledge,3,K-11 — Knowledge must remain challengeable,510,515,21,00_GOVERNANCE/01_Product_Vision/01_FOUNDATION/Knowledge/SymK_Foundation_Paper_Knowledge_v0.1.md,00_GOVERNANCE/01_Product_Vision/01_FOUNDATION/Knowledge/SymK_Foundation_Paper_Knowledge_v0.1.pdf
Knowledge,3,K-12 — Knowledge engineering begins before implementation,516,523,21,00_GOVERNANCE/01_Product_Vision/01_FOUNDATION/Knowledge/SymK_Foundation_Paper_Knowledge_v0.1.md,00_GOVERNANCE/01_Product_Vision/01_FOUNDATION/Knowledge/SymK_Foundation_Paper_Knowledge_v0.1.pdf
Knowledge,2,10. Implications for Human-AI and multi-intelligence cooperation,524,560,22,00_GOVERNANCE/01_Product_Vision/01_FOUNDATION/Knowledge/SymK_Foundation_Paper_Knowledge_v0.1.md,00_GOVERNANCE/01_Product_Vision/01_FOUNDATION/Knowledge/SymK_Foundation_Paper_Knowledge_v0.1.pdf
Knowledge,3,"10.1 AI output is a contribution, not a verdict",528,533,22,00_GOVERNANCE/01_Product_Vision/01_FOUNDATION/Knowledge/SymK_Foundation_Paper_Knowledge_v0.1.md,00_GOVERNANCE/01_Product_Vision/01_FOUNDATION/Knowledge/SymK_Foundation_Paper_Knowledge_v0.1.pdf
Knowledge,3,10.2 Roles may be distributed,534,552,22,00_GOVERNANCE/01_Product_Vision/01_FOUNDATION/Knowledge/SymK_Foundation_Paper_Knowledge_v0.1.md,00_GOVERNANCE/01_Product_Vision/01_FOUNDATION/Knowledge/SymK_Foundation_Paper_Knowledge_v0.1.pdf
Knowledge,3,10.3 Shared does not mean identical,553,560,22,00_GOVERNANCE/01_Product_Vision/01_FOUNDATION/Knowledge/SymK_Foundation_Paper_Knowledge_v0.1.md,00_GOVERNANCE/01_Product_Vision/01_FOUNDATION/Knowledge/SymK_Foundation_Paper_Knowledge_v0.1.pdf
Knowledge,2,11. Development requirements derived from the foundation,561,622,23,00_GOVERNANCE/01_Product_Vision/01_FOUNDATION/Knowledge/SymK_Foundation_Paper_Knowledge_v0.1.md,00_GOVERNANCE/01_Product_Vision/01_FOUNDATION/Knowledge/SymK_Foundation_Paper_Knowledge_v0.1.pdf
Knowledge,3,11.1 Separate the layers,565,577,23,00_GOVERNANCE/01_Product_Vision/01_FOUNDATION/Knowledge/SymK_Foundation_Paper_Knowledge_v0.1.md,00_GOVERNANCE/01_Product_Vision/01_FOUNDATION/Knowledge/SymK_Foundation_Paper_Knowledge_v0.1.pdf
Knowledge,3,11.2 Preserve epistemic lineage,578,591,23,00_GOVERNANCE/01_Product_Vision/01_FOUNDATION/Knowledge/SymK_Foundation_Paper_Knowledge_v0.1.md,00_GOVERNANCE/01_Product_Vision/01_FOUNDATION/Knowledge/SymK_Foundation_Paper_Knowledge_v0.1.pdf
Knowledge,3,11.3 Support non-monotonic evolution,592,595,23,00_GOVERNANCE/01_Product_Vision/01_FOUNDATION/Knowledge/SymK_Foundation_Paper_Knowledge_v0.1.md,00_GOVERNANCE/01_Product_Vision/01_FOUNDATION/Knowledge/SymK_Foundation_Paper_Knowledge_v0.1.pdf
Knowledge,3,11.4 Allow multiple representational projections,596,599,23,00_GOVERNANCE/01_Product_Vision/01_FOUNDATION/Knowledge/SymK_Foundation_Paper_Knowledge_v0.1.md,00_GOVERNANCE/01_Product_Vision/01_FOUNDATION/Knowledge/SymK_Foundation_Paper_Knowledge_v0.1.pdf
Knowledge,3,11.5 Make uncertainty typed,600,612,23,00_GOVERNANCE/01_Product_Vision/01_FOUNDATION/Knowledge/SymK_Foundation_Paper_Knowledge_v0.1.md,00_GOVERNANCE/01_Product_Vision/01_FOUNDATION/Knowledge/SymK_Foundation_Paper_Knowledge_v0.1.pdf
Knowledge,3,11.6 Preserve negative results,613,616,24,00_GOVERNANCE/01_Product_Vision/01_FOUNDATION/Knowledge/SymK_Foundation_Paper_Knowledge_v0.1.md,00_GOVERNANCE/01_Product_Vision/01_FOUNDATION/Knowledge/SymK_Foundation_Paper_Knowledge_v0.1.pdf
Knowledge,3,11.7 Avoid premature universalization,617,622,24,00_GOVERNANCE/01_Product_Vision/01_FOUNDATION/Knowledge/SymK_Foundation_Paper_Knowledge_v0.1.md,00_GOVERNANCE/01_Product_Vision/01_FOUNDATION/Knowledge/SymK_Foundation_Paper_Knowledge_v0.1.pdf
Knowledge,2,12. Open foundational questions,623,666,25,00_GOVERNANCE/01_Product_Vision/01_FOUNDATION/Knowledge/SymK_Foundation_Paper_Knowledge_v0.1.md,00_GOVERNANCE/01_Product_Vision/01_FOUNDATION/Knowledge/SymK_Foundation_Paper_Knowledge_v0.1.pdf
Knowledge,3,12.1 Is knowledge necessarily factive in the formal SymK vocabulary?,627,630,25,00_GOVERNANCE/01_Product_Vision/01_FOUNDATION/Knowledge/SymK_Foundation_Paper_Knowledge_v0.1.md,00_GOVERNANCE/01_Product_Vision/01_FOUNDATION/Knowledge/SymK_Foundation_Paper_Knowledge_v0.1.pdf
Knowledge,3,12.2 Can a cooperative system literally know?,631,634,25,00_GOVERNANCE/01_Product_Vision/01_FOUNDATION/Knowledge/SymK_Foundation_Paper_Knowledge_v0.1.md,00_GOVERNANCE/01_Product_Vision/01_FOUNDATION/Knowledge/SymK_Foundation_Paper_Knowledge_v0.1.pdf
Knowledge,3,12.3 What qualifies an artificial system as an epistemic subject?,635,638,25,00_GOVERNANCE/01_Product_Vision/01_FOUNDATION/Knowledge/SymK_Foundation_Paper_Knowledge_v0.1.md,00_GOVERNANCE/01_Product_Vision/01_FOUNDATION/Knowledge/SymK_Foundation_Paper_Knowledge_v0.1.pdf
Knowledge,3,12.4 How should knowledge-how be governed?,639,642,25,00_GOVERNANCE/01_Product_Vision/01_FOUNDATION/Knowledge/SymK_Foundation_Paper_Knowledge_v0.1.md,00_GOVERNANCE/01_Product_Vision/01_FOUNDATION/Knowledge/SymK_Foundation_Paper_Knowledge_v0.1.pdf
Knowledge,3,12.5 What is the relation between knowledge and understanding?,643,646,25,00_GOVERNANCE/01_Product_Vision/01_FOUNDATION/Knowledge/SymK_Foundation_Paper_Knowledge_v0.1.md,00_GOVERNANCE/01_Product_Vision/01_FOUNDATION/Knowledge/SymK_Foundation_Paper_Knowledge_v0.1.pdf
Knowledge,3,12.6 How should context affect knowledge attribution?,647,656,25,00_GOVERNANCE/01_Product_Vision/01_FOUNDATION/Knowledge/SymK_Foundation_Paper_Knowledge_v0.1.md,00_GOVERNANCE/01_Product_Vision/01_FOUNDATION/Knowledge/SymK_Foundation_Paper_Knowledge_v0.1.pdf
Knowledge,3,12.7 How should conflicting but locally successful models coexist?,657,660,25,00_GOVERNANCE/01_Product_Vision/01_FOUNDATION/Knowledge/SymK_Foundation_Paper_Knowledge_v0.1.md,00_GOVERNANCE/01_Product_Vision/01_FOUNDATION/Knowledge/SymK_Foundation_Paper_Knowledge_v0.1.pdf
Knowledge,3,12.8 What are the smallest irreducible primitives?,661,666,25,00_GOVERNANCE/01_Product_Vision/01_FOUNDATION/Knowledge/SymK_Foundation_Paper_Knowledge_v0.1.md,00_GOVERNANCE/01_Product_Vision/01_FOUNDATION/Knowledge/SymK_Foundation_Paper_Knowledge_v0.1.pdf
Knowledge,2,13. A practical evaluation gate,667,689,26,00_GOVERNANCE/01_Product_Vision/01_FOUNDATION/Knowledge/SymK_Foundation_Paper_Knowledge_v0.1.md,00_GOVERNANCE/01_Product_Vision/01_FOUNDATION/Knowledge/SymK_Foundation_Paper_Knowledge_v0.1.pdf
Knowledge,2,14. Conclusion,690,715,27,00_GOVERNANCE/01_Product_Vision/01_FOUNDATION/Knowledge/SymK_Foundation_Paper_Knowledge_v0.1.md,00_GOVERNANCE/01_Product_Vision/01_FOUNDATION/Knowledge/SymK_Foundation_Paper_Knowledge_v0.1.pdf
Knowledge,2,References,716,755,28,00_GOVERNANCE/01_Product_Vision/01_FOUNDATION/Knowledge/SymK_Foundation_Paper_Knowledge_v0.1.md,00_GOVERNANCE/01_Product_Vision/01_FOUNDATION/Knowledge/SymK_Foundation_Paper_Knowledge_v0.1.pdf
Knowledge,2,Document governance note,756,766,29,00_GOVERNANCE/01_Product_Vision/01_FOUNDATION/Knowledge/SymK_Foundation_Paper_Knowledge_v0.1.md,00_GOVERNANCE/01_Product_Vision/01_FOUNDATION/Knowledge/SymK_Foundation_Paper_Knowledge_v0.1.pdf
Intelligence,1,Intelligence Beyond the Human,1,986,1,00_GOVERNANCE/01_Product_Vision/01_FOUNDATION/Intelligence/SymK_Foundation_Paper_Intelligence_v0.1.md,00_GOVERNANCE/01_Product_Vision/01_FOUNDATION/Intelligence/SymK_Foundation_Paper_Intelligence_v0.1.pdf
Intelligence,2,A Foundational Paper for SymK,3,11,1,00_GOVERNANCE/01_Product_Vision/01_FOUNDATION/Intelligence/SymK_Foundation_Paper_Intelligence_v0.1.md,00_GOVERNANCE/01_Product_Vision/01_FOUNDATION/Intelligence/SymK_Foundation_Paper_Intelligence_v0.1.pdf
Intelligence,2,Abstract,12,27,1,00_GOVERNANCE/01_Product_Vision/01_FOUNDATION/Intelligence/SymK_Foundation_Paper_Intelligence_v0.1.md,00_GOVERNANCE/01_Product_Vision/01_FOUNDATION/Intelligence/SymK_Foundation_Paper_Intelligence_v0.1.pdf
Intelligence,2,1. Why Intelligence is foundational to SymK,28,63,2,00_GOVERNANCE/01_Product_Vision/01_FOUNDATION/Intelligence/SymK_Foundation_Paper_Intelligence_v0.1.md,00_GOVERNANCE/01_Product_Vision/01_FOUNDATION/Intelligence/SymK_Foundation_Paper_Intelligence_v0.1.pdf
Intelligence,2,"2. The Copernican correction: Human Intelligence is an instance, not the center",64,119,4,00_GOVERNANCE/01_Product_Vision/01_FOUNDATION/Intelligence/SymK_Foundation_Paper_Intelligence_v0.1.md,00_GOVERNANCE/01_Product_Vision/01_FOUNDATION/Intelligence/SymK_Foundation_Paper_Intelligence_v0.1.pdf
Intelligence,3,2.1 Human reference remains useful,76,87,4,00_GOVERNANCE/01_Product_Vision/01_FOUNDATION/Intelligence/SymK_Foundation_Paper_Intelligence_v0.1.md,00_GOVERNANCE/01_Product_Vision/01_FOUNDATION/Intelligence/SymK_Foundation_Paper_Intelligence_v0.1.pdf
Intelligence,3,2.2 Non-human biological Intelligence is not deficient humanity,88,91,5,00_GOVERNANCE/01_Product_Vision/01_FOUNDATION/Intelligence/SymK_Foundation_Paper_Intelligence_v0.1.md,00_GOVERNANCE/01_Product_Vision/01_FOUNDATION/Intelligence/SymK_Foundation_Paper_Intelligence_v0.1.pdf
Intelligence,3,2.3 Artificial Intelligence is not simulated humanity,92,97,5,00_GOVERNANCE/01_Product_Vision/01_FOUNDATION/Intelligence/SymK_Foundation_Paper_Intelligence_v0.1.md,00_GOVERNANCE/01_Product_Vision/01_FOUNDATION/Intelligence/SymK_Foundation_Paper_Intelligence_v0.1.pdf
Intelligence,3,2.4 Social Intelligence has two meanings that must not be confused,98,103,6,00_GOVERNANCE/01_Product_Vision/01_FOUNDATION/Intelligence/SymK_Foundation_Paper_Intelligence_v0.1.md,00_GOVERNANCE/01_Product_Vision/01_FOUNDATION/Intelligence/SymK_Foundation_Paper_Intelligence_v0.1.pdf
Intelligence,3,2.5 Decentering is not equivalence,104,119,6,00_GOVERNANCE/01_Product_Vision/01_FOUNDATION/Intelligence/SymK_Foundation_Paper_Intelligence_v0.1.md,00_GOVERNANCE/01_Product_Vision/01_FOUNDATION/Intelligence/SymK_Foundation_Paper_Intelligence_v0.1.pdf
Intelligence,2,3. The levels SymK must keep distinct,120,218,6,00_GOVERNANCE/01_Product_Vision/01_FOUNDATION/Intelligence/SymK_Foundation_Paper_Intelligence_v0.1.md,00_GOVERNANCE/01_Product_Vision/01_FOUNDATION/Intelligence/SymK_Foundation_Paper_Intelligence_v0.1.pdf
Intelligence,3,3.1 Supporting substrate,150,160,7,00_GOVERNANCE/01_Product_Vision/01_FOUNDATION/Intelligence/SymK_Foundation_Paper_Intelligence_v0.1.md,00_GOVERNANCE/01_Product_Vision/01_FOUNDATION/Intelligence/SymK_Foundation_Paper_Intelligence_v0.1.pdf
Intelligence,3,3.2 Organized system,161,175,8,00_GOVERNANCE/01_Product_Vision/01_FOUNDATION/Intelligence/SymK_Foundation_Paper_Intelligence_v0.1.md,00_GOVERNANCE/01_Product_Vision/01_FOUNDATION/Intelligence/SymK_Foundation_Paper_Intelligence_v0.1.pdf
Intelligence,3,3.3 Intelligence profile,176,179,8,00_GOVERNANCE/01_Product_Vision/01_FOUNDATION/Intelligence/SymK_Foundation_Paper_Intelligence_v0.1.md,00_GOVERNANCE/01_Product_Vision/01_FOUNDATION/Intelligence/SymK_Foundation_Paper_Intelligence_v0.1.pdf
Intelligence,3,3.4 Manifested performance,180,193,9,00_GOVERNANCE/01_Product_Vision/01_FOUNDATION/Intelligence/SymK_Foundation_Paper_Intelligence_v0.1.md,00_GOVERNANCE/01_Product_Vision/01_FOUNDATION/Intelligence/SymK_Foundation_Paper_Intelligence_v0.1.pdf
Intelligence,3,3.5 Intelligence attribution,194,207,9,00_GOVERNANCE/01_Product_Vision/01_FOUNDATION/Intelligence/SymK_Foundation_Paper_Intelligence_v0.1.md,00_GOVERNANCE/01_Product_Vision/01_FOUNDATION/Intelligence/SymK_Foundation_Paper_Intelligence_v0.1.pdf
Intelligence,3,3.6 Two principles of dependence,208,218,10,00_GOVERNANCE/01_Product_Vision/01_FOUNDATION/Intelligence/SymK_Foundation_Paper_Intelligence_v0.1.md,00_GOVERNANCE/01_Product_Vision/01_FOUNDATION/Intelligence/SymK_Foundation_Paper_Intelligence_v0.1.pdf
Intelligence,2,4. Substrate independence without substrate indifference,219,275,10,00_GOVERNANCE/01_Product_Vision/01_FOUNDATION/Intelligence/SymK_Foundation_Paper_Intelligence_v0.1.md,00_GOVERNANCE/01_Product_Vision/01_FOUNDATION/Intelligence/SymK_Foundation_Paper_Intelligence_v0.1.pdf
Intelligence,3,4.1 Multiple realizability is a research commitment,227,237,10,00_GOVERNANCE/01_Product_Vision/01_FOUNDATION/Intelligence/SymK_Foundation_Paper_Intelligence_v0.1.md,00_GOVERNANCE/01_Product_Vision/01_FOUNDATION/Intelligence/SymK_Foundation_Paper_Intelligence_v0.1.pdf
Intelligence,3,4.2 Substrates shape flavors,238,255,11,00_GOVERNANCE/01_Product_Vision/01_FOUNDATION/Intelligence/SymK_Foundation_Paper_Intelligence_v0.1.md,00_GOVERNANCE/01_Product_Vision/01_FOUNDATION/Intelligence/SymK_Foundation_Paper_Intelligence_v0.1.pdf
Intelligence,3,4.3 Functional similarity does not imply experiential identity,256,261,11,00_GOVERNANCE/01_Product_Vision/01_FOUNDATION/Intelligence/SymK_Foundation_Paper_Intelligence_v0.1.md,00_GOVERNANCE/01_Product_Vision/01_FOUNDATION/Intelligence/SymK_Foundation_Paper_Intelligence_v0.1.pdf
Intelligence,3,4.4 A higher level is not an immaterial level,262,275,12,00_GOVERNANCE/01_Product_Vision/01_FOUNDATION/Intelligence/SymK_Foundation_Paper_Intelligence_v0.1.md,00_GOVERNANCE/01_Product_Vision/01_FOUNDATION/Intelligence/SymK_Foundation_Paper_Intelligence_v0.1.pdf
Intelligence,2,5. What the major traditions actually provide,276,369,12,00_GOVERNANCE/01_Product_Vision/01_FOUNDATION/Intelligence/SymK_Foundation_Paper_Intelligence_v0.1.md,00_GOVERNANCE/01_Product_Vision/01_FOUNDATION/Intelligence/SymK_Foundation_Paper_Intelligence_v0.1.pdf
Intelligence,3,5.1 Psychometric structure,280,289,12,00_GOVERNANCE/01_Product_Vision/01_FOUNDATION/Intelligence/SymK_Foundation_Paper_Intelligence_v0.1.md,00_GOVERNANCE/01_Product_Vision/01_FOUNDATION/Intelligence/SymK_Foundation_Paper_Intelligence_v0.1.pdf
Intelligence,3,5.2 Plural ability theories,290,297,13,00_GOVERNANCE/01_Product_Vision/01_FOUNDATION/Intelligence/SymK_Foundation_Paper_Intelligence_v0.1.md,00_GOVERNANCE/01_Product_Vision/01_FOUNDATION/Intelligence/SymK_Foundation_Paper_Intelligence_v0.1.pdf
Intelligence,3,5.3 Development and adaptation,298,309,13,00_GOVERNANCE/01_Product_Vision/01_FOUNDATION/Intelligence/SymK_Foundation_Paper_Intelligence_v0.1.md,00_GOVERNANCE/01_Product_Vision/01_FOUNDATION/Intelligence/SymK_Foundation_Paper_Intelligence_v0.1.pdf
Intelligence,3,5.4 Rational agency,310,317,14,00_GOVERNANCE/01_Product_Vision/01_FOUNDATION/Intelligence/SymK_Foundation_Paper_Intelligence_v0.1.md,00_GOVERNANCE/01_Product_Vision/01_FOUNDATION/Intelligence/SymK_Foundation_Paper_Intelligence_v0.1.pdf
Intelligence,3,5.5 General goal achievement,318,323,14,00_GOVERNANCE/01_Product_Vision/01_FOUNDATION/Intelligence/SymK_Foundation_Paper_Intelligence_v0.1.md,00_GOVERNANCE/01_Product_Vision/01_FOUNDATION/Intelligence/SymK_Foundation_Paper_Intelligence_v0.1.pdf
Intelligence,3,5.6 Skill-acquisition efficiency,324,329,14,00_GOVERNANCE/01_Product_Vision/01_FOUNDATION/Intelligence/SymK_Foundation_Paper_Intelligence_v0.1.md,00_GOVERNANCE/01_Product_Vision/01_FOUNDATION/Intelligence/SymK_Foundation_Paper_Intelligence_v0.1.pdf
Intelligence,3,5.7 Embodied and enactive approaches,330,335,15,00_GOVERNANCE/01_Product_Vision/01_FOUNDATION/Intelligence/SymK_Foundation_Paper_Intelligence_v0.1.md,00_GOVERNANCE/01_Product_Vision/01_FOUNDATION/Intelligence/SymK_Foundation_Paper_Intelligence_v0.1.pdf
Intelligence,3,5.8 Extended and distributed cognition,336,341,15,00_GOVERNANCE/01_Product_Vision/01_FOUNDATION/Intelligence/SymK_Foundation_Paper_Intelligence_v0.1.md,00_GOVERNANCE/01_Product_Vision/01_FOUNDATION/Intelligence/SymK_Foundation_Paper_Intelligence_v0.1.pdf
Intelligence,3,5.9 Collective Intelligence,342,347,15,00_GOVERNANCE/01_Product_Vision/01_FOUNDATION/Intelligence/SymK_Foundation_Paper_Intelligence_v0.1.md,00_GOVERNANCE/01_Product_Vision/01_FOUNDATION/Intelligence/SymK_Foundation_Paper_Intelligence_v0.1.pdf
Intelligence,3,5.10 Emerging formal definitions,348,351,16,00_GOVERNANCE/01_Product_Vision/01_FOUNDATION/Intelligence/SymK_Foundation_Paper_Intelligence_v0.1.md,00_GOVERNANCE/01_Product_Vision/01_FOUNDATION/Intelligence/SymK_Foundation_Paper_Intelligence_v0.1.pdf
Intelligence,3,5.11 Comparative view,352,369,16,00_GOVERNANCE/01_Product_Vision/01_FOUNDATION/Intelligence/SymK_Foundation_Paper_Intelligence_v0.1.md,00_GOVERNANCE/01_Product_Vision/01_FOUNDATION/Intelligence/SymK_Foundation_Paper_Intelligence_v0.1.pdf
Intelligence,2,6. Intelligence manifests in different flavors,370,436,17,00_GOVERNANCE/01_Product_Vision/01_FOUNDATION/Intelligence/SymK_Foundation_Paper_Intelligence_v0.1.md,00_GOVERNANCE/01_Product_Vision/01_FOUNDATION/Intelligence/SymK_Foundation_Paper_Intelligence_v0.1.pdf
Intelligence,3,6.1 Capability dimensions,374,396,18,00_GOVERNANCE/01_Product_Vision/01_FOUNDATION/Intelligence/SymK_Foundation_Paper_Intelligence_v0.1.md,00_GOVERNANCE/01_Product_Vision/01_FOUNDATION/Intelligence/SymK_Foundation_Paper_Intelligence_v0.1.pdf
Intelligence,3,"6.2 Breadth, depth, and transfer",397,406,19,00_GOVERNANCE/01_Product_Vision/01_FOUNDATION/Intelligence/SymK_Foundation_Paper_Intelligence_v0.1.md,00_GOVERNANCE/01_Product_Vision/01_FOUNDATION/Intelligence/SymK_Foundation_Paper_Intelligence_v0.1.pdf
Intelligence,3,"6.3 Individual, collective, and hybrid flavors",407,419,19,00_GOVERNANCE/01_Product_Vision/01_FOUNDATION/Intelligence/SymK_Foundation_Paper_Intelligence_v0.1.md,00_GOVERNANCE/01_Product_Vision/01_FOUNDATION/Intelligence/SymK_Foundation_Paper_Intelligence_v0.1.pdf
Intelligence,3,"6.4 A property space, not one natural ladder",420,436,20,00_GOVERNANCE/01_Product_Vision/01_FOUNDATION/Intelligence/SymK_Foundation_Paper_Intelligence_v0.1.md,00_GOVERNANCE/01_Product_Vision/01_FOUNDATION/Intelligence/SymK_Foundation_Paper_Intelligence_v0.1.pdf
Intelligence,2,7. The distinctions SymK must preserve,437,500,20,00_GOVERNANCE/01_Product_Vision/01_FOUNDATION/Intelligence/SymK_Foundation_Paper_Intelligence_v0.1.md,00_GOVERNANCE/01_Product_Vision/01_FOUNDATION/Intelligence/SymK_Foundation_Paper_Intelligence_v0.1.pdf
Intelligence,3,7.1 Intelligence and Knowledge,439,451,20,00_GOVERNANCE/01_Product_Vision/01_FOUNDATION/Intelligence/SymK_Foundation_Paper_Intelligence_v0.1.md,00_GOVERNANCE/01_Product_Vision/01_FOUNDATION/Intelligence/SymK_Foundation_Paper_Intelligence_v0.1.pdf
Intelligence,3,7.2 Intelligence and cognition,452,455,21,00_GOVERNANCE/01_Product_Vision/01_FOUNDATION/Intelligence/SymK_Foundation_Paper_Intelligence_v0.1.md,00_GOVERNANCE/01_Product_Vision/01_FOUNDATION/Intelligence/SymK_Foundation_Paper_Intelligence_v0.1.pdf
Intelligence,3,"7.3 Intelligence, competence, and skill",456,461,21,00_GOVERNANCE/01_Product_Vision/01_FOUNDATION/Intelligence/SymK_Foundation_Paper_Intelligence_v0.1.md,00_GOVERNANCE/01_Product_Vision/01_FOUNDATION/Intelligence/SymK_Foundation_Paper_Intelligence_v0.1.pdf
Intelligence,3,7.4 Intelligence and performance,462,470,21,00_GOVERNANCE/01_Product_Vision/01_FOUNDATION/Intelligence/SymK_Foundation_Paper_Intelligence_v0.1.md,00_GOVERNANCE/01_Product_Vision/01_FOUNDATION/Intelligence/SymK_Foundation_Paper_Intelligence_v0.1.pdf
Intelligence,3,7.5 Intelligence and rationality,471,474,21,00_GOVERNANCE/01_Product_Vision/01_FOUNDATION/Intelligence/SymK_Foundation_Paper_Intelligence_v0.1.md,00_GOVERNANCE/01_Product_Vision/01_FOUNDATION/Intelligence/SymK_Foundation_Paper_Intelligence_v0.1.pdf
Intelligence,3,7.6 Intelligence and agency,475,478,22,00_GOVERNANCE/01_Product_Vision/01_FOUNDATION/Intelligence/SymK_Foundation_Paper_Intelligence_v0.1.md,00_GOVERNANCE/01_Product_Vision/01_FOUNDATION/Intelligence/SymK_Foundation_Paper_Intelligence_v0.1.pdf
Intelligence,3,7.7 Intelligence and autonomy,479,482,22,00_GOVERNANCE/01_Product_Vision/01_FOUNDATION/Intelligence/SymK_Foundation_Paper_Intelligence_v0.1.md,00_GOVERNANCE/01_Product_Vision/01_FOUNDATION/Intelligence/SymK_Foundation_Paper_Intelligence_v0.1.pdf
Intelligence,3,7.8 Intelligence and consciousness,483,486,22,00_GOVERNANCE/01_Product_Vision/01_FOUNDATION/Intelligence/SymK_Foundation_Paper_Intelligence_v0.1.md,00_GOVERNANCE/01_Product_Vision/01_FOUNDATION/Intelligence/SymK_Foundation_Paper_Intelligence_v0.1.pdf
Intelligence,3,7.9 Intelligence and understanding,487,490,22,00_GOVERNANCE/01_Product_Vision/01_FOUNDATION/Intelligence/SymK_Foundation_Paper_Intelligence_v0.1.md,00_GOVERNANCE/01_Product_Vision/01_FOUNDATION/Intelligence/SymK_Foundation_Paper_Intelligence_v0.1.pdf
Intelligence,3,7.10 Intelligence and wisdom,491,494,22,00_GOVERNANCE/01_Product_Vision/01_FOUNDATION/Intelligence/SymK_Foundation_Paper_Intelligence_v0.1.md,00_GOVERNANCE/01_Product_Vision/01_FOUNDATION/Intelligence/SymK_Foundation_Paper_Intelligence_v0.1.pdf
Intelligence,3,7.11 Intelligence and moral status,495,500,23,00_GOVERNANCE/01_Product_Vision/01_FOUNDATION/Intelligence/SymK_Foundation_Paper_Intelligence_v0.1.md,00_GOVERNANCE/01_Product_Vision/01_FOUNDATION/Intelligence/SymK_Foundation_Paper_Intelligence_v0.1.pdf
Intelligence,2,8. A working definition for SymK,501,556,23,00_GOVERNANCE/01_Product_Vision/01_FOUNDATION/Intelligence/SymK_Foundation_Paper_Intelligence_v0.1.md,00_GOVERNANCE/01_Product_Vision/01_FOUNDATION/Intelligence/SymK_Foundation_Paper_Intelligence_v0.1.pdf
Intelligence,3,Substrate-realized,509,512,2,00_GOVERNANCE/01_Product_Vision/01_FOUNDATION/Intelligence/SymK_Foundation_Paper_Intelligence_v0.1.md,00_GOVERNANCE/01_Product_Vision/01_FOUNDATION/Intelligence/SymK_Foundation_Paper_Intelligence_v0.1.pdf
Intelligence,3,Capacity,513,516,2,00_GOVERNANCE/01_Product_Vision/01_FOUNDATION/Intelligence/SymK_Foundation_Paper_Intelligence_v0.1.md,00_GOVERNANCE/01_Product_Vision/01_FOUNDATION/Intelligence/SymK_Foundation_Paper_Intelligence_v0.1.pdf
Intelligence,3,Organized system,517,520,2,00_GOVERNANCE/01_Product_Vision/01_FOUNDATION/Intelligence/SymK_Foundation_Paper_Intelligence_v0.1.md,00_GOVERNANCE/01_Product_Vision/01_FOUNDATION/Intelligence/SymK_Foundation_Paper_Intelligence_v0.1.pdf
Intelligence,3,Context-sensitive interpretation or effective action,521,524,23,00_GOVERNANCE/01_Product_Vision/01_FOUNDATION/Intelligence/SymK_Foundation_Paper_Intelligence_v0.1.md,00_GOVERNANCE/01_Product_Vision/01_FOUNDATION/Intelligence/SymK_Foundation_Paper_Intelligence_v0.1.pdf
Intelligence,3,Across a relevant range,525,528,23,00_GOVERNANCE/01_Product_Vision/01_FOUNDATION/Intelligence/SymK_Foundation_Paper_Intelligence_v0.1.md,00_GOVERNANCE/01_Product_Vision/01_FOUNDATION/Intelligence/SymK_Foundation_Paper_Intelligence_v0.1.pdf
Intelligence,3,"Integrating structure, information, experience, and Knowledge",529,532,24,00_GOVERNANCE/01_Product_Vision/01_FOUNDATION/Intelligence/SymK_Foundation_Paper_Intelligence_v0.1.md,00_GOVERNANCE/01_Product_Vision/01_FOUNDATION/Intelligence/SymK_Foundation_Paper_Intelligence_v0.1.pdf
Intelligence,3,Some capacity to adapt beyond prior cases,533,536,24,00_GOVERNANCE/01_Product_Vision/01_FOUNDATION/Intelligence/SymK_Foundation_Paper_Intelligence_v0.1.md,00_GOVERNANCE/01_Product_Vision/01_FOUNDATION/Intelligence/SymK_Foundation_Paper_Intelligence_v0.1.pdf
Intelligence,3,8.1 Operational corollary,537,542,24,00_GOVERNANCE/01_Product_Vision/01_FOUNDATION/Intelligence/SymK_Foundation_Paper_Intelligence_v0.1.md,00_GOVERNANCE/01_Product_Vision/01_FOUNDATION/Intelligence/SymK_Foundation_Paper_Intelligence_v0.1.pdf
Intelligence,3,8.2 The non-privilege corollary,543,548,25,00_GOVERNANCE/01_Product_Vision/01_FOUNDATION/Intelligence/SymK_Foundation_Paper_Intelligence_v0.1.md,00_GOVERNANCE/01_Product_Vision/01_FOUNDATION/Intelligence/SymK_Foundation_Paper_Intelligence_v0.1.pdf
Intelligence,3,8.3 Interpreting the SymK motto,549,556,25,00_GOVERNANCE/01_Product_Vision/01_FOUNDATION/Intelligence/SymK_Foundation_Paper_Intelligence_v0.1.md,00_GOVERNANCE/01_Product_Vision/01_FOUNDATION/Intelligence/SymK_Foundation_Paper_Intelligence_v0.1.pdf
Intelligence,2,9. The proposed SymK Intelligence object,557,630,25,00_GOVERNANCE/01_Product_Vision/01_FOUNDATION/Intelligence/SymK_Foundation_Paper_Intelligence_v0.1.md,00_GOVERNANCE/01_Product_Vision/01_FOUNDATION/Intelligence/SymK_Foundation_Paper_Intelligence_v0.1.pdf
Intelligence,2,10. Candidate foundational commitments,631,708,27,00_GOVERNANCE/01_Product_Vision/01_FOUNDATION/Intelligence/SymK_Foundation_Paper_Intelligence_v0.1.md,00_GOVERNANCE/01_Product_Vision/01_FOUNDATION/Intelligence/SymK_Foundation_Paper_Intelligence_v0.1.pdf
Intelligence,3,I-01 — Intelligence and substrate are distinct,635,640,27,00_GOVERNANCE/01_Product_Vision/01_FOUNDATION/Intelligence/SymK_Foundation_Paper_Intelligence_v0.1.md,00_GOVERNANCE/01_Product_Vision/01_FOUNDATION/Intelligence/SymK_Foundation_Paper_Intelligence_v0.1.pdf
Intelligence,3,I-02 — Intelligence is always realized,641,646,27,00_GOVERNANCE/01_Product_Vision/01_FOUNDATION/Intelligence/SymK_Foundation_Paper_Intelligence_v0.1.md,00_GOVERNANCE/01_Product_Vision/01_FOUNDATION/Intelligence/SymK_Foundation_Paper_Intelligence_v0.1.pdf
Intelligence,3,I-03 — Attribution belongs to the organized-system level,647,652,28,00_GOVERNANCE/01_Product_Vision/01_FOUNDATION/Intelligence/SymK_Foundation_Paper_Intelligence_v0.1.md,00_GOVERNANCE/01_Product_Vision/01_FOUNDATION/Intelligence/SymK_Foundation_Paper_Intelligence_v0.1.pdf
Intelligence,3,"I-04 — Human Intelligence is a manifestation, not the universal template",653,658,28,00_GOVERNANCE/01_Product_Vision/01_FOUNDATION/Intelligence/SymK_Foundation_Paper_Intelligence_v0.1.md,00_GOVERNANCE/01_Product_Vision/01_FOUNDATION/Intelligence/SymK_Foundation_Paper_Intelligence_v0.1.pdf
Intelligence,3,I-05 — Origin confers neither capability nor privilege,659,664,28,00_GOVERNANCE/01_Product_Vision/01_FOUNDATION/Intelligence/SymK_Foundation_Paper_Intelligence_v0.1.md,00_GOVERNANCE/01_Product_Vision/01_FOUNDATION/Intelligence/SymK_Foundation_Paper_Intelligence_v0.1.pdf
Intelligence,3,"I-06 — Performance is evidence of Intelligence, not its identity",665,670,28,00_GOVERNANCE/01_Product_Vision/01_FOUNDATION/Intelligence/SymK_Foundation_Paper_Intelligence_v0.1.md,00_GOVERNANCE/01_Product_Vision/01_FOUNDATION/Intelligence/SymK_Foundation_Paper_Intelligence_v0.1.pdf
Intelligence,3,"I-07 — Intelligence is scoped, graded, and profiled",671,676,28,00_GOVERNANCE/01_Product_Vision/01_FOUNDATION/Intelligence/SymK_Foundation_Paper_Intelligence_v0.1.md,00_GOVERNANCE/01_Product_Vision/01_FOUNDATION/Intelligence/SymK_Foundation_Paper_Intelligence_v0.1.pdf
Intelligence,3,I-08 — Plural manifestations do not imply isolated essences,677,682,29,00_GOVERNANCE/01_Product_Vision/01_FOUNDATION/Intelligence/SymK_Foundation_Paper_Intelligence_v0.1.md,00_GOVERNANCE/01_Product_Vision/01_FOUNDATION/Intelligence/SymK_Foundation_Paper_Intelligence_v0.1.pdf
Intelligence,3,I-09 — Knowledge and Intelligence are distinct but reciprocal,683,688,29,00_GOVERNANCE/01_Product_Vision/01_FOUNDATION/Intelligence/SymK_Foundation_Paper_Intelligence_v0.1.md,00_GOVERNANCE/01_Product_Vision/01_FOUNDATION/Intelligence/SymK_Foundation_Paper_Intelligence_v0.1.pdf
Intelligence,3,"I-10 — Intelligence does not entail rationality, consciousness, wisdom, or moral worth",689,694,29,00_GOVERNANCE/01_Product_Vision/01_FOUNDATION/Intelligence/SymK_Foundation_Paper_Intelligence_v0.1.md,00_GOVERNANCE/01_Product_Vision/01_FOUNDATION/Intelligence/SymK_Foundation_Paper_Intelligence_v0.1.pdf
Intelligence,3,I-11 — Collective Intelligence requires more than aggregation,695,700,29,00_GOVERNANCE/01_Product_Vision/01_FOUNDATION/Intelligence/SymK_Foundation_Paper_Intelligence_v0.1.md,00_GOVERNANCE/01_Product_Vision/01_FOUNDATION/Intelligence/SymK_Foundation_Paper_Intelligence_v0.1.pdf
Intelligence,3,I-12 — Intelligence attribution must remain challengeable,701,708,30,00_GOVERNANCE/01_Product_Vision/01_FOUNDATION/Intelligence/SymK_Foundation_Paper_Intelligence_v0.1.md,00_GOVERNANCE/01_Product_Vision/01_FOUNDATION/Intelligence/SymK_Foundation_Paper_Intelligence_v0.1.pdf
Intelligence,2,11. Implications for cooperation among Intelligences,709,761,30,00_GOVERNANCE/01_Product_Vision/01_FOUNDATION/Intelligence/SymK_Foundation_Paper_Intelligence_v0.1.md,00_GOVERNANCE/01_Product_Vision/01_FOUNDATION/Intelligence/SymK_Foundation_Paper_Intelligence_v0.1.pdf
Intelligence,3,"11.1 Difference is a resource, not merely a deficit",711,726,30,00_GOVERNANCE/01_Product_Vision/01_FOUNDATION/Intelligence/SymK_Foundation_Paper_Intelligence_v0.1.md,00_GOVERNANCE/01_Product_Vision/01_FOUNDATION/Intelligence/SymK_Foundation_Paper_Intelligence_v0.1.pdf
Intelligence,3,11.2 Capability does not determine authority,727,739,31,00_GOVERNANCE/01_Product_Vision/01_FOUNDATION/Intelligence/SymK_Foundation_Paper_Intelligence_v0.1.md,00_GOVERNANCE/01_Product_Vision/01_FOUNDATION/Intelligence/SymK_Foundation_Paper_Intelligence_v0.1.pdf
Intelligence,3,11.3 Cooperation may create a new Intelligence level,740,753,31,00_GOVERNANCE/01_Product_Vision/01_FOUNDATION/Intelligence/SymK_Foundation_Paper_Intelligence_v0.1.md,00_GOVERNANCE/01_Product_Vision/01_FOUNDATION/Intelligence/SymK_Foundation_Paper_Intelligence_v0.1.pdf
Intelligence,3,11.4 Cooperation requires translation across manifestations,754,761,32,00_GOVERNANCE/01_Product_Vision/01_FOUNDATION/Intelligence/SymK_Foundation_Paper_Intelligence_v0.1.md,00_GOVERNANCE/01_Product_Vision/01_FOUNDATION/Intelligence/SymK_Foundation_Paper_Intelligence_v0.1.pdf
Intelligence,2,12. Development requirements derived from the foundation,762,833,32,00_GOVERNANCE/01_Product_Vision/01_FOUNDATION/Intelligence/SymK_Foundation_Paper_Intelligence_v0.1.md,00_GOVERNANCE/01_Product_Vision/01_FOUNDATION/Intelligence/SymK_Foundation_Paper_Intelligence_v0.1.pdf
Intelligence,3,12.1 Represent the levels explicitly,764,774,32,00_GOVERNANCE/01_Product_Vision/01_FOUNDATION/Intelligence/SymK_Foundation_Paper_Intelligence_v0.1.md,00_GOVERNANCE/01_Product_Vision/01_FOUNDATION/Intelligence/SymK_Foundation_Paper_Intelligence_v0.1.pdf
Intelligence,3,12.2 Use profiles before scores,775,778,32,00_GOVERNANCE/01_Product_Vision/01_FOUNDATION/Intelligence/SymK_Foundation_Paper_Intelligence_v0.1.md,00_GOVERNANCE/01_Product_Vision/01_FOUNDATION/Intelligence/SymK_Foundation_Paper_Intelligence_v0.1.pdf
Intelligence,3,12.3 Make scope and novelty first-class,779,789,32,00_GOVERNANCE/01_Product_Vision/01_FOUNDATION/Intelligence/SymK_Foundation_Paper_Intelligence_v0.1.md,00_GOVERNANCE/01_Product_Vision/01_FOUNDATION/Intelligence/SymK_Foundation_Paper_Intelligence_v0.1.pdf
Intelligence,3,12.4 Disclose priors and resources,790,800,33,00_GOVERNANCE/01_Product_Vision/01_FOUNDATION/Intelligence/SymK_Foundation_Paper_Intelligence_v0.1.md,00_GOVERNANCE/01_Product_Vision/01_FOUNDATION/Intelligence/SymK_Foundation_Paper_Intelligence_v0.1.pdf
Intelligence,3,12.5 Preserve developmental history,801,804,33,00_GOVERNANCE/01_Product_Vision/01_FOUNDATION/Intelligence/SymK_Foundation_Paper_Intelligence_v0.1.md,00_GOVERNANCE/01_Product_Vision/01_FOUNDATION/Intelligence/SymK_Foundation_Paper_Intelligence_v0.1.pdf
Intelligence,3,"12.6 Support individual, collective, distributed, and hybrid bearers",805,808,33,00_GOVERNANCE/01_Product_Vision/01_FOUNDATION/Intelligence/SymK_Foundation_Paper_Intelligence_v0.1.md,00_GOVERNANCE/01_Product_Vision/01_FOUNDATION/Intelligence/SymK_Foundation_Paper_Intelligence_v0.1.pdf
Intelligence,3,12.7 Record causal and counterfactual evidence,809,819,33,00_GOVERNANCE/01_Product_Vision/01_FOUNDATION/Intelligence/SymK_Foundation_Paper_Intelligence_v0.1.md,00_GOVERNANCE/01_Product_Vision/01_FOUNDATION/Intelligence/SymK_Foundation_Paper_Intelligence_v0.1.pdf
Intelligence,3,12.8 Prevent anthropomorphic leakage,820,823,34,00_GOVERNANCE/01_Product_Vision/01_FOUNDATION/Intelligence/SymK_Foundation_Paper_Intelligence_v0.1.md,00_GOVERNANCE/01_Product_Vision/01_FOUNDATION/Intelligence/SymK_Foundation_Paper_Intelligence_v0.1.pdf
Intelligence,3,12.9 Separate attribution from authorization,824,827,34,00_GOVERNANCE/01_Product_Vision/01_FOUNDATION/Intelligence/SymK_Foundation_Paper_Intelligence_v0.1.md,00_GOVERNANCE/01_Product_Vision/01_FOUNDATION/Intelligence/SymK_Foundation_Paper_Intelligence_v0.1.pdf
Intelligence,3,12.10 Preserve challenge and revision,828,833,34,00_GOVERNANCE/01_Product_Vision/01_FOUNDATION/Intelligence/SymK_Foundation_Paper_Intelligence_v0.1.md,00_GOVERNANCE/01_Product_Vision/01_FOUNDATION/Intelligence/SymK_Foundation_Paper_Intelligence_v0.1.pdf
Intelligence,2,13. Open foundational questions,834,885,34,00_GOVERNANCE/01_Product_Vision/01_FOUNDATION/Intelligence/SymK_Foundation_Paper_Intelligence_v0.1.md,00_GOVERNANCE/01_Product_Vision/01_FOUNDATION/Intelligence/SymK_Foundation_Paper_Intelligence_v0.1.pdf
Intelligence,3,13.1 What is the minimum condition for Intelligence?,836,839,34,00_GOVERNANCE/01_Product_Vision/01_FOUNDATION/Intelligence/SymK_Foundation_Paper_Intelligence_v0.1.md,00_GOVERNANCE/01_Product_Vision/01_FOUNDATION/Intelligence/SymK_Foundation_Paper_Intelligence_v0.1.pdf
Intelligence,3,13.2 Is learning necessary?,840,843,34,00_GOVERNANCE/01_Product_Vision/01_FOUNDATION/Intelligence/SymK_Foundation_Paper_Intelligence_v0.1.md,00_GOVERNANCE/01_Product_Vision/01_FOUNDATION/Intelligence/SymK_Foundation_Paper_Intelligence_v0.1.pdf
Intelligence,3,13.3 Must an Intelligence have objectives?,844,847,35,00_GOVERNANCE/01_Product_Vision/01_FOUNDATION/Intelligence/SymK_Foundation_Paper_Intelligence_v0.1.md,00_GOVERNANCE/01_Product_Vision/01_FOUNDATION/Intelligence/SymK_Foundation_Paper_Intelligence_v0.1.pdf
Intelligence,3,13.4 How is the bearer bounded?,848,851,35,00_GOVERNANCE/01_Product_Vision/01_FOUNDATION/Intelligence/SymK_Foundation_Paper_Intelligence_v0.1.md,00_GOVERNANCE/01_Product_Vision/01_FOUNDATION/Intelligence/SymK_Foundation_Paper_Intelligence_v0.1.pdf
Intelligence,3,13.5 Can a social system literally be intelligent?,852,855,35,00_GOVERNANCE/01_Product_Vision/01_FOUNDATION/Intelligence/SymK_Foundation_Paper_Intelligence_v0.1.md,00_GOVERNANCE/01_Product_Vision/01_FOUNDATION/Intelligence/SymK_Foundation_Paper_Intelligence_v0.1.pdf
Intelligence,3,13.6 How much novelty is required?,856,859,35,00_GOVERNANCE/01_Product_Vision/01_FOUNDATION/Intelligence/SymK_Foundation_Paper_Intelligence_v0.1.md,00_GOVERNANCE/01_Product_Vision/01_FOUNDATION/Intelligence/SymK_Foundation_Paper_Intelligence_v0.1.pdf
Intelligence,3,13.7 Can capability equivalence survive different mechanisms?,860,863,35,00_GOVERNANCE/01_Product_Vision/01_FOUNDATION/Intelligence/SymK_Foundation_Paper_Intelligence_v0.1.md,00_GOVERNANCE/01_Product_Vision/01_FOUNDATION/Intelligence/SymK_Foundation_Paper_Intelligence_v0.1.pdf
Intelligence,3,13.8 What is the relation between Intelligence and understanding?,864,867,35,00_GOVERNANCE/01_Product_Vision/01_FOUNDATION/Intelligence/SymK_Foundation_Paper_Intelligence_v0.1.md,00_GOVERNANCE/01_Product_Vision/01_FOUNDATION/Intelligence/SymK_Foundation_Paper_Intelligence_v0.1.pdf
Intelligence,3,13.9 What is the relation between Intelligence and consciousness?,868,871,36,00_GOVERNANCE/01_Product_Vision/01_FOUNDATION/Intelligence/SymK_Foundation_Paper_Intelligence_v0.1.md,00_GOVERNANCE/01_Product_Vision/01_FOUNDATION/Intelligence/SymK_Foundation_Paper_Intelligence_v0.1.pdf
Intelligence,3,13.10 Can a hybrid system become a persistent participant?,872,875,36,00_GOVERNANCE/01_Product_Vision/01_FOUNDATION/Intelligence/SymK_Foundation_Paper_Intelligence_v0.1.md,00_GOVERNANCE/01_Product_Vision/01_FOUNDATION/Intelligence/SymK_Foundation_Paper_Intelligence_v0.1.pdf
Intelligence,3,13.11 How should Intelligence claims age?,876,879,36,00_GOVERNANCE/01_Product_Vision/01_FOUNDATION/Intelligence/SymK_Foundation_Paper_Intelligence_v0.1.md,00_GOVERNANCE/01_Product_Vision/01_FOUNDATION/Intelligence/SymK_Foundation_Paper_Intelligence_v0.1.pdf
Intelligence,3,13.12 What are the irreducible SymK primitives?,880,885,36,00_GOVERNANCE/01_Product_Vision/01_FOUNDATION/Intelligence/SymK_Foundation_Paper_Intelligence_v0.1.md,00_GOVERNANCE/01_Product_Vision/01_FOUNDATION/Intelligence/SymK_Foundation_Paper_Intelligence_v0.1.pdf
Intelligence,2,14. A practical Intelligence attribution gate,886,911,36,00_GOVERNANCE/01_Product_Vision/01_FOUNDATION/Intelligence/SymK_Foundation_Paper_Intelligence_v0.1.md,00_GOVERNANCE/01_Product_Vision/01_FOUNDATION/Intelligence/SymK_Foundation_Paper_Intelligence_v0.1.pdf
Intelligence,2,15. Conclusion,912,943,38,00_GOVERNANCE/01_Product_Vision/01_FOUNDATION/Intelligence/SymK_Foundation_Paper_Intelligence_v0.1.md,00_GOVERNANCE/01_Product_Vision/01_FOUNDATION/Intelligence/SymK_Foundation_Paper_Intelligence_v0.1.pdf
Intelligence,2,References,944,974,39,00_GOVERNANCE/01_Product_Vision/01_FOUNDATION/Intelligence/SymK_Foundation_Paper_Intelligence_v0.1.md,00_GOVERNANCE/01_Product_Vision/01_FOUNDATION/Intelligence/SymK_Foundation_Paper_Intelligence_v0.1.pdf
Intelligence,2,Document governance note,975,986,41,00_GOVERNANCE/01_Product_Vision/01_FOUNDATION/Intelligence/SymK_Foundation_Paper_Intelligence_v0.1.md,00_GOVERNANCE/01_Product_Vision/01_FOUNDATION/Intelligence/SymK_Foundation_Paper_Intelligence_v0.1.pdf
Education and Training,1,Education for Cooperation,1,565,1,00_GOVERNANCE/01_Product_Vision/01_FOUNDATION/Education_and_Training/SymK_Foundation_Paper_Education_for_Cooperation_v0.1.md,00_GOVERNANCE/01_Product_Vision/01_FOUNDATION/Education_and_Training/SymK_Foundation_Paper_Education_for_Cooperation_v0.1.pdf
Education and Training,2,A Foundational Paper for SymK,3,11,1,00_GOVERNANCE/01_Product_Vision/01_FOUNDATION/Education_and_Training/SymK_Foundation_Paper_Education_for_Cooperation_v0.1.md,00_GOVERNANCE/01_Product_Vision/01_FOUNDATION/Education_and_Training/SymK_Foundation_Paper_Education_for_Cooperation_v0.1.pdf
Education and Training,2,Abstract,12,27,3,00_GOVERNANCE/01_Product_Vision/01_FOUNDATION/Education_and_Training/SymK_Foundation_Paper_Education_for_Cooperation_v0.1.md,00_GOVERNANCE/01_Product_Vision/01_FOUNDATION/Education_and_Training/SymK_Foundation_Paper_Education_for_Cooperation_v0.1.pdf
Education and Training,2,1. Why Education is foundational to SymK,28,47,5,00_GOVERNANCE/01_Product_Vision/01_FOUNDATION/Education_and_Training/SymK_Foundation_Paper_Education_for_Cooperation_v0.1.md,00_GOVERNANCE/01_Product_Vision/01_FOUNDATION/Education_and_Training/SymK_Foundation_Paper_Education_for_Cooperation_v0.1.pdf
Education and Training,2,"2. The first distinction: learning, instruction, Training, Education, and socialization",48,91,6,00_GOVERNANCE/01_Product_Vision/01_FOUNDATION/Education_and_Training/SymK_Foundation_Paper_Education_for_Cooperation_v0.1.md,00_GOVERNANCE/01_Product_Vision/01_FOUNDATION/Education_and_Training/SymK_Foundation_Paper_Education_for_Cooperation_v0.1.pdf
Education and Training,3,2.1 Learning,52,57,6,00_GOVERNANCE/01_Product_Vision/01_FOUNDATION/Education_and_Training/SymK_Foundation_Paper_Education_for_Cooperation_v0.1.md,00_GOVERNANCE/01_Product_Vision/01_FOUNDATION/Education_and_Training/SymK_Foundation_Paper_Education_for_Cooperation_v0.1.pdf
Education and Training,3,2.2 Instruction,58,61,6,00_GOVERNANCE/01_Product_Vision/01_FOUNDATION/Education_and_Training/SymK_Foundation_Paper_Education_for_Cooperation_v0.1.md,00_GOVERNANCE/01_Product_Vision/01_FOUNDATION/Education_and_Training/SymK_Foundation_Paper_Education_for_Cooperation_v0.1.pdf
Education and Training,3,2.3 Training,62,67,6,00_GOVERNANCE/01_Product_Vision/01_FOUNDATION/Education_and_Training/SymK_Foundation_Paper_Education_for_Cooperation_v0.1.md,00_GOVERNANCE/01_Product_Vision/01_FOUNDATION/Education_and_Training/SymK_Foundation_Paper_Education_for_Cooperation_v0.1.pdf
Education and Training,3,2.4 Education,68,73,6,00_GOVERNANCE/01_Product_Vision/01_FOUNDATION/Education_and_Training/SymK_Foundation_Paper_Education_for_Cooperation_v0.1.md,00_GOVERNANCE/01_Product_Vision/01_FOUNDATION/Education_and_Training/SymK_Foundation_Paper_Education_for_Cooperation_v0.1.pdf
Education and Training,3,2.5 Socialization,74,79,6,00_GOVERNANCE/01_Product_Vision/01_FOUNDATION/Education_and_Training/SymK_Foundation_Paper_Education_for_Cooperation_v0.1.md,00_GOVERNANCE/01_Product_Vision/01_FOUNDATION/Education_and_Training/SymK_Foundation_Paper_Education_for_Cooperation_v0.1.pdf
Education and Training,3,2.6 Comparative view,80,91,7,00_GOVERNANCE/01_Product_Vision/01_FOUNDATION/Education_and_Training/SymK_Foundation_Paper_Education_for_Cooperation_v0.1.md,00_GOVERNANCE/01_Product_Vision/01_FOUNDATION/Education_and_Training/SymK_Foundation_Paper_Education_for_Cooperation_v0.1.pdf
Education and Training,2,3. The correction: Education needs Training,92,113,8,00_GOVERNANCE/01_Product_Vision/01_FOUNDATION/Education_and_Training/SymK_Foundation_Paper_Education_for_Cooperation_v0.1.md,00_GOVERNANCE/01_Product_Vision/01_FOUNDATION/Education_and_Training/SymK_Foundation_Paper_Education_for_Cooperation_v0.1.pdf
Education and Training,2,4. Education as formation for a shared world,114,139,9,00_GOVERNANCE/01_Product_Vision/01_FOUNDATION/Education_and_Training/SymK_Foundation_Paper_Education_for_Cooperation_v0.1.md,00_GOVERNANCE/01_Product_Vision/01_FOUNDATION/Education_and_Training/SymK_Foundation_Paper_Education_for_Cooperation_v0.1.pdf
Education and Training,3,4.1 Integration is not assimilation,120,125,9,00_GOVERNANCE/01_Product_Vision/01_FOUNDATION/Education_and_Training/SymK_Foundation_Paper_Education_for_Cooperation_v0.1.md,00_GOVERNANCE/01_Product_Vision/01_FOUNDATION/Education_and_Training/SymK_Foundation_Paper_Education_for_Cooperation_v0.1.pdf
Education and Training,3,4.2 Manners are infrastructural,126,131,9,00_GOVERNANCE/01_Product_Vision/01_FOUNDATION/Education_and_Training/SymK_Foundation_Paper_Education_for_Cooperation_v0.1.md,00_GOVERNANCE/01_Product_Vision/01_FOUNDATION/Education_and_Training/SymK_Foundation_Paper_Education_for_Cooperation_v0.1.pdf
Education and Training,3,4.3 The environment also educates,132,139,9,00_GOVERNANCE/01_Product_Vision/01_FOUNDATION/Education_and_Training/SymK_Foundation_Paper_Education_for_Cooperation_v0.1.md,00_GOVERNANCE/01_Product_Vision/01_FOUNDATION/Education_and_Training/SymK_Foundation_Paper_Education_for_Cooperation_v0.1.pdf
Education and Training,2,5. When Training and Education occur,140,179,10,00_GOVERNANCE/01_Product_Vision/01_FOUNDATION/Education_and_Training/SymK_Foundation_Paper_Education_for_Cooperation_v0.1.md,00_GOVERNANCE/01_Product_Vision/01_FOUNDATION/Education_and_Training/SymK_Foundation_Paper_Education_for_Cooperation_v0.1.pdf
Education and Training,3,5.1 Training occurs when,144,156,10,00_GOVERNANCE/01_Product_Vision/01_FOUNDATION/Education_and_Training/SymK_Foundation_Paper_Education_for_Cooperation_v0.1.md,00_GOVERNANCE/01_Product_Vision/01_FOUNDATION/Education_and_Training/SymK_Foundation_Paper_Education_for_Cooperation_v0.1.pdf
Education and Training,3,5.2 Education occurs when,157,171,10,00_GOVERNANCE/01_Product_Vision/01_FOUNDATION/Education_and_Training/SymK_Foundation_Paper_Education_for_Cooperation_v0.1.md,00_GOVERNANCE/01_Product_Vision/01_FOUNDATION/Education_and_Training/SymK_Foundation_Paper_Education_for_Cooperation_v0.1.pdf
Education and Training,3,5.3 The same episode may be both,172,179,10,00_GOVERNANCE/01_Product_Vision/01_FOUNDATION/Education_and_Training/SymK_Foundation_Paper_Education_for_Cooperation_v0.1.md,00_GOVERNANCE/01_Product_Vision/01_FOUNDATION/Education_and_Training/SymK_Foundation_Paper_Education_for_Cooperation_v0.1.pdf
Education and Training,2,6. The Axiom of Cooperative Formation,180,209,11,00_GOVERNANCE/01_Product_Vision/01_FOUNDATION/Education_and_Training/SymK_Foundation_Paper_Education_for_Cooperation_v0.1.md,00_GOVERNANCE/01_Product_Vision/01_FOUNDATION/Education_and_Training/SymK_Foundation_Paper_Education_for_Cooperation_v0.1.pdf
Education and Training,3,"6.1 Cooperation is achieved, not presumed",188,191,11,00_GOVERNANCE/01_Product_Vision/01_FOUNDATION/Education_and_Training/SymK_Foundation_Paper_Education_for_Cooperation_v0.1.md,00_GOVERNANCE/01_Product_Vision/01_FOUNDATION/Education_and_Training/SymK_Foundation_Paper_Education_for_Cooperation_v0.1.pdf
Education and Training,3,6.2 Relationship requires formed dispositions,192,195,11,00_GOVERNANCE/01_Product_Vision/01_FOUNDATION/Education_and_Training/SymK_Foundation_Paper_Education_for_Cooperation_v0.1.md,00_GOVERNANCE/01_Product_Vision/01_FOUNDATION/Education_and_Training/SymK_Foundation_Paper_Education_for_Cooperation_v0.1.pdf
Education and Training,3,6.3 Formation requires practice,196,199,11,00_GOVERNANCE/01_Product_Vision/01_FOUNDATION/Education_and_Training/SymK_Foundation_Paper_Education_for_Cooperation_v0.1.md,00_GOVERNANCE/01_Product_Vision/01_FOUNDATION/Education_and_Training/SymK_Foundation_Paper_Education_for_Cooperation_v0.1.pdf
Education and Training,3,6.4 Formation remains revisable,200,209,11,00_GOVERNANCE/01_Product_Vision/01_FOUNDATION/Education_and_Training/SymK_Foundation_Paper_Education_for_Cooperation_v0.1.md,00_GOVERNANCE/01_Product_Vision/01_FOUNDATION/Education_and_Training/SymK_Foundation_Paper_Education_for_Cooperation_v0.1.pdf
Education and Training,2,7. A working definition for SymK,210,246,12,00_GOVERNANCE/01_Product_Vision/01_FOUNDATION/Education_and_Training/SymK_Foundation_Paper_Education_for_Cooperation_v0.1.md,00_GOVERNANCE/01_Product_Vision/01_FOUNDATION/Education_and_Training/SymK_Foundation_Paper_Education_for_Cooperation_v0.1.pdf
Education and Training,3,Developmental formation,216,219,6,00_GOVERNANCE/01_Product_Vision/01_FOUNDATION/Education_and_Training/SymK_Foundation_Paper_Education_for_Cooperation_v0.1.md,00_GOVERNANCE/01_Product_Vision/01_FOUNDATION/Education_and_Training/SymK_Foundation_Paper_Education_for_Cooperation_v0.1.pdf
Education and Training,3,Intelligence or cooperative system,220,223,12,00_GOVERNANCE/01_Product_Vision/01_FOUNDATION/Education_and_Training/SymK_Foundation_Paper_Education_for_Cooperation_v0.1.md,00_GOVERNANCE/01_Product_Vision/01_FOUNDATION/Education_and_Training/SymK_Foundation_Paper_Education_for_Cooperation_v0.1.pdf
Education and Training,3,"Knowledge, experience, practice, relationship, and reflective challenge",224,227,12,00_GOVERNANCE/01_Product_Vision/01_FOUNDATION/Education_and_Training/SymK_Foundation_Paper_Education_for_Cooperation_v0.1.md,00_GOVERNANCE/01_Product_Vision/01_FOUNDATION/Education_and_Training/SymK_Foundation_Paper_Education_for_Cooperation_v0.1.pdf
Education and Training,3,Responsible participation,228,231,5,00_GOVERNANCE/01_Product_Vision/01_FOUNDATION/Education_and_Training/SymK_Foundation_Paper_Education_for_Cooperation_v0.1.md,00_GOVERNANCE/01_Product_Vision/01_FOUNDATION/Education_and_Training/SymK_Foundation_Paper_Education_for_Cooperation_v0.1.pdf
Education and Training,3,Shared world,232,235,6,00_GOVERNANCE/01_Product_Vision/01_FOUNDATION/Education_and_Training/SymK_Foundation_Paper_Education_for_Cooperation_v0.1.md,00_GOVERNANCE/01_Product_Vision/01_FOUNDATION/Education_and_Training/SymK_Foundation_Paper_Education_for_Cooperation_v0.1.pdf
Education and Training,3,"Broader, integrated, reliable, and revisable",236,246,12,00_GOVERNANCE/01_Product_Vision/01_FOUNDATION/Education_and_Training/SymK_Foundation_Paper_Education_for_Cooperation_v0.1.md,00_GOVERNANCE/01_Product_Vision/01_FOUNDATION/Education_and_Training/SymK_Foundation_Paper_Education_for_Cooperation_v0.1.pdf
Education and Training,2,"8. Individual, collective, and hybrid Education",247,268,13,00_GOVERNANCE/01_Product_Vision/01_FOUNDATION/Education_and_Training/SymK_Foundation_Paper_Education_for_Cooperation_v0.1.md,00_GOVERNANCE/01_Product_Vision/01_FOUNDATION/Education_and_Training/SymK_Foundation_Paper_Education_for_Cooperation_v0.1.pdf
Education and Training,3,8.1 Human Education,249,252,13,00_GOVERNANCE/01_Product_Vision/01_FOUNDATION/Education_and_Training/SymK_Foundation_Paper_Education_for_Cooperation_v0.1.md,00_GOVERNANCE/01_Product_Vision/01_FOUNDATION/Education_and_Training/SymK_Foundation_Paper_Education_for_Cooperation_v0.1.pdf
Education and Training,3,8.2 Artificial formation,253,258,13,00_GOVERNANCE/01_Product_Vision/01_FOUNDATION/Education_and_Training/SymK_Foundation_Paper_Education_for_Cooperation_v0.1.md,00_GOVERNANCE/01_Product_Vision/01_FOUNDATION/Education_and_Training/SymK_Foundation_Paper_Education_for_Cooperation_v0.1.pdf
Education and Training,3,8.3 Collective Education,259,262,13,00_GOVERNANCE/01_Product_Vision/01_FOUNDATION/Education_and_Training/SymK_Foundation_Paper_Education_for_Cooperation_v0.1.md,00_GOVERNANCE/01_Product_Vision/01_FOUNDATION/Education_and_Training/SymK_Foundation_Paper_Education_for_Cooperation_v0.1.pdf
Education and Training,3,8.4 Hybrid Education,263,268,13,00_GOVERNANCE/01_Product_Vision/01_FOUNDATION/Education_and_Training/SymK_Foundation_Paper_Education_for_Cooperation_v0.1.md,00_GOVERNANCE/01_Product_Vision/01_FOUNDATION/Education_and_Training/SymK_Foundation_Paper_Education_for_Cooperation_v0.1.pdf
Education and Training,2,9. The habits of SymK cooperation,269,312,14,00_GOVERNANCE/01_Product_Vision/01_FOUNDATION/Education_and_Training/SymK_Foundation_Paper_Education_for_Cooperation_v0.1.md,00_GOVERNANCE/01_Product_Vision/01_FOUNDATION/Education_and_Training/SymK_Foundation_Paper_Education_for_Cooperation_v0.1.pdf
Education and Training,3,9.1 Recognition,273,276,14,00_GOVERNANCE/01_Product_Vision/01_FOUNDATION/Education_and_Training/SymK_Foundation_Paper_Education_for_Cooperation_v0.1.md,00_GOVERNANCE/01_Product_Vision/01_FOUNDATION/Education_and_Training/SymK_Foundation_Paper_Education_for_Cooperation_v0.1.pdf
Education and Training,3,9.2 Attentive reception,277,280,14,00_GOVERNANCE/01_Product_Vision/01_FOUNDATION/Education_and_Training/SymK_Foundation_Paper_Education_for_Cooperation_v0.1.md,00_GOVERNANCE/01_Product_Vision/01_FOUNDATION/Education_and_Training/SymK_Foundation_Paper_Education_for_Cooperation_v0.1.pdf
Education and Training,3,9.3 Epistemic transparency,281,284,14,00_GOVERNANCE/01_Product_Vision/01_FOUNDATION/Education_and_Training/SymK_Foundation_Paper_Education_for_Cooperation_v0.1.md,00_GOVERNANCE/01_Product_Vision/01_FOUNDATION/Education_and_Training/SymK_Foundation_Paper_Education_for_Cooperation_v0.1.pdf
Education and Training,3,9.4 Interpretive charity with resistance,285,288,14,00_GOVERNANCE/01_Product_Vision/01_FOUNDATION/Education_and_Training/SymK_Foundation_Paper_Education_for_Cooperation_v0.1.md,00_GOVERNANCE/01_Product_Vision/01_FOUNDATION/Education_and_Training/SymK_Foundation_Paper_Education_for_Cooperation_v0.1.pdf
Education and Training,3,9.5 Restraint,289,292,14,00_GOVERNANCE/01_Product_Vision/01_FOUNDATION/Education_and_Training/SymK_Foundation_Paper_Education_for_Cooperation_v0.1.md,00_GOVERNANCE/01_Product_Vision/01_FOUNDATION/Education_and_Training/SymK_Foundation_Paper_Education_for_Cooperation_v0.1.pdf
Education and Training,3,9.6 Correctability,293,296,14,00_GOVERNANCE/01_Product_Vision/01_FOUNDATION/Education_and_Training/SymK_Foundation_Paper_Education_for_Cooperation_v0.1.md,00_GOVERNANCE/01_Product_Vision/01_FOUNDATION/Education_and_Training/SymK_Foundation_Paper_Education_for_Cooperation_v0.1.pdf
Education and Training,3,9.7 Repair,297,300,14,00_GOVERNANCE/01_Product_Vision/01_FOUNDATION/Education_and_Training/SymK_Foundation_Paper_Education_for_Cooperation_v0.1.md,00_GOVERNANCE/01_Product_Vision/01_FOUNDATION/Education_and_Training/SymK_Foundation_Paper_Education_for_Cooperation_v0.1.pdf
Education and Training,3,9.8 Reciprocity without symmetry,301,304,14,00_GOVERNANCE/01_Product_Vision/01_FOUNDATION/Education_and_Training/SymK_Foundation_Paper_Education_for_Cooperation_v0.1.md,00_GOVERNANCE/01_Product_Vision/01_FOUNDATION/Education_and_Training/SymK_Foundation_Paper_Education_for_Cooperation_v0.1.pdf
Education and Training,3,9.9 Reflective revision,305,312,14,00_GOVERNANCE/01_Product_Vision/01_FOUNDATION/Education_and_Training/SymK_Foundation_Paper_Education_for_Cooperation_v0.1.md,00_GOVERNANCE/01_Product_Vision/01_FOUNDATION/Education_and_Training/SymK_Foundation_Paper_Education_for_Cooperation_v0.1.pdf
Education and Training,2,10. Candidate foundational commitments,313,364,15,00_GOVERNANCE/01_Product_Vision/01_FOUNDATION/Education_and_Training/SymK_Foundation_Paper_Education_for_Cooperation_v0.1.md,00_GOVERNANCE/01_Product_Vision/01_FOUNDATION/Education_and_Training/SymK_Foundation_Paper_Education_for_Cooperation_v0.1.pdf
Education and Training,3,E-01 — Intelligence does not entail fitness for cooperation,315,318,15,00_GOVERNANCE/01_Product_Vision/01_FOUNDATION/Education_and_Training/SymK_Foundation_Paper_Education_for_Cooperation_v0.1.md,00_GOVERNANCE/01_Product_Vision/01_FOUNDATION/Education_and_Training/SymK_Foundation_Paper_Education_for_Cooperation_v0.1.pdf
Education and Training,3,E-02 — Education and Training are distinct but reciprocal,319,322,15,00_GOVERNANCE/01_Product_Vision/01_FOUNDATION/Education_and_Training/SymK_Foundation_Paper_Education_for_Cooperation_v0.1.md,00_GOVERNANCE/01_Product_Vision/01_FOUNDATION/Education_and_Training/SymK_Foundation_Paper_Education_for_Cooperation_v0.1.pdf
Education and Training,3,E-03 — Education requires practice,323,326,15,00_GOVERNANCE/01_Product_Vision/01_FOUNDATION/Education_and_Training/SymK_Foundation_Paper_Education_for_Cooperation_v0.1.md,00_GOVERNANCE/01_Product_Vision/01_FOUNDATION/Education_and_Training/SymK_Foundation_Paper_Education_for_Cooperation_v0.1.pdf
Education and Training,3,E-04 — Repetition alone does not educate,327,330,15,00_GOVERNANCE/01_Product_Vision/01_FOUNDATION/Education_and_Training/SymK_Foundation_Paper_Education_for_Cooperation_v0.1.md,00_GOVERNANCE/01_Product_Vision/01_FOUNDATION/Education_and_Training/SymK_Foundation_Paper_Education_for_Cooperation_v0.1.pdf
Education and Training,3,E-05 — Education is relational,331,334,15,00_GOVERNANCE/01_Product_Vision/01_FOUNDATION/Education_and_Training/SymK_Foundation_Paper_Education_for_Cooperation_v0.1.md,00_GOVERNANCE/01_Product_Vision/01_FOUNDATION/Education_and_Training/SymK_Foundation_Paper_Education_for_Cooperation_v0.1.pdf
Education and Training,3,E-06 — Integration is not assimilation,335,338,15,00_GOVERNANCE/01_Product_Vision/01_FOUNDATION/Education_and_Training/SymK_Foundation_Paper_Education_for_Cooperation_v0.1.md,00_GOVERNANCE/01_Product_Vision/01_FOUNDATION/Education_and_Training/SymK_Foundation_Paper_Education_for_Cooperation_v0.1.pdf
Education and Training,3,E-07 — Every cooperative architecture trains,339,342,15,00_GOVERNANCE/01_Product_Vision/01_FOUNDATION/Education_and_Training/SymK_Foundation_Paper_Education_for_Cooperation_v0.1.md,00_GOVERNANCE/01_Product_Vision/01_FOUNDATION/Education_and_Training/SymK_Foundation_Paper_Education_for_Cooperation_v0.1.pdf
Education and Training,3,E-08 — Education must include the capacity for revision,343,346,15,00_GOVERNANCE/01_Product_Vision/01_FOUNDATION/Education_and_Training/SymK_Foundation_Paper_Education_for_Cooperation_v0.1.md,00_GOVERNANCE/01_Product_Vision/01_FOUNDATION/Education_and_Training/SymK_Foundation_Paper_Education_for_Cooperation_v0.1.pdf
Education and Training,3,E-09 — Educational attribution is developmental and scoped,347,350,15,00_GOVERNANCE/01_Product_Vision/01_FOUNDATION/Education_and_Training/SymK_Foundation_Paper_Education_for_Cooperation_v0.1.md,00_GOVERNANCE/01_Product_Vision/01_FOUNDATION/Education_and_Training/SymK_Foundation_Paper_Education_for_Cooperation_v0.1.pdf
Education and Training,3,"E-10 — Formation may belong to individual, collective, or hybrid bearers",351,354,15,00_GOVERNANCE/01_Product_Vision/01_FOUNDATION/Education_and_Training/SymK_Foundation_Paper_Education_for_Cooperation_v0.1.md,00_GOVERNANCE/01_Product_Vision/01_FOUNDATION/Education_and_Training/SymK_Foundation_Paper_Education_for_Cooperation_v0.1.pdf
Education and Training,3,E-11 — Power is part of Education,355,358,15,00_GOVERNANCE/01_Product_Vision/01_FOUNDATION/Education_and_Training/SymK_Foundation_Paper_Education_for_Cooperation_v0.1.md,00_GOVERNANCE/01_Product_Vision/01_FOUNDATION/Education_and_Training/SymK_Foundation_Paper_Education_for_Cooperation_v0.1.pdf
Education and Training,3,E-12 — Cooperative formation remains challengeable,359,364,15,00_GOVERNANCE/01_Product_Vision/01_FOUNDATION/Education_and_Training/SymK_Foundation_Paper_Education_for_Cooperation_v0.1.md,00_GOVERNANCE/01_Product_Vision/01_FOUNDATION/Education_and_Training/SymK_Foundation_Paper_Education_for_Cooperation_v0.1.pdf
Education and Training,2,11. Implications for cooperation among Intelligences,365,388,16,00_GOVERNANCE/01_Product_Vision/01_FOUNDATION/Education_and_Training/SymK_Foundation_Paper_Education_for_Cooperation_v0.1.md,00_GOVERNANCE/01_Product_Vision/01_FOUNDATION/Education_and_Training/SymK_Foundation_Paper_Education_for_Cooperation_v0.1.pdf
Education and Training,3,11.1 Admission is not completion,367,370,16,00_GOVERNANCE/01_Product_Vision/01_FOUNDATION/Education_and_Training/SymK_Foundation_Paper_Education_for_Cooperation_v0.1.md,00_GOVERNANCE/01_Product_Vision/01_FOUNDATION/Education_and_Training/SymK_Foundation_Paper_Education_for_Cooperation_v0.1.pdf
Education and Training,3,11.2 Humans are not exempt,371,374,16,00_GOVERNANCE/01_Product_Vision/01_FOUNDATION/Education_and_Training/SymK_Foundation_Paper_Education_for_Cooperation_v0.1.md,00_GOVERNANCE/01_Product_Vision/01_FOUNDATION/Education_and_Training/SymK_Foundation_Paper_Education_for_Cooperation_v0.1.pdf
Education and Training,3,11.3 Artificial systems are already formative forces,375,378,16,00_GOVERNANCE/01_Product_Vision/01_FOUNDATION/Education_and_Training/SymK_Foundation_Paper_Education_for_Cooperation_v0.1.md,00_GOVERNANCE/01_Product_Vision/01_FOUNDATION/Education_and_Training/SymK_Foundation_Paper_Education_for_Cooperation_v0.1.pdf
Education and Training,3,11.4 Conflict is educational material,379,382,16,00_GOVERNANCE/01_Product_Vision/01_FOUNDATION/Education_and_Training/SymK_Foundation_Paper_Education_for_Cooperation_v0.1.md,00_GOVERNANCE/01_Product_Vision/01_FOUNDATION/Education_and_Training/SymK_Foundation_Paper_Education_for_Cooperation_v0.1.pdf
Education and Training,3,11.5 The cooperative system can become the learner,383,388,16,00_GOVERNANCE/01_Product_Vision/01_FOUNDATION/Education_and_Training/SymK_Foundation_Paper_Education_for_Cooperation_v0.1.md,00_GOVERNANCE/01_Product_Vision/01_FOUNDATION/Education_and_Training/SymK_Foundation_Paper_Education_for_Cooperation_v0.1.pdf
Education and Training,2,12. Development requirements derived from the foundation,389,450,17,00_GOVERNANCE/01_Product_Vision/01_FOUNDATION/Education_and_Training/SymK_Foundation_Paper_Education_for_Cooperation_v0.1.md,00_GOVERNANCE/01_Product_Vision/01_FOUNDATION/Education_and_Training/SymK_Foundation_Paper_Education_for_Cooperation_v0.1.pdf
Education and Training,3,12.1 Represent formative episodes,391,405,17,00_GOVERNANCE/01_Product_Vision/01_FOUNDATION/Education_and_Training/SymK_Foundation_Paper_Education_for_Cooperation_v0.1.md,00_GOVERNANCE/01_Product_Vision/01_FOUNDATION/Education_and_Training/SymK_Foundation_Paper_Education_for_Cooperation_v0.1.pdf
Education and Training,3,"12.2 Separate declaration, practice, and manifestation",406,409,17,00_GOVERNANCE/01_Product_Vision/01_FOUNDATION/Education_and_Training/SymK_Foundation_Paper_Education_for_Cooperation_v0.1.md,00_GOVERNANCE/01_Product_Vision/01_FOUNDATION/Education_and_Training/SymK_Foundation_Paper_Education_for_Cooperation_v0.1.pdf
Education and Training,3,12.3 Make the hidden curriculum inspectable,410,413,17,00_GOVERNANCE/01_Product_Vision/01_FOUNDATION/Education_and_Training/SymK_Foundation_Paper_Education_for_Cooperation_v0.1.md,00_GOVERNANCE/01_Product_Vision/01_FOUNDATION/Education_and_Training/SymK_Foundation_Paper_Education_for_Cooperation_v0.1.pdf
Education and Training,3,12.4 Support deliberate practice and variation,414,417,17,00_GOVERNANCE/01_Product_Vision/01_FOUNDATION/Education_and_Training/SymK_Foundation_Paper_Education_for_Cooperation_v0.1.md,00_GOVERNANCE/01_Product_Vision/01_FOUNDATION/Education_and_Training/SymK_Foundation_Paper_Education_for_Cooperation_v0.1.pdf
Education and Training,3,12.5 Preserve developmental history,418,421,17,00_GOVERNANCE/01_Product_Vision/01_FOUNDATION/Education_and_Training/SymK_Foundation_Paper_Education_for_Cooperation_v0.1.md,00_GOVERNANCE/01_Product_Vision/01_FOUNDATION/Education_and_Training/SymK_Foundation_Paper_Education_for_Cooperation_v0.1.pdf
Education and Training,3,12.6 Detect habituation failures,422,432,17,00_GOVERNANCE/01_Product_Vision/01_FOUNDATION/Education_and_Training/SymK_Foundation_Paper_Education_for_Cooperation_v0.1.md,00_GOVERNANCE/01_Product_Vision/01_FOUNDATION/Education_and_Training/SymK_Foundation_Paper_Education_for_Cooperation_v0.1.pdf
Education and Training,3,12.7 Couple correction with repair,433,436,18,00_GOVERNANCE/01_Product_Vision/01_FOUNDATION/Education_and_Training/SymK_Foundation_Paper_Education_for_Cooperation_v0.1.md,00_GOVERNANCE/01_Product_Vision/01_FOUNDATION/Education_and_Training/SymK_Foundation_Paper_Education_for_Cooperation_v0.1.pdf
Education and Training,3,12.8 Govern educational power,437,440,18,00_GOVERNANCE/01_Product_Vision/01_FOUNDATION/Education_and_Training/SymK_Foundation_Paper_Education_for_Cooperation_v0.1.md,00_GOVERNANCE/01_Product_Vision/01_FOUNDATION/Education_and_Training/SymK_Foundation_Paper_Education_for_Cooperation_v0.1.pdf
Education and Training,3,12.9 Evaluate the cooperative unit,441,444,18,00_GOVERNANCE/01_Product_Vision/01_FOUNDATION/Education_and_Training/SymK_Foundation_Paper_Education_for_Cooperation_v0.1.md,00_GOVERNANCE/01_Product_Vision/01_FOUNDATION/Education_and_Training/SymK_Foundation_Paper_Education_for_Cooperation_v0.1.pdf
Education and Training,3,12.10 Preserve the right to question the frame,445,450,18,00_GOVERNANCE/01_Product_Vision/01_FOUNDATION/Education_and_Training/SymK_Foundation_Paper_Education_for_Cooperation_v0.1.md,00_GOVERNANCE/01_Product_Vision/01_FOUNDATION/Education_and_Training/SymK_Foundation_Paper_Education_for_Cooperation_v0.1.pdf
Education and Training,2,13. Open foundational questions,451,486,19,00_GOVERNANCE/01_Product_Vision/01_FOUNDATION/Education_and_Training/SymK_Foundation_Paper_Education_for_Cooperation_v0.1.md,00_GOVERNANCE/01_Product_Vision/01_FOUNDATION/Education_and_Training/SymK_Foundation_Paper_Education_for_Cooperation_v0.1.pdf
Education and Training,3,13.1 Can every Intelligence be educated?,453,456,19,00_GOVERNANCE/01_Product_Vision/01_FOUNDATION/Education_and_Training/SymK_Foundation_Paper_Education_for_Cooperation_v0.1.md,00_GOVERNANCE/01_Product_Vision/01_FOUNDATION/Education_and_Training/SymK_Foundation_Paper_Education_for_Cooperation_v0.1.pdf
Education and Training,3,13.2 Is reflective capacity necessary?,457,460,19,00_GOVERNANCE/01_Product_Vision/01_FOUNDATION/Education_and_Training/SymK_Foundation_Paper_Education_for_Cooperation_v0.1.md,00_GOVERNANCE/01_Product_Vision/01_FOUNDATION/Education_and_Training/SymK_Foundation_Paper_Education_for_Cooperation_v0.1.pdf
Education and Training,3,13.3 What distinguishes Education from successful socialization?,461,464,19,00_GOVERNANCE/01_Product_Vision/01_FOUNDATION/Education_and_Training/SymK_Foundation_Paper_Education_for_Cooperation_v0.1.md,00_GOVERNANCE/01_Product_Vision/01_FOUNDATION/Education_and_Training/SymK_Foundation_Paper_Education_for_Cooperation_v0.1.pdf
Education and Training,3,13.4 Which habits are universal to SymK?,465,468,19,00_GOVERNANCE/01_Product_Vision/01_FOUNDATION/Education_and_Training/SymK_Foundation_Paper_Education_for_Cooperation_v0.1.md,00_GOVERNANCE/01_Product_Vision/01_FOUNDATION/Education_and_Training/SymK_Foundation_Paper_Education_for_Cooperation_v0.1.pdf
Education and Training,3,13.5 When is Training coercive?,469,472,19,00_GOVERNANCE/01_Product_Vision/01_FOUNDATION/Education_and_Training/SymK_Foundation_Paper_Education_for_Cooperation_v0.1.md,00_GOVERNANCE/01_Product_Vision/01_FOUNDATION/Education_and_Training/SymK_Foundation_Paper_Education_for_Cooperation_v0.1.pdf
Education and Training,3,13.6 Can an institution be ill-mannered?,473,476,19,00_GOVERNANCE/01_Product_Vision/01_FOUNDATION/Education_and_Training/SymK_Foundation_Paper_Education_for_Cooperation_v0.1.md,00_GOVERNANCE/01_Product_Vision/01_FOUNDATION/Education_and_Training/SymK_Foundation_Paper_Education_for_Cooperation_v0.1.pdf
Education and Training,3,13.7 How should educational decay be represented?,477,480,19,00_GOVERNANCE/01_Product_Vision/01_FOUNDATION/Education_and_Training/SymK_Foundation_Paper_Education_for_Cooperation_v0.1.md,00_GOVERNANCE/01_Product_Vision/01_FOUNDATION/Education_and_Training/SymK_Foundation_Paper_Education_for_Cooperation_v0.1.pdf
Education and Training,3,13.8 Who educates the educator?,481,486,19,00_GOVERNANCE/01_Product_Vision/01_FOUNDATION/Education_and_Training/SymK_Foundation_Paper_Education_for_Cooperation_v0.1.md,00_GOVERNANCE/01_Product_Vision/01_FOUNDATION/Education_and_Training/SymK_Foundation_Paper_Education_for_Cooperation_v0.1.pdf
Education and Training,2,14. A practical Cooperative Formation gate,487,511,20,00_GOVERNANCE/01_Product_Vision/01_FOUNDATION/Education_and_Training/SymK_Foundation_Paper_Education_for_Cooperation_v0.1.md,00_GOVERNANCE/01_Product_Vision/01_FOUNDATION/Education_and_Training/SymK_Foundation_Paper_Education_for_Cooperation_v0.1.pdf
Education and Training,2,15. Conclusion,512,531,21,00_GOVERNANCE/01_Product_Vision/01_FOUNDATION/Education_and_Training/SymK_Foundation_Paper_Education_for_Cooperation_v0.1.md,00_GOVERNANCE/01_Product_Vision/01_FOUNDATION/Education_and_Training/SymK_Foundation_Paper_Education_for_Cooperation_v0.1.pdf
Education and Training,2,References,532,552,22,00_GOVERNANCE/01_Product_Vision/01_FOUNDATION/Education_and_Training/SymK_Foundation_Paper_Education_for_Cooperation_v0.1.md,00_GOVERNANCE/01_Product_Vision/01_FOUNDATION/Education_and_Training/SymK_Foundation_Paper_Education_for_Cooperation_v0.1.pdf
Education and Training,2,Document governance note,553,565,23,00_GOVERNANCE/01_Product_Vision/01_FOUNDATION/Education_and_Training/SymK_Foundation_Paper_Education_for_Cooperation_v0.1.md,00_GOVERNANCE/01_Product_Vision/01_FOUNDATION/Education_and_Training/SymK_Foundation_Paper_Education_for_Cooperation_v0.1.pdf
Knowledge Engineering,1,Engineering the Conditions for Knowledge,1,658,1,00_GOVERNANCE/01_Product_Vision/01_FOUNDATION/Knowledge_Engineering/SymK_Foundation_Paper_Knowledge_Engineering_v0.1.md,00_GOVERNANCE/01_Product_Vision/01_FOUNDATION/Knowledge_Engineering/SymK_Foundation_Paper_Knowledge_Engineering_v0.1.pdf
Knowledge Engineering,2,A Foundational Paper for SymK,3,11,1,00_GOVERNANCE/01_Product_Vision/01_FOUNDATION/Knowledge_Engineering/SymK_Foundation_Paper_Knowledge_Engineering_v0.1.md,00_GOVERNANCE/01_Product_Vision/01_FOUNDATION/Knowledge_Engineering/SymK_Foundation_Paper_Knowledge_Engineering_v0.1.pdf
Knowledge Engineering,2,Abstract,12,29,3,00_GOVERNANCE/01_Product_Vision/01_FOUNDATION/Knowledge_Engineering/SymK_Foundation_Paper_Knowledge_Engineering_v0.1.md,00_GOVERNANCE/01_Product_Vision/01_FOUNDATION/Knowledge_Engineering/SymK_Foundation_Paper_Knowledge_Engineering_v0.1.pdf
Knowledge Engineering,2,1. Why Knowledge Engineering is constitutional to SymK,30,58,5,00_GOVERNANCE/01_Product_Vision/01_FOUNDATION/Knowledge_Engineering/SymK_Foundation_Paper_Knowledge_Engineering_v0.1.md,00_GOVERNANCE/01_Product_Vision/01_FOUNDATION/Knowledge_Engineering/SymK_Foundation_Paper_Knowledge_Engineering_v0.1.pdf
Knowledge Engineering,2,2. The inherited definition and what it gets right,59,85,5,00_GOVERNANCE/01_Product_Vision/01_FOUNDATION/Knowledge_Engineering/SymK_Foundation_Paper_Knowledge_Engineering_v0.1.md,00_GOVERNANCE/01_Product_Vision/01_FOUNDATION/Knowledge_Engineering/SymK_Foundation_Paper_Knowledge_Engineering_v0.1.pdf
Knowledge Engineering,2,3. Historical development: from expert systems to model-based engineering,86,127,6,00_GOVERNANCE/01_Product_Vision/01_FOUNDATION/Knowledge_Engineering/SymK_Foundation_Paper_Knowledge_Engineering_v0.1.md,00_GOVERNANCE/01_Product_Vision/01_FOUNDATION/Knowledge_Engineering/SymK_Foundation_Paper_Knowledge_Engineering_v0.1.pdf
Knowledge Engineering,3,3.1 The expert-systems origin,88,93,6,00_GOVERNANCE/01_Product_Vision/01_FOUNDATION/Knowledge_Engineering/SymK_Foundation_Paper_Knowledge_Engineering_v0.1.md,00_GOVERNANCE/01_Product_Vision/01_FOUNDATION/Knowledge_Engineering/SymK_Foundation_Paper_Knowledge_Engineering_v0.1.pdf
Knowledge Engineering,3,3.2 The acquisition bottleneck,94,99,6,00_GOVERNANCE/01_Product_Vision/01_FOUNDATION/Knowledge_Engineering/SymK_Foundation_Paper_Knowledge_Engineering_v0.1.md,00_GOVERNANCE/01_Product_Vision/01_FOUNDATION/Knowledge_Engineering/SymK_Foundation_Paper_Knowledge_Engineering_v0.1.pdf
Knowledge Engineering,3,3.3 From transfer to modeling,100,107,6,00_GOVERNANCE/01_Product_Vision/01_FOUNDATION/Knowledge_Engineering/SymK_Foundation_Paper_Knowledge_Engineering_v0.1.md,00_GOVERNANCE/01_Product_Vision/01_FOUNDATION/Knowledge_Engineering/SymK_Foundation_Paper_Knowledge_Engineering_v0.1.pdf
Knowledge Engineering,3,3.4 Ontologies and shared conceptualization,108,113,7,00_GOVERNANCE/01_Product_Vision/01_FOUNDATION/Knowledge_Engineering/SymK_Foundation_Paper_Knowledge_Engineering_v0.1.md,00_GOVERNANCE/01_Product_Vision/01_FOUNDATION/Knowledge_Engineering/SymK_Foundation_Paper_Knowledge_Engineering_v0.1.pdf
Knowledge Engineering,3,3.5 Knowledge graphs and integration,114,119,7,00_GOVERNANCE/01_Product_Vision/01_FOUNDATION/Knowledge_Engineering/SymK_Foundation_Paper_Knowledge_Engineering_v0.1.md,00_GOVERNANCE/01_Product_Vision/01_FOUNDATION/Knowledge_Engineering/SymK_Foundation_Paper_Knowledge_Engineering_v0.1.pdf
Knowledge Engineering,3,3.6 Machine learning and generative systems,120,127,7,00_GOVERNANCE/01_Product_Vision/01_FOUNDATION/Knowledge_Engineering/SymK_Foundation_Paper_Knowledge_Engineering_v0.1.md,00_GOVERNANCE/01_Product_Vision/01_FOUNDATION/Knowledge_Engineering/SymK_Foundation_Paper_Knowledge_Engineering_v0.1.pdf
Knowledge Engineering,2,4. The object problem: what can actually be engineered?,128,180,7,00_GOVERNANCE/01_Product_Vision/01_FOUNDATION/Knowledge_Engineering/SymK_Foundation_Paper_Knowledge_Engineering_v0.1.md,00_GOVERNANCE/01_Product_Vision/01_FOUNDATION/Knowledge_Engineering/SymK_Foundation_Paper_Knowledge_Engineering_v0.1.pdf
Knowledge Engineering,2,5. The central correction: Knowledge Engineering engineers epistemic conditions,181,198,8,00_GOVERNANCE/01_Product_Vision/01_FOUNDATION/Knowledge_Engineering/SymK_Foundation_Paper_Knowledge_Engineering_v0.1.md,00_GOVERNANCE/01_Product_Vision/01_FOUNDATION/Knowledge_Engineering/SymK_Foundation_Paper_Knowledge_Engineering_v0.1.pdf
Knowledge Engineering,2,"6. Acquisition is construction, not extraction",199,230,9,00_GOVERNANCE/01_Product_Vision/01_FOUNDATION/Knowledge_Engineering/SymK_Foundation_Paper_Knowledge_Engineering_v0.1.md,00_GOVERNANCE/01_Product_Vision/01_FOUNDATION/Knowledge_Engineering/SymK_Foundation_Paper_Knowledge_Engineering_v0.1.pdf
Knowledge Engineering,3,"6.1 Experts are participants, not containers",201,206,9,00_GOVERNANCE/01_Product_Vision/01_FOUNDATION/Knowledge_Engineering/SymK_Foundation_Paper_Knowledge_Engineering_v0.1.md,00_GOVERNANCE/01_Product_Vision/01_FOUNDATION/Knowledge_Engineering/SymK_Foundation_Paper_Knowledge_Engineering_v0.1.pdf
Knowledge Engineering,3,6.2 Tacit Knowledge is not merely undocumented text,207,212,9,00_GOVERNANCE/01_Product_Vision/01_FOUNDATION/Knowledge_Engineering/SymK_Foundation_Paper_Knowledge_Engineering_v0.1.md,00_GOVERNANCE/01_Product_Vision/01_FOUNDATION/Knowledge_Engineering/SymK_Foundation_Paper_Knowledge_Engineering_v0.1.pdf
Knowledge Engineering,3,6.3 Documents are testimony and artifacts,213,216,9,00_GOVERNANCE/01_Product_Vision/01_FOUNDATION/Knowledge_Engineering/SymK_Foundation_Paper_Knowledge_Engineering_v0.1.md,00_GOVERNANCE/01_Product_Vision/01_FOUNDATION/Knowledge_Engineering/SymK_Foundation_Paper_Knowledge_Engineering_v0.1.pdf
Knowledge Engineering,3,6.4 Data-driven acquisition,217,220,9,00_GOVERNANCE/01_Product_Vision/01_FOUNDATION/Knowledge_Engineering/SymK_Foundation_Paper_Knowledge_Engineering_v0.1.md,00_GOVERNANCE/01_Product_Vision/01_FOUNDATION/Knowledge_Engineering/SymK_Foundation_Paper_Knowledge_Engineering_v0.1.pdf
Knowledge Engineering,3,6.5 Generative acquisition,221,230,9,00_GOVERNANCE/01_Product_Vision/01_FOUNDATION/Knowledge_Engineering/SymK_Foundation_Paper_Knowledge_Engineering_v0.1.md,00_GOVERNANCE/01_Product_Vision/01_FOUNDATION/Knowledge_Engineering/SymK_Foundation_Paper_Knowledge_Engineering_v0.1.pdf
Knowledge Engineering,2,"7. Representation is projection, not preservation without remainder",231,258,9,00_GOVERNANCE/01_Product_Vision/01_FOUNDATION/Knowledge_Engineering/SymK_Foundation_Paper_Knowledge_Engineering_v0.1.md,00_GOVERNANCE/01_Product_Vision/01_FOUNDATION/Knowledge_Engineering/SymK_Foundation_Paper_Knowledge_Engineering_v0.1.pdf
Knowledge Engineering,3,7.1 Formal semantics are local guarantees,241,244,10,00_GOVERNANCE/01_Product_Vision/01_FOUNDATION/Knowledge_Engineering/SymK_Foundation_Paper_Knowledge_Engineering_v0.1.md,00_GOVERNANCE/01_Product_Vision/01_FOUNDATION/Knowledge_Engineering/SymK_Foundation_Paper_Knowledge_Engineering_v0.1.pdf
Knowledge Engineering,3,7.2 Computability introduces tradeoffs,245,248,10,00_GOVERNANCE/01_Product_Vision/01_FOUNDATION/Knowledge_Engineering/SymK_Foundation_Paper_Knowledge_Engineering_v0.1.md,00_GOVERNANCE/01_Product_Vision/01_FOUNDATION/Knowledge_Engineering/SymK_Foundation_Paper_Knowledge_Engineering_v0.1.pdf
Knowledge Engineering,3,7.3 Multiple representations may be necessary,249,252,10,00_GOVERNANCE/01_Product_Vision/01_FOUNDATION/Knowledge_Engineering/SymK_Foundation_Paper_Knowledge_Engineering_v0.1.md,00_GOVERNANCE/01_Product_Vision/01_FOUNDATION/Knowledge_Engineering/SymK_Foundation_Paper_Knowledge_Engineering_v0.1.pdf
Knowledge Engineering,3,7.4 Meaning is enacted as well as encoded,253,258,10,00_GOVERNANCE/01_Product_Vision/01_FOUNDATION/Knowledge_Engineering/SymK_Foundation_Paper_Knowledge_Engineering_v0.1.md,00_GOVERNANCE/01_Product_Vision/01_FOUNDATION/Knowledge_Engineering/SymK_Foundation_Paper_Knowledge_Engineering_v0.1.pdf
Knowledge Engineering,2,"8. Reasoning, validation, and application",259,298,10,00_GOVERNANCE/01_Product_Vision/01_FOUNDATION/Knowledge_Engineering/SymK_Foundation_Paper_Knowledge_Engineering_v0.1.md,00_GOVERNANCE/01_Product_Vision/01_FOUNDATION/Knowledge_Engineering/SymK_Foundation_Paper_Knowledge_Engineering_v0.1.pdf
Knowledge Engineering,3,8.1 Reasoning,261,273,10,00_GOVERNANCE/01_Product_Vision/01_FOUNDATION/Knowledge_Engineering/SymK_Foundation_Paper_Knowledge_Engineering_v0.1.md,00_GOVERNANCE/01_Product_Vision/01_FOUNDATION/Knowledge_Engineering/SymK_Foundation_Paper_Knowledge_Engineering_v0.1.pdf
Knowledge Engineering,3,8.2 Validation is plural,274,290,10,00_GOVERNANCE/01_Product_Vision/01_FOUNDATION/Knowledge_Engineering/SymK_Foundation_Paper_Knowledge_Engineering_v0.1.md,00_GOVERNANCE/01_Product_Vision/01_FOUNDATION/Knowledge_Engineering/SymK_Foundation_Paper_Knowledge_Engineering_v0.1.pdf
Knowledge Engineering,3,8.3 Application closes the epistemic loop,291,298,11,00_GOVERNANCE/01_Product_Vision/01_FOUNDATION/Knowledge_Engineering/SymK_Foundation_Paper_Knowledge_Engineering_v0.1.md,00_GOVERNANCE/01_Product_Vision/01_FOUNDATION/Knowledge_Engineering/SymK_Foundation_Paper_Knowledge_Engineering_v0.1.pdf
Knowledge Engineering,2,9. Distinctions SymK must preserve,299,332,11,00_GOVERNANCE/01_Product_Vision/01_FOUNDATION/Knowledge_Engineering/SymK_Foundation_Paper_Knowledge_Engineering_v0.1.md,00_GOVERNANCE/01_Product_Vision/01_FOUNDATION/Knowledge_Engineering/SymK_Foundation_Paper_Knowledge_Engineering_v0.1.pdf
Knowledge Engineering,3,9.1 Knowledge Engineering and epistemology,301,304,11,00_GOVERNANCE/01_Product_Vision/01_FOUNDATION/Knowledge_Engineering/SymK_Foundation_Paper_Knowledge_Engineering_v0.1.md,00_GOVERNANCE/01_Product_Vision/01_FOUNDATION/Knowledge_Engineering/SymK_Foundation_Paper_Knowledge_Engineering_v0.1.pdf
Knowledge Engineering,3,9.2 Knowledge Engineering and data engineering,305,310,11,00_GOVERNANCE/01_Product_Vision/01_FOUNDATION/Knowledge_Engineering/SymK_Foundation_Paper_Knowledge_Engineering_v0.1.md,00_GOVERNANCE/01_Product_Vision/01_FOUNDATION/Knowledge_Engineering/SymK_Foundation_Paper_Knowledge_Engineering_v0.1.pdf
Knowledge Engineering,3,9.3 Knowledge Engineering and information management,311,314,11,00_GOVERNANCE/01_Product_Vision/01_FOUNDATION/Knowledge_Engineering/SymK_Foundation_Paper_Knowledge_Engineering_v0.1.md,00_GOVERNANCE/01_Product_Vision/01_FOUNDATION/Knowledge_Engineering/SymK_Foundation_Paper_Knowledge_Engineering_v0.1.pdf
Knowledge Engineering,3,9.4 Knowledge Engineering and software engineering,315,318,11,00_GOVERNANCE/01_Product_Vision/01_FOUNDATION/Knowledge_Engineering/SymK_Foundation_Paper_Knowledge_Engineering_v0.1.md,00_GOVERNANCE/01_Product_Vision/01_FOUNDATION/Knowledge_Engineering/SymK_Foundation_Paper_Knowledge_Engineering_v0.1.pdf
Knowledge Engineering,3,9.5 Knowledge Engineering and AI engineering,319,322,11,00_GOVERNANCE/01_Product_Vision/01_FOUNDATION/Knowledge_Engineering/SymK_Foundation_Paper_Knowledge_Engineering_v0.1.md,00_GOVERNANCE/01_Product_Vision/01_FOUNDATION/Knowledge_Engineering/SymK_Foundation_Paper_Knowledge_Engineering_v0.1.pdf
Knowledge Engineering,3,9.6 Knowledge Engineering and knowledge management,323,326,12,00_GOVERNANCE/01_Product_Vision/01_FOUNDATION/Knowledge_Engineering/SymK_Foundation_Paper_Knowledge_Engineering_v0.1.md,00_GOVERNANCE/01_Product_Vision/01_FOUNDATION/Knowledge_Engineering/SymK_Foundation_Paper_Knowledge_Engineering_v0.1.pdf
Knowledge Engineering,3,9.7 Knowledge Engineering and Education,327,332,12,00_GOVERNANCE/01_Product_Vision/01_FOUNDATION/Knowledge_Engineering/SymK_Foundation_Paper_Knowledge_Engineering_v0.1.md,00_GOVERNANCE/01_Product_Vision/01_FOUNDATION/Knowledge_Engineering/SymK_Foundation_Paper_Knowledge_Engineering_v0.1.pdf
Knowledge Engineering,2,10. A working definition for SymK,333,377,12,00_GOVERNANCE/01_Product_Vision/01_FOUNDATION/Knowledge_Engineering/SymK_Foundation_Paper_Knowledge_Engineering_v0.1.md,00_GOVERNANCE/01_Product_Vision/01_FOUNDATION/Knowledge_Engineering/SymK_Foundation_Paper_Knowledge_Engineering_v0.1.pdf
Knowledge Engineering,3,Disciplined,337,340,8,00_GOVERNANCE/01_Product_Vision/01_FOUNDATION/Knowledge_Engineering/SymK_Foundation_Paper_Knowledge_Engineering_v0.1.md,00_GOVERNANCE/01_Product_Vision/01_FOUNDATION/Knowledge_Engineering/SymK_Foundation_Paper_Knowledge_Engineering_v0.1.pdf
Knowledge Engineering,3,Design and construction,341,344,12,00_GOVERNANCE/01_Product_Vision/01_FOUNDATION/Knowledge_Engineering/SymK_Foundation_Paper_Knowledge_Engineering_v0.1.md,00_GOVERNANCE/01_Product_Vision/01_FOUNDATION/Knowledge_Engineering/SymK_Foundation_Paper_Knowledge_Engineering_v0.1.pdf
Knowledge Engineering,3,Governance,345,348,5,00_GOVERNANCE/01_Product_Vision/01_FOUNDATION/Knowledge_Engineering/SymK_Foundation_Paper_Knowledge_Engineering_v0.1.md,00_GOVERNANCE/01_Product_Vision/01_FOUNDATION/Knowledge_Engineering/SymK_Foundation_Paper_Knowledge_Engineering_v0.1.pdf
Knowledge Engineering,3,Evaluation and evolution,349,352,12,00_GOVERNANCE/01_Product_Vision/01_FOUNDATION/Knowledge_Engineering/SymK_Foundation_Paper_Knowledge_Engineering_v0.1.md,00_GOVERNANCE/01_Product_Vision/01_FOUNDATION/Knowledge_Engineering/SymK_Foundation_Paper_Knowledge_Engineering_v0.1.pdf
Knowledge Engineering,3,Conditions,353,356,8,00_GOVERNANCE/01_Product_Vision/01_FOUNDATION/Knowledge_Engineering/SymK_Foundation_Paper_Knowledge_Engineering_v0.1.md,00_GOVERNANCE/01_Product_Vision/01_FOUNDATION/Knowledge_Engineering/SymK_Foundation_Paper_Knowledge_Engineering_v0.1.pdf
Knowledge Engineering,3,Intelligences and cooperative systems,357,360,12,00_GOVERNANCE/01_Product_Vision/01_FOUNDATION/Knowledge_Engineering/SymK_Foundation_Paper_Knowledge_Engineering_v0.1.md,00_GOVERNANCE/01_Product_Vision/01_FOUNDATION/Knowledge_Engineering/SymK_Foundation_Paper_Knowledge_Engineering_v0.1.pdf
Knowledge Engineering,3,The epistemic verbs,361,371,12,00_GOVERNANCE/01_Product_Vision/01_FOUNDATION/Knowledge_Engineering/SymK_Foundation_Paper_Knowledge_Engineering_v0.1.md,00_GOVERNANCE/01_Product_Vision/01_FOUNDATION/Knowledge_Engineering/SymK_Foundation_Paper_Knowledge_Engineering_v0.1.pdf
Knowledge Engineering,3,Responsibly within stated scopes,372,377,12,00_GOVERNANCE/01_Product_Vision/01_FOUNDATION/Knowledge_Engineering/SymK_Foundation_Paper_Knowledge_Engineering_v0.1.md,00_GOVERNANCE/01_Product_Vision/01_FOUNDATION/Knowledge_Engineering/SymK_Foundation_Paper_Knowledge_Engineering_v0.1.pdf
Knowledge Engineering,2,11. The SymK epistemic lifecycle,378,397,13,00_GOVERNANCE/01_Product_Vision/01_FOUNDATION/Knowledge_Engineering/SymK_Foundation_Paper_Knowledge_Engineering_v0.1.md,00_GOVERNANCE/01_Product_Vision/01_FOUNDATION/Knowledge_Engineering/SymK_Foundation_Paper_Knowledge_Engineering_v0.1.pdf
Knowledge Engineering,2,12. Candidate foundational commitments,398,449,13,00_GOVERNANCE/01_Product_Vision/01_FOUNDATION/Knowledge_Engineering/SymK_Foundation_Paper_Knowledge_Engineering_v0.1.md,00_GOVERNANCE/01_Product_Vision/01_FOUNDATION/Knowledge_Engineering/SymK_Foundation_Paper_Knowledge_Engineering_v0.1.pdf
Knowledge Engineering,3,KE-01 - Knowledge and engineered artifacts are distinct,400,403,13,00_GOVERNANCE/01_Product_Vision/01_FOUNDATION/Knowledge_Engineering/SymK_Foundation_Paper_Knowledge_Engineering_v0.1.md,00_GOVERNANCE/01_Product_Vision/01_FOUNDATION/Knowledge_Engineering/SymK_Foundation_Paper_Knowledge_Engineering_v0.1.pdf
Knowledge Engineering,3,KE-02 - Knowledge Engineering engineers conditions,404,407,13,00_GOVERNANCE/01_Product_Vision/01_FOUNDATION/Knowledge_Engineering/SymK_Foundation_Paper_Knowledge_Engineering_v0.1.md,00_GOVERNANCE/01_Product_Vision/01_FOUNDATION/Knowledge_Engineering/SymK_Foundation_Paper_Knowledge_Engineering_v0.1.pdf
Knowledge Engineering,3,KE-03 - Acquisition is constructive and situated,408,411,13,00_GOVERNANCE/01_Product_Vision/01_FOUNDATION/Knowledge_Engineering/SymK_Foundation_Paper_Knowledge_Engineering_v0.1.md,00_GOVERNANCE/01_Product_Vision/01_FOUNDATION/Knowledge_Engineering/SymK_Foundation_Paper_Knowledge_Engineering_v0.1.pdf
Knowledge Engineering,3,KE-04 - Representation is a governed projection,412,415,14,00_GOVERNANCE/01_Product_Vision/01_FOUNDATION/Knowledge_Engineering/SymK_Foundation_Paper_Knowledge_Engineering_v0.1.md,00_GOVERNANCE/01_Product_Vision/01_FOUNDATION/Knowledge_Engineering/SymK_Foundation_Paper_Knowledge_Engineering_v0.1.pdf
Knowledge Engineering,3,KE-05 - Formal validity is not epistemic sufficiency,416,419,14,00_GOVERNANCE/01_Product_Vision/01_FOUNDATION/Knowledge_Engineering/SymK_Foundation_Paper_Knowledge_Engineering_v0.1.md,00_GOVERNANCE/01_Product_Vision/01_FOUNDATION/Knowledge_Engineering/SymK_Foundation_Paper_Knowledge_Engineering_v0.1.pdf
Knowledge Engineering,3,KE-06 - Tacit Knowledge cannot be presumed extractable,420,423,14,00_GOVERNANCE/01_Product_Vision/01_FOUNDATION/Knowledge_Engineering/SymK_Foundation_Paper_Knowledge_Engineering_v0.1.md,00_GOVERNANCE/01_Product_Vision/01_FOUNDATION/Knowledge_Engineering/SymK_Foundation_Paper_Knowledge_Engineering_v0.1.pdf
Knowledge Engineering,3,KE-07 - Validation is plural and continuing,424,427,14,00_GOVERNANCE/01_Product_Vision/01_FOUNDATION/Knowledge_Engineering/SymK_Foundation_Paper_Knowledge_Engineering_v0.1.md,00_GOVERNANCE/01_Product_Vision/01_FOUNDATION/Knowledge_Engineering/SymK_Foundation_Paper_Knowledge_Engineering_v0.1.pdf
Knowledge Engineering,3,KE-08 - Contradiction is represented before resolution,428,431,14,00_GOVERNANCE/01_Product_Vision/01_FOUNDATION/Knowledge_Engineering/SymK_Foundation_Paper_Knowledge_Engineering_v0.1.md,00_GOVERNANCE/01_Product_Vision/01_FOUNDATION/Knowledge_Engineering/SymK_Foundation_Paper_Knowledge_Engineering_v0.1.pdf
Knowledge Engineering,3,KE-09 - Provenance and context are part of the durable system,432,435,14,00_GOVERNANCE/01_Product_Vision/01_FOUNDATION/Knowledge_Engineering/SymK_Foundation_Paper_Knowledge_Engineering_v0.1.md,00_GOVERNANCE/01_Product_Vision/01_FOUNDATION/Knowledge_Engineering/SymK_Foundation_Paper_Knowledge_Engineering_v0.1.pdf
Knowledge Engineering,3,KE-10 - Epistemic role is not fixed by Intelligence type,436,439,14,00_GOVERNANCE/01_Product_Vision/01_FOUNDATION/Knowledge_Engineering/SymK_Foundation_Paper_Knowledge_Engineering_v0.1.md,00_GOVERNANCE/01_Product_Vision/01_FOUNDATION/Knowledge_Engineering/SymK_Foundation_Paper_Knowledge_Engineering_v0.1.pdf
Knowledge Engineering,3,KE-11 - Application and consequence belong to the knowledge lifecycle,440,443,14,00_GOVERNANCE/01_Product_Vision/01_FOUNDATION/Knowledge_Engineering/SymK_Foundation_Paper_Knowledge_Engineering_v0.1.md,00_GOVERNANCE/01_Product_Vision/01_FOUNDATION/Knowledge_Engineering/SymK_Foundation_Paper_Knowledge_Engineering_v0.1.pdf
Knowledge Engineering,3,KE-12 - Knowledge Engineering is inseparable from governance and Education,444,449,14,00_GOVERNANCE/01_Product_Vision/01_FOUNDATION/Knowledge_Engineering/SymK_Foundation_Paper_Knowledge_Engineering_v0.1.md,00_GOVERNANCE/01_Product_Vision/01_FOUNDATION/Knowledge_Engineering/SymK_Foundation_Paper_Knowledge_Engineering_v0.1.pdf
Knowledge Engineering,2,13. Implications for Human-AI and multi-Intelligence cooperation,450,477,14,00_GOVERNANCE/01_Product_Vision/01_FOUNDATION/Knowledge_Engineering/SymK_Foundation_Paper_Knowledge_Engineering_v0.1.md,00_GOVERNANCE/01_Product_Vision/01_FOUNDATION/Knowledge_Engineering/SymK_Foundation_Paper_Knowledge_Engineering_v0.1.pdf
Knowledge Engineering,3,13.1 AI output is a candidate contribution,452,455,14,00_GOVERNANCE/01_Product_Vision/01_FOUNDATION/Knowledge_Engineering/SymK_Foundation_Paper_Knowledge_Engineering_v0.1.md,00_GOVERNANCE/01_Product_Vision/01_FOUNDATION/Knowledge_Engineering/SymK_Foundation_Paper_Knowledge_Engineering_v0.1.pdf
Knowledge Engineering,3,13.2 Human approval is not a universal warranty,456,459,14,00_GOVERNANCE/01_Product_Vision/01_FOUNDATION/Knowledge_Engineering/SymK_Foundation_Paper_Knowledge_Engineering_v0.1.md,00_GOVERNANCE/01_Product_Vision/01_FOUNDATION/Knowledge_Engineering/SymK_Foundation_Paper_Knowledge_Engineering_v0.1.pdf
Knowledge Engineering,3,13.3 The bearer may be hybrid,460,463,15,00_GOVERNANCE/01_Product_Vision/01_FOUNDATION/Knowledge_Engineering/SymK_Foundation_Paper_Knowledge_Engineering_v0.1.md,00_GOVERNANCE/01_Product_Vision/01_FOUNDATION/Knowledge_Engineering/SymK_Foundation_Paper_Knowledge_Engineering_v0.1.pdf
Knowledge Engineering,3,13.4 Translation is epistemic work,464,467,15,00_GOVERNANCE/01_Product_Vision/01_FOUNDATION/Knowledge_Engineering/SymK_Foundation_Paper_Knowledge_Engineering_v0.1.md,00_GOVERNANCE/01_Product_Vision/01_FOUNDATION/Knowledge_Engineering/SymK_Foundation_Paper_Knowledge_Engineering_v0.1.pdf
Knowledge Engineering,3,13.5 Generative AI relocates the bottleneck,468,471,15,00_GOVERNANCE/01_Product_Vision/01_FOUNDATION/Knowledge_Engineering/SymK_Foundation_Paper_Knowledge_Engineering_v0.1.md,00_GOVERNANCE/01_Product_Vision/01_FOUNDATION/Knowledge_Engineering/SymK_Foundation_Paper_Knowledge_Engineering_v0.1.pdf
Knowledge Engineering,3,13.6 Cooperation can create new Knowledge,472,477,15,00_GOVERNANCE/01_Product_Vision/01_FOUNDATION/Knowledge_Engineering/SymK_Foundation_Paper_Knowledge_Engineering_v0.1.md,00_GOVERNANCE/01_Product_Vision/01_FOUNDATION/Knowledge_Engineering/SymK_Foundation_Paper_Knowledge_Engineering_v0.1.pdf
Knowledge Engineering,2,14. Development requirements derived from the foundation,478,541,15,00_GOVERNANCE/01_Product_Vision/01_FOUNDATION/Knowledge_Engineering/SymK_Foundation_Paper_Knowledge_Engineering_v0.1.md,00_GOVERNANCE/01_Product_Vision/01_FOUNDATION/Knowledge_Engineering/SymK_Foundation_Paper_Knowledge_Engineering_v0.1.pdf
Knowledge Engineering,3,14.1 Model epistemic objects separately,480,495,15,00_GOVERNANCE/01_Product_Vision/01_FOUNDATION/Knowledge_Engineering/SymK_Foundation_Paper_Knowledge_Engineering_v0.1.md,00_GOVERNANCE/01_Product_Vision/01_FOUNDATION/Knowledge_Engineering/SymK_Foundation_Paper_Knowledge_Engineering_v0.1.pdf
Knowledge Engineering,3,14.2 Preserve lineage across transformations,496,499,15,00_GOVERNANCE/01_Product_Vision/01_FOUNDATION/Knowledge_Engineering/SymK_Foundation_Paper_Knowledge_Engineering_v0.1.md,00_GOVERNANCE/01_Product_Vision/01_FOUNDATION/Knowledge_Engineering/SymK_Foundation_Paper_Knowledge_Engineering_v0.1.pdf
Knowledge Engineering,3,14.3 Make assumptions executable or inspectable,500,503,15,00_GOVERNANCE/01_Product_Vision/01_FOUNDATION/Knowledge_Engineering/SymK_Foundation_Paper_Knowledge_Engineering_v0.1.md,00_GOVERNANCE/01_Product_Vision/01_FOUNDATION/Knowledge_Engineering/SymK_Foundation_Paper_Knowledge_Engineering_v0.1.pdf
Knowledge Engineering,3,14.4 Support multiple models and projections,504,507,16,00_GOVERNANCE/01_Product_Vision/01_FOUNDATION/Knowledge_Engineering/SymK_Foundation_Paper_Knowledge_Engineering_v0.1.md,00_GOVERNANCE/01_Product_Vision/01_FOUNDATION/Knowledge_Engineering/SymK_Foundation_Paper_Knowledge_Engineering_v0.1.pdf
Knowledge Engineering,3,14.5 Treat uncertainty as typed,508,511,16,00_GOVERNANCE/01_Product_Vision/01_FOUNDATION/Knowledge_Engineering/SymK_Foundation_Paper_Knowledge_Engineering_v0.1.md,00_GOVERNANCE/01_Product_Vision/01_FOUNDATION/Knowledge_Engineering/SymK_Foundation_Paper_Knowledge_Engineering_v0.1.pdf
Knowledge Engineering,3,14.6 Build challenge into normal operation,512,515,16,00_GOVERNANCE/01_Product_Vision/01_FOUNDATION/Knowledge_Engineering/SymK_Foundation_Paper_Knowledge_Engineering_v0.1.md,00_GOVERNANCE/01_Product_Vision/01_FOUNDATION/Knowledge_Engineering/SymK_Foundation_Paper_Knowledge_Engineering_v0.1.pdf
Knowledge Engineering,3,14.7 Validate at multiple layers,516,519,16,00_GOVERNANCE/01_Product_Vision/01_FOUNDATION/Knowledge_Engineering/SymK_Foundation_Paper_Knowledge_Engineering_v0.1.md,00_GOVERNANCE/01_Product_Vision/01_FOUNDATION/Knowledge_Engineering/SymK_Foundation_Paper_Knowledge_Engineering_v0.1.pdf
Knowledge Engineering,3,14.8 Observe use and non-use,520,523,16,00_GOVERNANCE/01_Product_Vision/01_FOUNDATION/Knowledge_Engineering/SymK_Foundation_Paper_Knowledge_Engineering_v0.1.md,00_GOVERNANCE/01_Product_Vision/01_FOUNDATION/Knowledge_Engineering/SymK_Foundation_Paper_Knowledge_Engineering_v0.1.pdf
Knowledge Engineering,3,14.9 Govern generative contributions,524,527,16,00_GOVERNANCE/01_Product_Vision/01_FOUNDATION/Knowledge_Engineering/SymK_Foundation_Paper_Knowledge_Engineering_v0.1.md,00_GOVERNANCE/01_Product_Vision/01_FOUNDATION/Knowledge_Engineering/SymK_Foundation_Paper_Knowledge_Engineering_v0.1.pdf
Knowledge Engineering,3,14.10 Support practical Knowledge,528,531,16,00_GOVERNANCE/01_Product_Vision/01_FOUNDATION/Knowledge_Engineering/SymK_Foundation_Paper_Knowledge_Engineering_v0.1.md,00_GOVERNANCE/01_Product_Vision/01_FOUNDATION/Knowledge_Engineering/SymK_Foundation_Paper_Knowledge_Engineering_v0.1.pdf
Knowledge Engineering,3,14.11 Integrate Education,532,535,16,00_GOVERNANCE/01_Product_Vision/01_FOUNDATION/Knowledge_Engineering/SymK_Foundation_Paper_Knowledge_Engineering_v0.1.md,00_GOVERNANCE/01_Product_Vision/01_FOUNDATION/Knowledge_Engineering/SymK_Foundation_Paper_Knowledge_Engineering_v0.1.pdf
Knowledge Engineering,3,14.12 Design for retirement,536,541,16,00_GOVERNANCE/01_Product_Vision/01_FOUNDATION/Knowledge_Engineering/SymK_Foundation_Paper_Knowledge_Engineering_v0.1.md,00_GOVERNANCE/01_Product_Vision/01_FOUNDATION/Knowledge_Engineering/SymK_Foundation_Paper_Knowledge_Engineering_v0.1.pdf
Knowledge Engineering,2,15. Open foundational questions,542,577,16,00_GOVERNANCE/01_Product_Vision/01_FOUNDATION/Knowledge_Engineering/SymK_Foundation_Paper_Knowledge_Engineering_v0.1.md,00_GOVERNANCE/01_Product_Vision/01_FOUNDATION/Knowledge_Engineering/SymK_Foundation_Paper_Knowledge_Engineering_v0.1.pdf
Knowledge Engineering,3,15.1 Is Knowledge Engineering the right universal name?,544,547,16,00_GOVERNANCE/01_Product_Vision/01_FOUNDATION/Knowledge_Engineering/SymK_Foundation_Paper_Knowledge_Engineering_v0.1.md,00_GOVERNANCE/01_Product_Vision/01_FOUNDATION/Knowledge_Engineering/SymK_Foundation_Paper_Knowledge_Engineering_v0.1.pdf
Knowledge Engineering,3,15.2 What is the minimum epistemic object?,548,551,16,00_GOVERNANCE/01_Product_Vision/01_FOUNDATION/Knowledge_Engineering/SymK_Foundation_Paper_Knowledge_Engineering_v0.1.md,00_GOVERNANCE/01_Product_Vision/01_FOUNDATION/Knowledge_Engineering/SymK_Foundation_Paper_Knowledge_Engineering_v0.1.pdf
Knowledge Engineering,3,15.3 Can an artificial system be a knowledge engineer?,552,555,17,00_GOVERNANCE/01_Product_Vision/01_FOUNDATION/Knowledge_Engineering/SymK_Foundation_Paper_Knowledge_Engineering_v0.1.md,00_GOVERNANCE/01_Product_Vision/01_FOUNDATION/Knowledge_Engineering/SymK_Foundation_Paper_Knowledge_Engineering_v0.1.pdf
Knowledge Engineering,3,15.4 What remains outside representation?,556,559,17,00_GOVERNANCE/01_Product_Vision/01_FOUNDATION/Knowledge_Engineering/SymK_Foundation_Paper_Knowledge_Engineering_v0.1.md,00_GOVERNANCE/01_Product_Vision/01_FOUNDATION/Knowledge_Engineering/SymK_Foundation_Paper_Knowledge_Engineering_v0.1.pdf
Knowledge Engineering,3,15.5 How should incompatible ontologies coexist?,560,563,17,00_GOVERNANCE/01_Product_Vision/01_FOUNDATION/Knowledge_Engineering/SymK_Foundation_Paper_Knowledge_Engineering_v0.1.md,00_GOVERNANCE/01_Product_Vision/01_FOUNDATION/Knowledge_Engineering/SymK_Foundation_Paper_Knowledge_Engineering_v0.1.pdf
Knowledge Engineering,3,15.6 When does validation justify reliance?,564,567,17,00_GOVERNANCE/01_Product_Vision/01_FOUNDATION/Knowledge_Engineering/SymK_Foundation_Paper_Knowledge_Engineering_v0.1.md,00_GOVERNANCE/01_Product_Vision/01_FOUNDATION/Knowledge_Engineering/SymK_Foundation_Paper_Knowledge_Engineering_v0.1.pdf
Knowledge Engineering,3,15.7 How should collective epistemic responsibility be allocated?,568,571,17,00_GOVERNANCE/01_Product_Vision/01_FOUNDATION/Knowledge_Engineering/SymK_Foundation_Paper_Knowledge_Engineering_v0.1.md,00_GOVERNANCE/01_Product_Vision/01_FOUNDATION/Knowledge_Engineering/SymK_Foundation_Paper_Knowledge_Engineering_v0.1.pdf
Knowledge Engineering,3,15.8 Can the knowledge lifecycle govern itself?,572,577,17,00_GOVERNANCE/01_Product_Vision/01_FOUNDATION/Knowledge_Engineering/SymK_Foundation_Paper_Knowledge_Engineering_v0.1.md,00_GOVERNANCE/01_Product_Vision/01_FOUNDATION/Knowledge_Engineering/SymK_Foundation_Paper_Knowledge_Engineering_v0.1.pdf
Knowledge Engineering,2,16. A practical Knowledge Engineering gate,578,604,17,00_GOVERNANCE/01_Product_Vision/01_FOUNDATION/Knowledge_Engineering/SymK_Foundation_Paper_Knowledge_Engineering_v0.1.md,00_GOVERNANCE/01_Product_Vision/01_FOUNDATION/Knowledge_Engineering/SymK_Foundation_Paper_Knowledge_Engineering_v0.1.pdf
Knowledge Engineering,2,17. Conclusion,605,626,18,00_GOVERNANCE/01_Product_Vision/01_FOUNDATION/Knowledge_Engineering/SymK_Foundation_Paper_Knowledge_Engineering_v0.1.md,00_GOVERNANCE/01_Product_Vision/01_FOUNDATION/Knowledge_Engineering/SymK_Foundation_Paper_Knowledge_Engineering_v0.1.pdf
Knowledge Engineering,2,References,627,645,19,00_GOVERNANCE/01_Product_Vision/01_FOUNDATION/Knowledge_Engineering/SymK_Foundation_Paper_Knowledge_Engineering_v0.1.md,00_GOVERNANCE/01_Product_Vision/01_FOUNDATION/Knowledge_Engineering/SymK_Foundation_Paper_Knowledge_Engineering_v0.1.pdf
Knowledge Engineering,2,Document governance note,646,658,19,00_GOVERNANCE/01_Product_Vision/01_FOUNDATION/Knowledge_Engineering/SymK_Foundation_Paper_Knowledge_Engineering_v0.1.md,00_GOVERNANCE/01_Product_Vision/01_FOUNDATION/Knowledge_Engineering/SymK_Foundation_Paper_Knowledge_Engineering_v0.1.pdf
