path,artifact_identifier,identifier_basis,family,format,provenance,git_state,authority_status,maturity_status,lineage_parent,duplicate_group,encoding_condition,proposed_disposition,sha256,size_bytes
.DS_Store,PATH:.DS_Store,path_locator_only,repository_control_or_migration,no_extension,local_tool_or_os_metadata:ignored,ignored,none_nonsemantic_metadata,non_corpus_technical,unresolved,unique,binary,exclude_from_semantic_corpus_reversible_cleanup_candidate,20b114ec5cb4f6d609d80e34b50556ee49a6b0b75d906eefb469523a1209f40c,14340
.gitignore,PATH:.gitignore,path_locator_only,repository_control_or_migration,no_extension,live_repository_path:tracked,tracked,unverified_no_authority_inferred,not_assessed_at_m0,unresolved,sha256:f84e61240b587987,utf8,preserve_in_place_pending_later_semantic_disposition,f84e61240b587987ca93d17ee14e90aba95800ee8204260f2b0255e8cc157e7e,423
.idea/.gitignore,PATH:.idea/.gitignore,path_locator_only,.idea,no_extension,local_tool_or_os_metadata:ignored,ignored,none_nonsemantic_metadata,non_corpus_technical,unresolved,sha256:0a5548b173aac0ef,utf8,exclude_from_semantic_corpus_reversible_cleanup_candidate,0a5548b173aac0ef943bbb3af850d676f7b651ddedb9f8d7f06735bc2809b3db,176
.idea/SymK.iml,PATH:.idea/SymK.iml,path_locator_only,.idea,iml,local_tool_or_os_metadata:ignored,ignored,none_nonsemantic_metadata,non_corpus_technical,unresolved,sha256:a7c389405d9f860c,utf8,exclude_from_semantic_corpus_reversible_cleanup_candidate,a7c389405d9f860c75686c29de05f6e836ab433f77054c81f6598c23909d36dd,653
.idea/inspectionProfiles/profiles_settings.xml,PATH:.idea/inspectionProfiles/profiles_settings.xml,path_locator_only,.idea,xml,local_tool_or_os_metadata:ignored,ignored,none_nonsemantic_metadata,non_corpus_technical,unresolved,sha256:6172c5997eeb3cd1,utf8,exclude_from_semantic_corpus_reversible_cleanup_candidate,6172c5997eeb3cd19c9ca2b5b97d6e2983cdd1fa60b2460d7bbb74055edcaa46,174
.idea/misc.xml,PATH:.idea/misc.xml,path_locator_only,.idea,xml,local_tool_or_os_metadata:ignored,ignored,none_nonsemantic_metadata,non_corpus_technical,unresolved,sha256:22afd100c8c4558f,utf8,exclude_from_semantic_corpus_reversible_cleanup_candidate,22afd100c8c4558f4fbbfe2e9f28e4ea05bd5e8f8ec1b8773d680e0e5d84876b,720
.idea/modules.xml,PATH:.idea/modules.xml,path_locator_only,.idea,xml,local_tool_or_os_metadata:ignored,ignored,none_nonsemantic_metadata,non_corpus_technical,unresolved,sha256:5f5f4b725f253660,utf8,exclude_from_semantic_corpus_reversible_cleanup_candidate,5f5f4b725f253660d70837a546bc26ce071dbebdeea0709ddbdd6b7e72af68a9,260
.idea/vcs.xml,PATH:.idea/vcs.xml,path_locator_only,.idea,xml,local_tool_or_os_metadata:ignored,ignored,none_nonsemantic_metadata,non_corpus_technical,unresolved,sha256:55768f1f84fb117f,utf8,exclude_from_semantic_corpus_reversible_cleanup_candidate,55768f1f84fb117f1d0fc383e180b5d0aa5e5e6584c8c4a2995c15b4237f0972,180
.idea/workspace.xml,PATH:.idea/workspace.xml,path_locator_only,.idea,xml,local_tool_or_os_metadata:ignored,ignored,none_nonsemantic_metadata,non_corpus_technical,unresolved,unique,utf8,exclude_from_semantic_corpus_reversible_cleanup_candidate,562152cf9a90937072c8488214a2aab65dd9168d5044fa45498314208533e68a,10363
00_GOVERNANCE.zip,PATH:00_GOVERNANCE.zip,path_locator_only,repository_control_or_migration,zip,archive_container:ignored,ignored,none_archive_container,archive_classified_separately,unresolved,unique,binary,retain_under_archive_classification_no_live_authority,26d0dc6c6ffc729049067c6d4fb7571ecc1f374a91672f4152c049f73d4cd50b,61511
00_GOVERNANCE/.DS_Store,PATH:00_GOVERNANCE/.DS_Store,path_locator_only,governance/root,no_extension,local_tool_or_os_metadata:ignored,ignored,none_nonsemantic_metadata,non_corpus_technical,unresolved,unique,binary,exclude_from_semantic_corpus_reversible_cleanup_candidate,c5e10452ae481d4db1f741b967f97211b84d1fc7254c4a71792a90bccf145758,8196
00_GOVERNANCE/01_Product_Vision/.DS_Store,PATH:00_GOVERNANCE/01_Product_Vision/.DS_Store,path_locator_only,governance/01_Product_Vision,no_extension,local_tool_or_os_metadata:ignored,ignored,none_nonsemantic_metadata,non_corpus_technical,unresolved,unique,binary,exclude_from_semantic_corpus_reversible_cleanup_candidate,80dd62570b5562d7c0862c8b8cdc6fe9fcac3f103f38016b4051b1b1e0fc0628,6148
00_GOVERNANCE/01_Product_Vision/00_SYMK_PRODUCT_VISION.md,SYMK-2X-DR-008,detected_in_content,governance/01_Product_Vision,md,live_repository_path:tracked,tracked,declared_canonical_claim_requires_registry_verification,declared:Canonical SymK 2.0 Product Vision baseline,unresolved,unique,utf8,preserve_in_place_pending_later_semantic_disposition,b3aafc20aeee9ece6faf0b255ff1aafc38a7f987873ddb462e403ddd252b4735,12275
00_GOVERNANCE/01_Product_Vision/01_FOUNDATION/.DS_Store,PATH:00_GOVERNANCE/01_Product_Vision/01_FOUNDATION/.DS_Store,path_locator_only,governance/01_Product_Vision,no_extension,local_tool_or_os_metadata:ignored,ignored,none_nonsemantic_metadata,non_corpus_technical,unresolved,unique,binary,exclude_from_semantic_corpus_reversible_cleanup_candidate,95d038a280474858634b099811b620505df4cb1ab61d2921ea09ad4c51677e4a,6148
00_GOVERNANCE/01_Product_Vision/01_FOUNDATION/Education_and_Training/SymK_Foundation_Paper_Education_for_Cooperation_v0.1.md,PATH:00_GOVERNANCE/01_Product_Vision/01_FOUNDATION/Education_and_Training/SymK_Foundation_Paper_Education_for_Cooperation_v0.1.md,path_locator_only,governance/01_Product_Vision,md,live_repository_path:tracked,tracked,unverified_no_authority_inferred,declared:Foundational working paper,unresolved,unique,utf8,preserve_in_place_pending_later_semantic_disposition,f49d64bc71af7dfad437abe30f76cc0ef60601b9167fd797d2ce3827476bae7e,37167
00_GOVERNANCE/01_Product_Vision/01_FOUNDATION/Education_and_Training/SymK_Foundation_Paper_Education_for_Cooperation_v0.1.pdf,PATH:00_GOVERNANCE/01_Product_Vision/01_FOUNDATION/Education_and_Training/SymK_Foundation_Paper_Education_for_Cooperation_v0.1.pdf,path_locator_only,governance/01_Product_Vision,pdf,live_repository_path:tracked,tracked,unverified_no_authority_inferred,not_assessed_at_m0,unresolved,unique,binary,preserve_in_place_pending_later_semantic_disposition,ba21de9e8690239f2b8955062e928b2f1afd2d6a5952ea8cafc76c1289fda39c,124885
00_GOVERNANCE/01_Product_Vision/01_FOUNDATION/Intelligence/SymK_Foundation_Paper_Intelligence_v0.1.md,PATH:00_GOVERNANCE/01_Product_Vision/01_FOUNDATION/Intelligence/SymK_Foundation_Paper_Intelligence_v0.1.md,path_locator_only,governance/01_Product_Vision,md,live_repository_path:tracked,tracked,unverified_no_authority_inferred,declared:Foundational working paper,unresolved,unique,utf8,preserve_in_place_pending_later_semantic_disposition,753ee2bd09007159a717d8bd45dc2a5ce4e5140987b95b8d26a7f2bee110033f,65016
00_GOVERNANCE/01_Product_Vision/01_FOUNDATION/Intelligence/SymK_Foundation_Paper_Intelligence_v0.1.pdf,PATH:00_GOVERNANCE/01_Product_Vision/01_FOUNDATION/Intelligence/SymK_Foundation_Paper_Intelligence_v0.1.pdf,path_locator_only,governance/01_Product_Vision,pdf,live_repository_path:tracked,tracked,unverified_no_authority_inferred,not_assessed_at_m0,unresolved,unique,binary,preserve_in_place_pending_later_semantic_disposition,d174420f1807194990d10a3d8b4cafbdaa90310e9be893fc18ddea96a1c334d3,208251
00_GOVERNANCE/01_Product_Vision/01_FOUNDATION/Knowledge/SymK_Foundation_Paper_Knowledge_v0.1.md,PATH:00_GOVERNANCE/01_Product_Vision/01_FOUNDATION/Knowledge/SymK_Foundation_Paper_Knowledge_v0.1.md,path_locator_only,governance/01_Product_Vision,md,live_repository_path:tracked,tracked,unverified_no_authority_inferred,declared:Foundational working paper,unresolved,unique,utf8,preserve_in_place_pending_later_semantic_disposition,13f5a1c08e03e30e01241fb6274f66c757d393f71d2dce6c2de3fd09a19d45e7,47892
00_GOVERNANCE/01_Product_Vision/01_FOUNDATION/Knowledge/SymK_Foundation_Paper_Knowledge_v0.1.pdf,PATH:00_GOVERNANCE/01_Product_Vision/01_FOUNDATION/Knowledge/SymK_Foundation_Paper_Knowledge_v0.1.pdf,path_locator_only,governance/01_Product_Vision,pdf,live_repository_path:tracked,tracked,unverified_no_authority_inferred,not_assessed_at_m0,unresolved,unique,binary,preserve_in_place_pending_later_semantic_disposition,fe234c0fe09709954f49303cdbab60091483aaa5be42265d30e7a76b3e1f7d45,172640
00_GOVERNANCE/01_Product_Vision/01_FOUNDATION/Knowledge_Engineering/SymK_Foundation_Paper_Knowledge_Engineering_v0.1.md,PATH:00_GOVERNANCE/01_Product_Vision/01_FOUNDATION/Knowledge_Engineering/SymK_Foundation_Paper_Knowledge_Engineering_v0.1.md,path_locator_only,governance/01_Product_Vision,md,live_repository_path:tracked,tracked,unverified_no_authority_inferred,declared:Foundational working paper,unresolved,unique,utf8,preserve_in_place_pending_later_semantic_disposition,6ab8ff4376b6c3a41fd1fa3664158b39708a9c3f6a0e500b177ecacd83013f1e,42102
00_GOVERNANCE/01_Product_Vision/01_FOUNDATION/Knowledge_Engineering/SymK_Foundation_Paper_Knowledge_Engineering_v0.1.pdf,PATH:00_GOVERNANCE/01_Product_Vision/01_FOUNDATION/Knowledge_Engineering/SymK_Foundation_Paper_Knowledge_Engineering_v0.1.pdf,path_locator_only,governance/01_Product_Vision,pdf,live_repository_path:tracked,tracked,unverified_no_authority_inferred,not_assessed_at_m0,unresolved,unique,binary,preserve_in_place_pending_later_semantic_disposition,34839132af408d8664aa056ca09b38f073b0ef9872fec328fd02141c2d92ee3b,126859
00_GOVERNANCE/01_Product_Vision/01_FOUNDATION/README.md,PATH:00_GOVERNANCE/01_Product_Vision/01_FOUNDATION/README.md,path_locator_only,governance/01_Product_Vision,md,live_repository_path:tracked,tracked,unverified_no_authority_inferred,not_assessed_at_m0,unresolved,unique,utf8,preserve_in_place_pending_later_semantic_disposition,9655080d6fa5005beb455daca6bde11e847cb7fa8c36a48869560827dcb12319,1891
00_GOVERNANCE/01_Product_Vision/02_RESEARCH/README.md,PATH:00_GOVERNANCE/01_Product_Vision/02_RESEARCH/README.md,path_locator_only,governance/01_Product_Vision,md,live_repository_path:tracked,tracked,unverified_no_authority_inferred,not_assessed_at_m0,unresolved,unique,utf8,preserve_in_place_pending_later_semantic_disposition,52914867d0fdb8cf389e792186e3a05568d195d79d3c52ff537b7685a4efe038,421
00_GOVERNANCE/01_Product_Vision/02_RESEARCH/knowledge_definitions_survey.md,PATH:00_GOVERNANCE/01_Product_Vision/02_RESEARCH/knowledge_definitions_survey.md,path_locator_only,governance/01_Product_Vision,md,live_repository_path:tracked,tracked,unverified_no_authority_inferred,not_assessed_at_m0,unresolved,unique,utf8,preserve_in_place_pending_later_semantic_disposition,e23a2e7e8d7c75e88d00b3baec95db3cbc2724cd467fb04a8d749b9f4e675caf,22511
00_GOVERNANCE/01_Product_Vision/03_ORIENTATION/README.md,PATH:00_GOVERNANCE/01_Product_Vision/03_ORIENTATION/README.md,path_locator_only,governance/01_Product_Vision,md,live_repository_path:tracked,tracked,unverified_no_authority_inferred,not_assessed_at_m0,unresolved,unique,utf8,preserve_in_place_pending_later_semantic_disposition,869e80794ea40593bfdb4fa93bca57de18f852cbc87192170bb813d0e4d20d1d,380
00_GOVERNANCE/01_Product_Vision/03_ORIENTATION/SymK_Foundation_A_Newcomers_Guide_v0.1.pdf,PATH:00_GOVERNANCE/01_Product_Vision/03_ORIENTATION/SymK_Foundation_A_Newcomers_Guide_v0.1.pdf,path_locator_only,governance/01_Product_Vision,pdf,live_repository_path:tracked,tracked,unverified_no_authority_inferred,not_assessed_at_m0,unresolved,unique,binary,preserve_in_place_pending_later_semantic_disposition,511515e4e3b7b1a9409624c128a57a2876c38ffa9da5a351572d1d5aaafb4f99,149331
00_GOVERNANCE/01_Product_Vision/README.md,PATH:00_GOVERNANCE/01_Product_Vision/README.md,path_locator_only,governance/01_Product_Vision,md,live_repository_path:tracked,tracked,unverified_no_authority_inferred,not_assessed_at_m0,unresolved,unique,utf8,preserve_in_place_pending_later_semantic_disposition,a218b9619903ae27c99b0ae9f7ee6b6547232c4858d936486404959962b6dfe8,2132
00_GOVERNANCE/02_Axioms/.DS_Store,PATH:00_GOVERNANCE/02_Axioms/.DS_Store,path_locator_only,governance/02_Axioms,no_extension,local_tool_or_os_metadata:ignored,ignored,none_nonsemantic_metadata,non_corpus_technical,unresolved,unique,binary,exclude_from_semantic_corpus_reversible_cleanup_candidate,f66c06d4b762109009dbcd68002ad50c24cad34141b54611f095283c1087b43e,6148
00_GOVERNANCE/02_Axioms/AXIOM_SymK_Is_A_Meta_PLC_Compiler.md,PATH:00_GOVERNANCE/02_Axioms/AXIOM_SymK_Is_A_Meta_PLC_Compiler.md,path_locator_only,governance/02_Axioms,md,live_repository_path:tracked,tracked,unverified_no_authority_inferred,not_assessed_at_m0,unresolved,unique,utf8,preserve_in_place_pending_later_semantic_disposition,f7eb4dbc030debfaf3728fb0e9a6534e15fd367c44bb9a6c4536e2eee64688f1,2164
00_GOVERNANCE/02_Axioms/AXIOM_Symbiotic_Cooperation_Roles.md,PATH:00_GOVERNANCE/02_Axioms/AXIOM_Symbiotic_Cooperation_Roles.md,path_locator_only,governance/02_Axioms,md,live_repository_path:tracked,tracked,unverified_no_authority_inferred,not_assessed_at_m0,unresolved,unique,utf8,preserve_in_place_pending_later_semantic_disposition,8984d839f133e4fafdaf63fb8a9d4a6fe948d917aea3ac07c466b80ef033cfe6,5407
00_GOVERNANCE/02_Axioms/Constitution_vNext/00A_CONSTITUTIONAL_SOURCES.md,FC-006,detected_in_content,governance/02_Axioms,md,live_repository_path:tracked,tracked,declared_non_normative,declared:Proposed governed source map,unresolved,unique,utf8,preserve_in_place_pending_later_semantic_disposition,06cf96e9654ca8a78d502dfc67a6b981dfa90e51cb7caf8d096ceecbdf352dd8,15312
00_GOVERNANCE/02_Axioms/Constitution_vNext/00B_AXIOM_DOCUMENT_STANDARD.md,PATH:00_GOVERNANCE/02_Axioms/Constitution_vNext/00B_AXIOM_DOCUMENT_STANDARD.md,path_locator_only,governance/02_Axioms,md,live_repository_path:tracked,tracked,declared_non_normative,declared:Proposed scaffold standard,unresolved,unique,utf8,preserve_in_place_pending_later_semantic_disposition,4936f45c3c3b38352462698a7d86c107bacfd4e3a98e72ec7d25a742b4f710ac,4368
00_GOVERNANCE/02_Axioms/Constitution_vNext/00_CONSTITUTION_CANDIDATE.md,SYMK-2X-DR-008,detected_in_content,governance/02_Axioms,md,live_repository_path:tracked,tracked,declared_program_authority,declared:Proposed Constitution under the Stage-Accepted SymK 2.0 orientation,unresolved,unique,utf8,preserve_in_place_pending_later_semantic_disposition,da0095cc097408c7419ad82b5f08cd66fdfb20aea453a5de0e0e93abe5d6f880,7564
00_GOVERNANCE/02_Axioms/Constitution_vNext/01_AXIOM_INDEX.md,SYMK-2X-DR-003,detected_in_content,governance/02_Axioms,md,live_repository_path:tracked,tracked,unverified_no_authority_inferred,not_assessed_at_m0,unresolved,unique,utf8,preserve_in_place_pending_later_semantic_disposition,1ad34f0097786473f1a8ac66ca750e0b41e171171a56385d60419a42ec3d53ae,2391
00_GOVERNANCE/02_Axioms/Constitution_vNext/02_NORMATIVE_HIERARCHY.md,SYMK-2X-DR-005,detected_in_content,governance/02_Axioms,md,live_repository_path:tracked,tracked,declared_non_normative,declared:Proposed constitutional governance model,unresolved,unique,utf8,preserve_in_place_pending_later_semantic_disposition,cd0871d0bb5843e1caac59cd03d69979ca9abef5dd361f2cd4b7222075968a60,14335
00_GOVERNANCE/02_Axioms/Constitution_vNext/03_CONFLICT_AND_CHALLENGE_PROTOCOL.md,SYMK-2X-DR-005,detected_in_content,governance/02_Axioms,md,live_repository_path:tracked,tracked,declared_non_normative,declared:Proposed directional baseline,unresolved,unique,utf8,preserve_in_place_pending_later_semantic_disposition,ae9277f53f0d9f68805a61d2f031dc5b9457a42b2eaf6975ea15eaa192538805,17026
00_GOVERNANCE/02_Axioms/Constitution_vNext/04_EXISTING_DOCUMENT_DISPOSITION.md,PATH:00_GOVERNANCE/02_Axioms/Constitution_vNext/04_EXISTING_DOCUMENT_DISPOSITION.md,path_locator_only,governance/02_Axioms,md,live_repository_path:tracked,tracked,declared_non_normative,declared:Proposed audit scaffold,unresolved,unique,utf8,preserve_in_place_pending_later_semantic_disposition,5407cedd3f582dccb2c084f4cc2b40699a091a14088728185b0e552ad92d3f32,2924
00_GOVERNANCE/02_Axioms/Constitution_vNext/05_DERIVED_PROJECT_COMPATIBILITY_TEMPLATE.md,PATH:00_GOVERNANCE/02_Axioms/Constitution_vNext/05_DERIVED_PROJECT_COMPATIBILITY_TEMPLATE.md,path_locator_only,governance/02_Axioms,md,live_repository_path:tracked,tracked,unverified_no_authority_inferred,not_assessed_at_m0,unresolved,unique,utf8,preserve_in_place_pending_later_semantic_disposition,4e2c3fabf2ea0fba78b5c2d5bb31f2efbf645f89182983bed8cb1c5f9702d4f8,1499
00_GOVERNANCE/02_Axioms/Constitution_vNext/06_RATIFICATION_AND_MIGRATION_PLAN.md,PATH:00_GOVERNANCE/02_Axioms/Constitution_vNext/06_RATIFICATION_AND_MIGRATION_PLAN.md,path_locator_only,governance/02_Axioms,md,live_repository_path:tracked,tracked,declared_non_normative,declared:Proposed,unresolved,unique,utf8,preserve_in_place_pending_later_semantic_disposition,aa55cabaed207b56e3325c9ed23e06f47b576bb2e9a9a569e45c3dc26b03876d,2894
00_GOVERNANCE/02_Axioms/Constitution_vNext/CANONICAL_BASELINE.md,DR-001,detected_in_content,governance/02_Axioms,md,live_repository_path:tracked,tracked,unverified_no_authority_inferred,not_assessed_at_m0,unresolved,unique,utf8,preserve_in_place_pending_later_semantic_disposition,6e9b6657847edf5ec3ec2afcfdb8cbde00a20b2f2a40d3ca5b332899a58a5bcf,2298
00_GOVERNANCE/02_Axioms/Constitution_vNext/README.md,SYMK-2X-DR-008,detected_in_content,governance/02_Axioms,md,live_repository_path:tracked,tracked,unverified_no_authority_inferred,not_assessed_at_m0,unresolved,unique,utf8,preserve_in_place_pending_later_semantic_disposition,15eff41fa5170571595ba7905e944507b39224d389af2472d67a3182d4e0c82a,4722
00_GOVERNANCE/02_Axioms/Constitution_vNext/axioms/A0_Cooperative_Purpose.md,SYMK-2X-DR-002,detected_in_content,governance/02_Axioms,md,live_repository_path:tracked,tracked,declared_non_normative,declared:Proposed,unresolved,unique,utf8,preserve_in_place_pending_later_semantic_disposition,a0a33f289581a4b0e7b26effce3d05e3e47a844382104a14e1991421ae17afdb,6585
00_GOVERNANCE/02_Axioms/Constitution_vNext/axioms/A1_Epistemic_Humility.md,FC-006,detected_in_content,governance/02_Axioms,md,live_repository_path:tracked,tracked,declared_non_normative,declared:Proposed,unresolved,unique,utf8,preserve_in_place_pending_later_semantic_disposition,8abda500b1e023b7304273824256e17f28dcff1293f83609082a2eec2a4c50f4,5414
00_GOVERNANCE/02_Axioms/Constitution_vNext/axioms/A2_Governed_Role_Allocation.md,PATH:00_GOVERNANCE/02_Axioms/Constitution_vNext/axioms/A2_Governed_Role_Allocation.md,path_locator_only,governance/02_Axioms,md,live_repository_path:tracked,tracked,declared_non_normative,declared:Proposed,unresolved,unique,utf8,preserve_in_place_pending_later_semantic_disposition,ecce00a5b8ab2054ce8c0afcf33542b74a30249ebaedc79aee5359dd75a40db2,5641
00_GOVERNANCE/02_Axioms/Constitution_vNext/axioms/A3_Cooperative_Formation.md,PATH:00_GOVERNANCE/02_Axioms/Constitution_vNext/axioms/A3_Cooperative_Formation.md,path_locator_only,governance/02_Axioms,md,live_repository_path:tracked,tracked,declared_non_normative,declared:Proposed,unresolved,unique,utf8,preserve_in_place_pending_later_semantic_disposition,a8dfbb8ab015c18c49a8a9ad8bc749bbc6b6520e1199c26c2f8668861e47a09d,6007
00_GOVERNANCE/02_Axioms/Constitution_vNext/axioms/A4_Engineering_Epistemic_Conditions.md,PATH:00_GOVERNANCE/02_Axioms/Constitution_vNext/axioms/A4_Engineering_Epistemic_Conditions.md,path_locator_only,governance/02_Axioms,md,live_repository_path:tracked,tracked,declared_non_normative,declared:Proposed,unresolved,unique,utf8,preserve_in_place_pending_later_semantic_disposition,5e9e7d88dd834ddb7e4fbd360fd8be937fc03cc3ea585427851b60922be76201,5677
00_GOVERNANCE/02_Axioms/Constitution_vNext/axioms/A6_Constitutional_Inheritance.md,PATH:00_GOVERNANCE/02_Axioms/Constitution_vNext/axioms/A6_Constitutional_Inheritance.md,path_locator_only,governance/02_Axioms,md,live_repository_path:tracked,tracked,declared_non_normative,declared:Proposed,unresolved,unique,utf8,preserve_in_place_pending_later_semantic_disposition,537eca827e7c06bf3cb5756d3ce537728dacd2c6147e23257b242421095ccacf,5897
00_GOVERNANCE/02_Axioms/Constitution_vNext/jurisdiction/J1_Philosophical_and_Engineering_Jurisdiction.md,SYMK-2X-DR-003,detected_in_content,governance/02_Axioms,md,live_repository_path:tracked,tracked,declared_non_normative,declared:Proposed,"A5 — Philosophical Jurisdiction v0.2, formerly located at `axioms/A5_Philosophical_Jurisdiction.md` and preserved through version-control and evolution lineage",unique,utf8,preserve_in_place_pending_later_semantic_disposition,c02c399dee9e712edfb0a2efa125ad8dd0c25e42eea73c0b0a88a5c9a1ec94a1,11083
00_GOVERNANCE/02_Axioms/SymK_Axiom_Pool_Exclusivity.md,PATH:00_GOVERNANCE/02_Axioms/SymK_Axiom_Pool_Exclusivity.md,path_locator_only,governance/02_Axioms,md,live_repository_path:tracked,tracked,unverified_no_authority_inferred,not_assessed_at_m0,unresolved,unique,utf8,preserve_in_place_pending_later_semantic_disposition,a74f1f63d044611077926acac6d4dc03d225d8e9b1dd45a656565deb62f57841,881
00_GOVERNANCE/02_Axioms/SymK_Philosophy.md,PATH:00_GOVERNANCE/02_Axioms/SymK_Philosophy.md,path_locator_only,governance/02_Axioms,md,live_repository_path:tracked,tracked,unverified_no_authority_inferred,not_assessed_at_m0,unresolved,unique,utf8,preserve_in_place_pending_later_semantic_disposition,cfd03534ddf2d7931706a9a5186d1deab5a4708c41818bf587194b08c881c371,6753
00_GOVERNANCE/03_Foundational_Principles/.DS_Store,PATH:00_GOVERNANCE/03_Foundational_Principles/.DS_Store,path_locator_only,governance/03_Foundational_Principles,no_extension,local_tool_or_os_metadata:ignored,ignored,none_nonsemantic_metadata,non_corpus_technical,unresolved,unique,binary,exclude_from_semantic_corpus_reversible_cleanup_candidate,723d8eb99a079e1805811fb4c2ea678242619797ef1a870f08dc8aac39123ef1,8196
00_GOVERNANCE/03_Foundational_Principles/LB-DRAFT-001_Foundational_Engineering_Principles_v0.1.md,PATH:00_GOVERNANCE/03_Foundational_Principles/LB-DRAFT-001_Foundational_Engineering_Principles_v0.1.md,path_locator_only,governance/03_Foundational_Principles,md,live_repository_path:tracked,tracked,declared_non_normative,declared:Working Draft,unresolved,unique,utf8,preserve_in_place_pending_later_semantic_disposition,5b8a6eb21c53e11e5a3a46cde4dbea127478f1feff437a5e8186863cc18a5976,2791
00_GOVERNANCE/03_Foundational_Principles/LB-DRAFT-001_Principles/000_Index.md,PATH:00_GOVERNANCE/03_Foundational_Principles/LB-DRAFT-001_Principles/000_Index.md,path_locator_only,governance/03_Foundational_Principles,md,live_repository_path:tracked,tracked,unverified_no_authority_inferred,not_assessed_at_m0,unresolved,unique,utf8,preserve_in_place_pending_later_semantic_disposition,98d13623445e385d6a55275c922551fcde61317482cd0a1a6327e65756fb6632,26
00_GOVERNANCE/03_Foundational_Principles/LB-DRAFT-002_Concepts/000_Index.md,FC-001,detected_in_content,governance/03_Foundational_Principles,md,live_repository_path:tracked,tracked,unverified_no_authority_inferred,declared:Living Index,unresolved,unique,utf8,preserve_in_place_pending_later_semantic_disposition,9e1d17cc54bdebe6300db09466dc60e1df8afa9a8af6d33bb6c6f0743d2e38f9,6601
00_GOVERNANCE/03_Foundational_Principles/LB-DRAFT-002_Concepts/FC-001_Entity_v0.2.md,FC-001,detected_in_content,governance/03_Foundational_Principles,md,live_repository_path:tracked,tracked,unverified_no_authority_inferred,declared:Under Evaluation\,unresolved,unique,utf8,preserve_in_place_pending_later_semantic_disposition,c6805ca3c0d0054445bce180bcfbc55f4683df1d1cfcf5b477bfbfc3e9742ec5,5295
00_GOVERNANCE/03_Foundational_Principles/LB-DRAFT-002_Concepts/FC-002_Relationship_v0.1.md,FC-002,detected_in_content,governance/03_Foundational_Principles,md,live_repository_path:tracked,tracked,unverified_no_authority_inferred,declared:Under Evaluation\,unresolved,unique,utf8,preserve_in_place_pending_later_semantic_disposition,4077ca8e692639c6a858142861cb47f11b1dd4c42a6c456fbf8578656f2ee6a2,7187
00_GOVERNANCE/03_Foundational_Principles/LB-DRAFT-002_Concepts/FC-003_Identity_v0.1.md,FC-003,detected_in_content,governance/03_Foundational_Principles,md,live_repository_path:tracked,tracked,declared_non_normative,declared:Proposed\,unresolved,unique,utf8,preserve_in_place_pending_later_semantic_disposition,b455d79a4a29c0643b23307eed636f894803dc784c12a4cc2d8df64153a57d91,5516
00_GOVERNANCE/03_Foundational_Principles/LB-DRAFT-002_Concepts/FC-004_Context.md,FC-004,detected_in_content,governance/03_Foundational_Principles,md,live_repository_path:tracked,tracked,unverified_no_authority_inferred,not_assessed_at_m0,unresolved,unique,utf8,preserve_in_place_pending_later_semantic_disposition,1dacd0ef0e0750b1b4092dcb46689c120fa0cdba8472072299813728936adf4d,17
00_GOVERNANCE/03_Foundational_Principles/LB-DRAFT-002_Concepts/FC-005_Intelligence.md,FC-005,detected_in_content,governance/03_Foundational_Principles,md,live_repository_path:tracked,tracked,unverified_no_authority_inferred,not_assessed_at_m0,unresolved,unique,utf8,preserve_in_place_pending_later_semantic_disposition,0b87ef802a896d10b4d00bb4690b0b78e9fa710079c8348740ed593cc1126ed3,22
00_GOVERNANCE/03_Foundational_Principles/LB-DRAFT-002_Concepts/FC-006_Knowledge.md,FC-006,detected_in_content,governance/03_Foundational_Principles,md,live_repository_path:tracked,tracked,unverified_no_authority_inferred,not_assessed_at_m0,unresolved,unique,utf8,preserve_in_place_pending_later_semantic_disposition,1de6eb49c65106d3f2e5d57488912e99c5f206c26fffe239cd3183feaa1c187e,19
00_GOVERNANCE/03_Foundational_Principles/LB-DRAFT-002_Foundational_Concepts_v0.1.md,PRR-0001,detected_in_content,governance/03_Foundational_Principles,md,live_repository_path:tracked,tracked,unverified_no_authority_inferred,declared:Under Evaluation,unresolved,unique,utf8,preserve_in_place_pending_later_semantic_disposition,80eb7956ea3974b4c5bd06f294910cbc7465a3bfc4725ad9a99c485800dd84f0,4160
00_GOVERNANCE/03_Foundational_Principles/LB-DRAFT-003_Properties/000_Index.md,PATH:00_GOVERNANCE/03_Foundational_Principles/LB-DRAFT-003_Properties/000_Index.md,path_locator_only,governance/03_Foundational_Principles,md,live_repository_path:tracked,tracked,unverified_no_authority_inferred,not_assessed_at_m0,unresolved,unique,utf8,preserve_in_place_pending_later_semantic_disposition,10b503692e2c498666d3f025a9afd0f33267738c822db62892f7e21e3422f96d,32
00_GOVERNANCE/03_Foundational_Principles/LB-DRAFT-003_Properties/FP-001_Confidence.md,FP-001,detected_in_content,governance/03_Foundational_Principles,md,live_repository_path:tracked,tracked,unverified_no_authority_inferred,not_assessed_at_m0,unresolved,unique,utf8,preserve_in_place_pending_later_semantic_disposition,c96f9d1ef5f0c559ccb3b67d9b27f0e309c0a58976f7244f63a1718afc14f5e7,20
00_GOVERNANCE/03_Foundational_Principles/LB-DRAFT-003_Properties/FP-002_Applicability.md,FP-002,detected_in_content,governance/03_Foundational_Principles,md,live_repository_path:tracked,tracked,unverified_no_authority_inferred,not_assessed_at_m0,unresolved,unique,utf8,preserve_in_place_pending_later_semantic_disposition,c3413c0ee766f0dcc61c908949a03d9cb9017c69966220b6c7bc31a14f806c5a,23
00_GOVERNANCE/03_Foundational_Principles/LB-DRAFT-004_Relationships/000_Index.md,PATH:00_GOVERNANCE/03_Foundational_Principles/LB-DRAFT-004_Relationships/000_Index.md,path_locator_only,governance/03_Foundational_Principles,md,live_repository_path:tracked,tracked,unverified_no_authority_inferred,not_assessed_at_m0,unresolved,unique,utf8,preserve_in_place_pending_later_semantic_disposition,54f5820eaad8f2b1d388420d9832d7b594cd9904b9737c467ae38332d57778e7,35
00_GOVERNANCE/03_Foundational_Principles/SYMK-P-001 Primazia do Conhecimento.md,PATH:00_GOVERNANCE/03_Foundational_Principles/SYMK-P-001 Primazia do Conhecimento.md,path_locator_only,governance/03_Foundational_Principles,md,live_repository_path:tracked,tracked,unverified_no_authority_inferred,not_assessed_at_m0,unresolved,unique,utf8,preserve_in_place_pending_later_semantic_disposition,75b873235bdd71df2bbc0e695bbee98ad8f499f4bf4ca4388518bfc0570ba18c,242
00_GOVERNANCE/03_Foundational_Principles/SYMK-P-002 Engenharia antes da Implementacao.md,PATH:00_GOVERNANCE/03_Foundational_Principles/SYMK-P-002 Engenharia antes da Implementacao.md,path_locator_only,governance/03_Foundational_Principles,md,live_repository_path:tracked,tracked,unverified_no_authority_inferred,not_assessed_at_m0,unresolved,unique,utf8,preserve_in_place_pending_later_semantic_disposition,90d56dc0ad5b860cf2c63dd76ea6b83f10cf29e83e596ca4e6e662b50bd80460,216
00_GOVERNANCE/03_Foundational_Principles/SYMK-P-004 Core Isolation.md,PATH:00_GOVERNANCE/03_Foundational_Principles/SYMK-P-004 Core Isolation.md,path_locator_only,governance/03_Foundational_Principles,md,live_repository_path:tracked,tracked,unverified_no_authority_inferred,not_assessed_at_m0,unresolved,unique,utf8,preserve_in_place_pending_later_semantic_disposition,b539ead9cb74a88df232797a438afdd7c29e35aafcc9ac3eb93fe2abd5092009,312
00_GOVERNANCE/03_Foundational_Principles/SYMK-P-005 Organization Isolation.md,PATH:00_GOVERNANCE/03_Foundational_Principles/SYMK-P-005 Organization Isolation.md,path_locator_only,governance/03_Foundational_Principles,md,live_repository_path:tracked,tracked,unverified_no_authority_inferred,not_assessed_at_m0,unresolved,unique,utf8,preserve_in_place_pending_later_semantic_disposition,d8d77ac0573447d3aba98d79d2c04b4077d874276616a6e35e320b7fa9a5238c,421
00_GOVERNANCE/04_Foundation_Methodology/Confidence_Assessment.md,PATH:00_GOVERNANCE/04_Foundation_Methodology/Confidence_Assessment.md,path_locator_only,governance/04_Foundation_Methodology,md,live_repository_path:tracked,tracked,unverified_no_authority_inferred,not_assessed_at_m0,unresolved,unique,utf8,preserve_in_place_pending_later_semantic_disposition,11e77e07cf1d7ea0b26122475af843107659bc323e366e217686215345165130,24
00_GOVERNANCE/04_Foundation_Methodology/Foundational_Dialogue_Protocol.md,PATH:00_GOVERNANCE/04_Foundation_Methodology/Foundational_Dialogue_Protocol.md,path_locator_only,governance/04_Foundation_Methodology,md,live_repository_path:tracked,tracked,unverified_no_authority_inferred,not_assessed_at_m0,unresolved,unique,utf8,preserve_in_place_pending_later_semantic_disposition,c56fdc4ac2ee9b4dbe7092aed29dc69c7cd3b4f67e68aaffdd11b5a09a883e41,33
00_GOVERNANCE/04_Foundation_Methodology/Primitive_Backlog.md,PATH:00_GOVERNANCE/04_Foundation_Methodology/Primitive_Backlog.md,path_locator_only,governance/04_Foundation_Methodology,md,live_repository_path:tracked,tracked,unverified_no_authority_inferred,not_assessed_at_m0,unresolved,unique,utf8,preserve_in_place_pending_later_semantic_disposition,8f7c2965d94940df878bb22558450e1dac15be7b8d8e473604ba789d83a31549,20
00_GOVERNANCE/04_Foundation_Methodology/Primitive_Evaluation_Standard.md,PATH:00_GOVERNANCE/04_Foundation_Methodology/Primitive_Evaluation_Standard.md,path_locator_only,governance/04_Foundation_Methodology,md,live_repository_path:tracked,tracked,unverified_no_authority_inferred,not_assessed_at_m0,unresolved,unique,utf8,preserve_in_place_pending_later_semantic_disposition,29b63e058058bf6eaa1eb2d71b5c7f98d985cdbc1cbf9c0f62dd7951ba906444,32
00_GOVERNANCE/04_Foundation_Methodology/Primitive_Review_Record_Template.md,PATH:00_GOVERNANCE/04_Foundation_Methodology/Primitive_Review_Record_Template.md,path_locator_only,governance/04_Foundation_Methodology,md,live_repository_path:tracked,tracked,unverified_no_authority_inferred,not_assessed_at_m0,unresolved,unique,utf8,preserve_in_place_pending_later_semantic_disposition,df0e5fa9c3107c8ef7e37ba3dc06e3286d5886befc56be78faa203131198a1ae,35
00_GOVERNANCE/06_Templates/PLC/Product_Vision/1.1_Product_Vision.md,PATH:00_GOVERNANCE/06_Templates/PLC/Product_Vision/1.1_Product_Vision.md,path_locator_only,governance/06_Templates,md,live_repository_path:tracked,tracked,unverified_no_authority_inferred,not_assessed_at_m0,unresolved,unique,utf8,preserve_in_place_pending_later_semantic_disposition,ac601844491ec4f649f59a7808a207600eef20634a6cc8f6f4d397a627f83707,1508
00_GOVERNANCE/06_Templates/PLC/Product_Vision/1.1_Product_Vision_Template.md,PATH:00_GOVERNANCE/06_Templates/PLC/Product_Vision/1.1_Product_Vision_Template.md,path_locator_only,governance/06_Templates,md,live_repository_path:tracked,tracked,unverified_no_authority_inferred,not_assessed_at_m0,unresolved,unique,utf8,preserve_in_place_pending_later_semantic_disposition,a56196c632c62fade2f80f260d0cdf63c6387934cb6e45a71c0231925143e872,999
00_GOVERNANCE/06_Templates/PLC/Product_Vision/PLC_Chapter_10_Product_Vision.md,PATH:00_GOVERNANCE/06_Templates/PLC/Product_Vision/PLC_Chapter_10_Product_Vision.md,path_locator_only,governance/06_Templates,md,live_repository_path:tracked,tracked,unverified_no_authority_inferred,not_assessed_at_m0,unresolved,unique,utf8,preserve_in_place_pending_later_semantic_disposition,62d2f1ae489d5b7f22a58ef5e3d5b9d6da35bd2f91575cf5eb837f7a932cc9f5,8303
00_GOVERNANCE/06_Templates/PLC/Product_Vision/PLC_Chapter_10_Product_Vision_Features.md,PATH:00_GOVERNANCE/06_Templates/PLC/Product_Vision/PLC_Chapter_10_Product_Vision_Features.md,path_locator_only,governance/06_Templates,md,live_repository_path:tracked,tracked,unverified_no_authority_inferred,not_assessed_at_m0,unresolved,unique,utf8,preserve_in_place_pending_later_semantic_disposition,96b4b100539fc3757deccc4c4c76fe933d6774da813851bf5eae59891fb53195,11321
00_GOVERNANCE/06_Templates/PLC/Product_Vision/README.md,PATH:00_GOVERNANCE/06_Templates/PLC/Product_Vision/README.md,path_locator_only,governance/06_Templates,md,live_repository_path:tracked,tracked,unverified_no_authority_inferred,not_assessed_at_m0,unresolved,unique,utf8,preserve_in_place_pending_later_semantic_disposition,2eb901399332f45f38d43abff54f0b9ac7991e731a94411a2b3efb26646acb1f,466
00_GOVERNANCE/99-Notes/Imported_IaaC_Product_Vision/README.md,PATH:00_GOVERNANCE/99-Notes/Imported_IaaC_Product_Vision/README.md,path_locator_only,governance/99-Notes,md,live_repository_path:tracked,tracked,unverified_no_authority_inferred,not_assessed_at_m0,unresolved,unique,utf8,preserve_in_place_pending_later_semantic_disposition,3515609b69c55449c6fa7aa61dfdec23f971f7c0f90b0f575f4fab92a9e2303e,376
00_GOVERNANCE/99-Notes/Imported_IaaC_Product_Vision/product_vision.json,PATH:00_GOVERNANCE/99-Notes/Imported_IaaC_Product_Vision/product_vision.json,path_locator_only,governance/99-Notes,json,live_repository_path:tracked,tracked,unverified_no_authority_inferred,not_assessed_at_m0,unresolved,unique,utf8,preserve_in_place_pending_later_semantic_disposition,74fa746554600da880e18faef9fb59d42b6af28b83cb2d00fb35a74f47d4c113,6492
00_GOVERNANCE/99-Notes/Imported_IaaC_Product_Vision/product_vision.md,PATH:00_GOVERNANCE/99-Notes/Imported_IaaC_Product_Vision/product_vision.md,path_locator_only,governance/99-Notes,md,live_repository_path:tracked,tracked,unverified_no_authority_inferred,not_assessed_at_m0,unresolved,unique,utf8,preserve_in_place_pending_later_semantic_disposition,d3c4a7881f9928ff0257b1a1890d0e67d2bb1deb30521ebfd38bb0ea16cec20f,5649
00_GOVERNANCE/99-Notes/Imported_IaaC_Product_Vision/purpose.md,PATH:00_GOVERNANCE/99-Notes/Imported_IaaC_Product_Vision/purpose.md,path_locator_only,governance/99-Notes,md,live_repository_path:tracked,tracked,unverified_no_authority_inferred,not_assessed_at_m0,unresolved,unique,utf8,preserve_in_place_pending_later_semantic_disposition,c8631120443e50edd3f3164552f810bf860317378aa78f1853e815f90525f862,2635
00_GOVERNANCE/99-Notes/SYMK-NOTE-001_Multi-Layer_Concept_Specification_v0.1.md,SYMK-NOTE-001,detected_in_content,governance/99-Notes,md,live_repository_path:tracked,tracked,declared_non_normative,declared:Proposed Engineering Standard,unresolved,unique,utf8,preserve_in_place_pending_later_semantic_disposition,4411ea98adfb4cb6ef00d1ff6affc6bad8b859cec84b8679c8ed334ded85ba54,4433
00_GOVERNANCE/CANONICAL_DOCUMENTS.md,DR-001,detected_in_content,governance/root,md,live_repository_path:tracked,tracked,declared_canonical_claim_requires_registry_verification,declared:Canonical index,unresolved,unique,utf8,preserve_in_place_pending_later_semantic_disposition,12ff4f380201380b5925442fdab4ec8084333c1762be8afdb83067d71e22b64b,5456
00_GOVERNANCE/DOCUMENT_REGISTRY.md,SYMK-2X-PLAN-002,declared_in_content,governance/root,md,live_repository_path:tracked,tracked,declared_canonical_claim_requires_registry_verification,declared:Canonical registry,unresolved,unique,utf8,preserve_in_place_pending_later_semantic_disposition,a1153fa9b7d8b35d36aa07d4b5c63c75eb2340117beb0b28ade6884f6c79d830,11414
00_GOVERNANCE/G2_REFACTORING_REPORT.md,PATH:00_GOVERNANCE/G2_REFACTORING_REPORT.md,path_locator_only,governance/root,md,live_repository_path:tracked,tracked,unverified_no_authority_inferred,not_assessed_at_m0,unresolved,unique,utf8,preserve_in_place_pending_later_semantic_disposition,751fefd60ad411f687bb3c5774d841ab2efcafa0480e018ff970cb691606d2f7,149
00_GOVERNANCE/PRRs/PRR-0001_Entity.md,PRR-0001,detected_in_content,governance/PRRs,md,live_repository_path:tracked,tracked,unverified_no_authority_inferred,not_assessed_at_m0,unresolved,unique,utf8,preserve_in_place_pending_later_semantic_disposition,764cbbfa7b740c2c4cd9372118cafd3631e1c58f9ea43aba2bbd1e923716cb95,18
00_GOVERNANCE/PRRs/PRR-0002_Relationship.md,PRR-0002,detected_in_content,governance/PRRs,md,live_repository_path:tracked,tracked,unverified_no_authority_inferred,not_assessed_at_m0,unresolved,unique,utf8,preserve_in_place_pending_later_semantic_disposition,06493890d23bfa3da976db76e2c5c82a277804d3f9fd328233f327281cae37ad,24
00_GOVERNANCE/PRRs/PRR-0002_Relationship_v0.2.md,PRR-0002,detected_in_content,governance/PRRs,md,live_repository_path:tracked,tracked,unverified_no_authority_inferred,declared:In Progress\,unresolved,unique,utf8,preserve_in_place_pending_later_semantic_disposition,5b39b727e40ff8f20d9e8fdea0b614ea15c009ff45331d6d4c987752e2e2c6a5,2353
00_GOVERNANCE/README.md,DR-008,detected_in_content,governance/root,md,live_repository_path:tracked,tracked,declared_canonical_claim_requires_registry_verification,declared:Canonical governance entry point,unresolved,unique,utf8,preserve_in_place_pending_later_semantic_disposition,eae47541dcec6a2baf1f3a401f4aa21a0ba3dd9f9179f7dc7b7c6373d77886e1,1800
02_CORE_MODEL/README.md,SYMK-P,detected_in_content,core_model_candidate,md,pause_observation_scaffold:untracked,untracked,none_proposed_noncanonical,declared:Proposed scaffold,unresolved,unique,utf8,retain_as_proposed_evidence_pending_2.1.4_and_2.5,ca0c35f287ef2d0d4ebceaa8b2103711226ea348d74d977438f912689aa7727f,2324
02_CORE_MODEL/semantic_packages/README.md,PATH:02_CORE_MODEL/semantic_packages/README.md,path_locator_only,core_model_candidate,md,pause_observation_scaffold:untracked,untracked,none_proposed_noncanonical,declared:Proposed scaffold,unresolved,unique,utf8,retain_as_proposed_evidence_pending_2.1.4_and_2.5,80528824b7cad86bc6178db65925288c6a4a7c6588b922b8cead588b9ba8249f,4909
02_CORE_MODEL/semantic_packages/document/CHANGELOG.md,PATH:02_CORE_MODEL/semantic_packages/document/CHANGELOG.md,path_locator_only,core_model_candidate,md,pause_observation_scaffold:untracked,untracked,none_proposed_noncanonical,proposed_observation_scaffold,unresolved,unique,utf8,retain_as_proposed_evidence_pending_2.1.4_and_2.5,b996ff34503e556dc9046e87a6d97505af197ee6c3c1d594f14d857d898eec1b,1048
02_CORE_MODEL/semantic_packages/document/README.md,symk.semantic.document,declared_in_content,core_model_candidate,md,pause_observation_scaffold:untracked,untracked,none_proposed_noncanonical,declared:Proposed,unresolved,unique,utf8,retain_as_proposed_evidence_pending_2.1.4_and_2.5,54bf137d4f6403817b654fd97cfb1a8566c1c5353b0b2d04bc3f55912e5ba410,4485
02_CORE_MODEL/semantic_packages/document/definitions/document-property-profile.md,PATH:02_CORE_MODEL/semantic_packages/document/definitions/document-property-profile.md,path_locator_only,core_model_candidate,md,pause_observation_scaffold:untracked,untracked,none_proposed_noncanonical,declared:Proposed,unresolved,unique,utf8,retain_as_proposed_evidence_pending_2.1.4_and_2.5,9d5b7600d6a0640a7010ceda1e556e30ab8547daec5c0e22bb640b6a74e0f171,3402
02_CORE_MODEL/semantic_packages/document/definitions/document-type.md,symk.document_type,declared_in_content,core_model_candidate,md,pause_observation_scaffold:untracked,untracked,none_proposed_noncanonical,declared:Proposed,unresolved,unique,utf8,retain_as_proposed_evidence_pending_2.1.4_and_2.5,357b282585c5969e0c83849af3dff195bfbc0cd60462ecd45eec399658554fd5,2150
02_CORE_MODEL/semantic_packages/document/definitions/document.md,symk.document,declared_in_content,core_model_candidate,md,pause_observation_scaffold:untracked,untracked,none_proposed_noncanonical,declared:Proposed,unresolved,unique,utf8,retain_as_proposed_evidence_pending_2.1.4_and_2.5,e29e35b0db867da7f1a119625270540b0e330ef6cb148bab8451957669a51721,2455
02_CORE_MODEL/semantic_packages/document/definitions/properties/classified-as-type.md,symk.document.classified_as_type,declared_in_content,core_model_candidate,md,pause_observation_scaffold:untracked,untracked,none_proposed_noncanonical,declared:Proposed,unresolved,unique,utf8,retain_as_proposed_evidence_pending_2.1.4_and_2.5,0ecead75a8a1968dd116b163ff0797125fec654438b323762c11aa407398f493,3568
02_CORE_MODEL/semantic_packages/document/examples/counterexamples.yaml,PATH:02_CORE_MODEL/semantic_packages/document/examples/counterexamples.yaml,path_locator_only,core_model_candidate,yaml,pause_observation_scaffold:untracked,untracked,none_proposed_noncanonical,declared:illustrative,unresolved,unique,utf8,retain_as_proposed_evidence_pending_2.1.4_and_2.5,e03139a77c118ddf80d06f5a05d6aaa93709ac3112cc193de6f1a7804bfc33e5,2308
02_CORE_MODEL/semantic_packages/document/examples/valid-assertions.yaml,PATH:02_CORE_MODEL/semantic_packages/document/examples/valid-assertions.yaml,path_locator_only,core_model_candidate,yaml,pause_observation_scaffold:untracked,untracked,none_proposed_noncanonical,declared:illustrative,unresolved,unique,utf8,retain_as_proposed_evidence_pending_2.1.4_and_2.5,b66f57cdb35de0457cb7a5cf709244e6047b61b7b27f184a7ebadbf08a8dac70,1621
02_CORE_MODEL/semantic_packages/document/manifest.yaml,SYMK-2X-DR-009,detected_in_content,core_model_candidate,yaml,pause_observation_scaffold:untracked,untracked,none_proposed_noncanonical,proposed_observation_scaffold,unresolved,unique,utf8,retain_as_proposed_evidence_pending_2.1.4_and_2.5,5186b7f8123898e077adec4b25c80278c771011f0b62c3fd43d499cf14890aaa,5927
02_CORE_MODEL/semantic_packages/document/semantics/alignment.yaml,symk.semantic.document,declared_in_content,core_model_candidate,yaml,pause_observation_scaffold:untracked,untracked,none_proposed_noncanonical,declared:proposed,unresolved,unique,utf8,retain_as_proposed_evidence_pending_2.1.4_and_2.5,f46805b20505f436b1d1079980b165681f40c779112075ad58046582874fb02a,3751
02_CORE_MODEL/semantic_packages/document/semantics/package.yaml,SYMK-2X-DR-010,detected_in_content,core_model_candidate,yaml,pause_observation_scaffold:untracked,untracked,none_proposed_noncanonical,declared:proposed,unresolved,unique,utf8,retain_as_proposed_evidence_pending_2.1.4_and_2.5,c07d59d347384aae4fc9a3860df31ac6c13dbe71628576246247c5b6395bcb2b,1898
02_CORE_MODEL/semantic_packages/document/semantics/profiles/document-core-properties.yaml,symk.semantic.property,declared_in_content,core_model_candidate,yaml,pause_observation_scaffold:untracked,untracked,none_proposed_noncanonical,declared:proposed,unresolved,unique,utf8,retain_as_proposed_evidence_pending_2.1.4_and_2.5,dfad53008fb7d8677556d74e55900fc2bcf62d0e954567195dfcf67e9ebde65d,2556
02_CORE_MODEL/semantic_packages/document/semantics/properties/classified-as-type.yaml,symk.semantic.property,declared_in_content,core_model_candidate,yaml,pause_observation_scaffold:untracked,untracked,none_proposed_noncanonical,declared:proposed,unresolved,unique,utf8,retain_as_proposed_evidence_pending_2.1.4_and_2.5,9bf26a936b007190aad073fc3e350566b3fdd87b7fc2149d62b6f482b7e63c71,2073
02_CORE_MODEL/semantic_packages/property/CHANGELOG.md,PATH:02_CORE_MODEL/semantic_packages/property/CHANGELOG.md,path_locator_only,core_model_candidate,md,pause_observation_scaffold:untracked,untracked,none_proposed_noncanonical,proposed_observation_scaffold,unresolved,unique,utf8,retain_as_proposed_evidence_pending_2.1.4_and_2.5,38ed4114e655acb1bbd115ce96862ad35a378b3d21eb9c2240c88e01ade21710,510
02_CORE_MODEL/semantic_packages/property/README.md,symk.semantic.property,declared_in_content,core_model_candidate,md,pause_observation_scaffold:untracked,untracked,none_proposed_noncanonical,declared:Proposed,unresolved,unique,utf8,retain_as_proposed_evidence_pending_2.1.4_and_2.5,89e559338ddfa127e66b22ec1d665bfd41325babb760d7e13e6bb83a2fb52eee,2133
02_CORE_MODEL/semantic_packages/property/definitions/property-applicability-profile.md,symk.property_applicability_profile,declared_in_content,core_model_candidate,md,pause_observation_scaffold:untracked,untracked,none_proposed_noncanonical,declared:Proposed,unresolved,unique,utf8,retain_as_proposed_evidence_pending_2.1.4_and_2.5,efb444e079069415179bdda9a895983fd3a46627d58e818489e875f2ba60c36f,2164
02_CORE_MODEL/semantic_packages/property/definitions/property-assertion.md,symk.property_assertion,declared_in_content,core_model_candidate,md,pause_observation_scaffold:untracked,untracked,none_proposed_noncanonical,declared:Proposed,unresolved,unique,utf8,retain_as_proposed_evidence_pending_2.1.4_and_2.5,221b43dcb7618e18cfa47ffb7e9a1390d0c9bdcf2ed18a8f03d88bcde2a78a3d,2701
02_CORE_MODEL/semantic_packages/property/definitions/property-definition.md,symk.property_definition,declared_in_content,core_model_candidate,md,pause_observation_scaffold:untracked,untracked,none_proposed_noncanonical,declared:Proposed,unresolved,unique,utf8,retain_as_proposed_evidence_pending_2.1.4_and_2.5,9e9d0d79c12ec3b5ee2e61b60002a577ee817f11283e9aeb80748b31db17ed1f,2457
02_CORE_MODEL/semantic_packages/property/definitions/property-value.md,symk.property_value,declared_in_content,core_model_candidate,md,pause_observation_scaffold:untracked,untracked,none_proposed_noncanonical,declared:Proposed,unresolved,unique,utf8,retain_as_proposed_evidence_pending_2.1.4_and_2.5,0e3844a52a7d3ebc661db4c4cdac613ac4d061d0a386bd4ef92f139edb133326,1917
02_CORE_MODEL/semantic_packages/property/definitions/property.md,symk.property,declared_in_content,core_model_candidate,md,pause_observation_scaffold:untracked,untracked,none_proposed_noncanonical,declared:Proposed,unresolved,unique,utf8,retain_as_proposed_evidence_pending_2.1.4_and_2.5,8a9a1d8563cd6166a4650e80e5be10017b83aff97a587311abff8123c918ded4,2210
02_CORE_MODEL/semantic_packages/property/examples/counterexamples.yaml,PATH:02_CORE_MODEL/semantic_packages/property/examples/counterexamples.yaml,path_locator_only,core_model_candidate,yaml,pause_observation_scaffold:untracked,untracked,none_proposed_noncanonical,declared:illustrative,unresolved,unique,utf8,retain_as_proposed_evidence_pending_2.1.4_and_2.5,0f6edfa8d4587134fcd87e9accb094e7773f771f47463d1a5a0418d1b7aecbf6,2243
02_CORE_MODEL/semantic_packages/property/examples/valid-property-model.yaml,PATH:02_CORE_MODEL/semantic_packages/property/examples/valid-property-model.yaml,path_locator_only,core_model_candidate,yaml,pause_observation_scaffold:untracked,untracked,none_proposed_noncanonical,declared:illustrative,unresolved,unique,utf8,retain_as_proposed_evidence_pending_2.1.4_and_2.5,e3ee7d1ae44458a21d07c03852f38ecce7cf1a72a1cb20a65d95213d548c0f29,1458
02_CORE_MODEL/semantic_packages/property/manifest.yaml,SYMK-2X-DR-009,detected_in_content,core_model_candidate,yaml,pause_observation_scaffold:untracked,untracked,none_proposed_noncanonical,proposed_observation_scaffold,unresolved,unique,utf8,retain_as_proposed_evidence_pending_2.1.4_and_2.5,be27930c0ae17cf08baa1574f87707c2ea3a9836d19e5d22224881dbd5e7cc1c,4718
02_CORE_MODEL/semantic_packages/property/semantics/alignment.yaml,symk.semantic.property,declared_in_content,core_model_candidate,yaml,pause_observation_scaffold:untracked,untracked,none_proposed_noncanonical,declared:proposed,unresolved,unique,utf8,retain_as_proposed_evidence_pending_2.1.4_and_2.5,e8ed9fe48a7af2d6abea4023225caf7b3533bbe12537257cd05a27bbd6505c9f,4073
02_CORE_MODEL/semantic_packages/property/semantics/package.yaml,PATH:02_CORE_MODEL/semantic_packages/property/semantics/package.yaml,path_locator_only,core_model_candidate,yaml,pause_observation_scaffold:untracked,untracked,none_proposed_noncanonical,declared:proposed,unresolved,unique,utf8,retain_as_proposed_evidence_pending_2.1.4_and_2.5,52d16b8098e8946b75d58354e704397a06a2a9710e5f52521e9f50ef8d2a7eaf,4129
04_STANDARDS/STD-CUR-001_Knowledge_Family_Curation_Standard.md,PATH:04_STANDARDS/STD-CUR-001_Knowledge_Family_Curation_Standard.md,path_locator_only,04_STANDARDS,md,live_repository_path:tracked,tracked,unverified_no_authority_inferred,not_assessed_at_m0,unresolved,unique,utf8,preserve_in_place_pending_later_semantic_disposition,c8234ea71abd94cb96d9b075767538ebe6a2e5b68445f30dd46220ac24474035,26
07_EXPERIMENTS/Exploracao_da_Inteligencia_Edicao_Academica_PTBR.pdf,PATH:07_EXPERIMENTS/Exploracao_da_Inteligencia_Edicao_Academica_PTBR.pdf,path_locator_only,experiment,pdf,live_repository_path:tracked,tracked,unverified_no_authority_inferred,not_assessed_at_m0,unresolved,unique,binary,preserve_in_place_pending_later_semantic_disposition,ceade20745d5b40c81751d377ff219eb0533b651db00d252ed5ff9319225380a,3067
07_EXPERIMENTS/Intelligence_Exploration_Academic_Edition.pdf,PATH:07_EXPERIMENTS/Intelligence_Exploration_Academic_Edition.pdf,path_locator_only,experiment,pdf,live_repository_path:tracked,tracked,unverified_no_authority_inferred,not_assessed_at_m0,unresolved,unique,binary,preserve_in_place_pending_later_semantic_disposition,5f0574dbb33cc15f4559fa49fbb0d7c68eb02f09e09bade0d58ecae8ddd730e2,2961
07_EXPERIMENTS/Intelligence_Exploration_Annotated_Edition.md,PATH:07_EXPERIMENTS/Intelligence_Exploration_Annotated_Edition.md,path_locator_only,experiment,md,live_repository_path:tracked,tracked,unverified_no_authority_inferred,not_assessed_at_m0,unresolved,unique,utf8,preserve_in_place_pending_later_semantic_disposition,1a1d5a9e83fec69d91f15f0a15227074f55a9fd5e5241dcf01413338233c34d5,7857
07_EXPERIMENTS/Intelligence_Exploration_Annotated_Edition_FULL.md,PATH:07_EXPERIMENTS/Intelligence_Exploration_Annotated_Edition_FULL.md,path_locator_only,experiment,md,live_repository_path:tracked,tracked,unverified_no_authority_inferred,not_assessed_at_m0,unresolved,unique,utf8,preserve_in_place_pending_later_semantic_disposition,490208fb3a5e202c640873531bab36b079c61faaee223cc8b3586beb181205e6,16242
07_EXPERIMENTS/Intelligence_Exploration_Deep_Expansion.md,PATH:07_EXPERIMENTS/Intelligence_Exploration_Deep_Expansion.md,path_locator_only,experiment,md,live_repository_path:tracked,tracked,unverified_no_authority_inferred,not_assessed_at_m0,unresolved,unique,utf8,preserve_in_place_pending_later_semantic_disposition,6c8025cc794540cc26c7d3eb7c3b82f8656aa139d63388113f04e14a03b4fc9e,1710
07_EXPERIMENTS/Intelligence_Exploration_Transcript.md,PATH:07_EXPERIMENTS/Intelligence_Exploration_Transcript.md,path_locator_only,experiment,md,live_repository_path:tracked,tracked,unverified_no_authority_inferred,not_assessed_at_m0,unresolved,unique,utf8,preserve_in_place_pending_later_semantic_disposition,e272aecbc1bdec6e10d20f8bee039d244017d1391223582cb50b24aeb0d7c13c,15706
07_EXPERIMENTS/README.md,PATH:07_EXPERIMENTS/README.md,path_locator_only,experiment,md,live_repository_path:tracked,tracked,unverified_no_authority_inferred,not_assessed_at_m0,unresolved,unique,utf8,preserve_in_place_pending_later_semantic_disposition,5c250d13b836eb9a795c144382d58b965a01e941c5530108e92e24cd180b8b31,7776
07_EXPERIMENTS/Teleology_Discussion_Transcript.md,PATH:07_EXPERIMENTS/Teleology_Discussion_Transcript.md,path_locator_only,experiment,md,live_repository_path:tracked,tracked,unverified_no_authority_inferred,not_assessed_at_m0,unresolved,unique,utf8,preserve_in_place_pending_later_semantic_disposition,a2e6e8d04e555ba7a806ba26ef6bee8ac95b1050261b5490f65345d60ae6a5f8,7460
07_EXPERIMENTS/Teleology_to_Intelligence_Brainstorm_FULL.md,PATH:07_EXPERIMENTS/Teleology_to_Intelligence_Brainstorm_FULL.md,path_locator_only,experiment,md,live_repository_path:tracked,tracked,unverified_no_authority_inferred,not_assessed_at_m0,unresolved,unique,utf8,preserve_in_place_pending_later_semantic_disposition,95e51217d348876f46bf1c9847991f6666d78eed384a3d79ffdd9cc6a87dfb12,10458
08_NOTES/The Documents taxxonomy Problem.md,PATH:08_NOTES/The Documents taxxonomy Problem.md,path_locator_only,08_NOTES,md,live_repository_path:tracked,tracked,unverified_no_authority_inferred,declared:Foundational working paper,unresolved,unique,utf8,preserve_in_place_pending_later_semantic_disposition,d21ded3061ecb24b940fefbb3dc3fddc0794f964f29a8d8bf3d4d8d8e897fdf8,69766
99 - Checkpoint/FM-001_SymK_Discovery_Method.md,PATH:99 - Checkpoint/FM-001_SymK_Discovery_Method.md,path_locator_only,historical_checkpoint,md,live_repository_path:tracked,tracked,unverified_no_authority_inferred,not_assessed_at_m0,unresolved,unique,utf8,preserve_as_source_or_historical_evidence_pending_lineage,e106c3f35e81b47156b8332e609cd899f0eea0c9711b5fbabd041363437c62f3,623
99 - Checkpoint/FP-001_SymK_Validation_Protocol.md,FP-001,detected_in_content,historical_checkpoint,md,live_repository_path:tracked,tracked,unverified_no_authority_inferred,not_assessed_at_m0,unresolved,unique,utf8,preserve_as_source_or_historical_evidence_pending_lineage,8b067d415c385faf20cfae30b00d2b43b7fa8679019589a780e33921c2225a10,391
99 - Checkpoint/FS-001_Foundation_Snapshot.md,PATH:99 - Checkpoint/FS-001_Foundation_Snapshot.md,path_locator_only,historical_checkpoint,md,live_repository_path:tracked,tracked,unverified_no_authority_inferred,not_assessed_at_m0,unresolved,unique,utf8,preserve_as_source_or_historical_evidence_pending_lineage,1fd25215de1e6992434c913a1ccf5180f65bdb894adf0877ee7ad1a64dc2397b,515
99 - Checkpoint/README(7).md,FP-001,detected_in_content,historical_checkpoint,md,live_repository_path:tracked,tracked,unverified_no_authority_inferred,not_assessed_at_m0,unresolved,unique,utf8,preserve_as_source_or_historical_evidence_pending_lineage,72fe020a9a8288420330d651ac6df87de2f079dabd5462f86f8bba6432eb6811,325
CANONICAL_ASSETS.md,PATH:CANONICAL_ASSETS.md,path_locator_only,repository_control_or_migration,md,live_repository_path:tracked,tracked,unverified_no_authority_inferred,not_assessed_at_m0,unresolved,unique,utf8,preserve_in_place_pending_later_semantic_disposition,4debadf0811a1adfcfa8ad0be7a7ea545b7aac8c1a6d117041776972d3375645,412
Knowledge/Architectural_Decisions/Assets/README.md,PATH:Knowledge/Architectural_Decisions/Assets/README.md,path_locator_only,knowledge_family/Architectural_Decisions,md,live_repository_path:tracked,tracked,unverified_no_authority_inferred,not_assessed_at_m0,unresolved,sha256:e99a6ed400acbe6a,utf8,preserve_in_place_pending_later_semantic_disposition,e99a6ed400acbe6aee307a6d7dd8d919d4ad9d951be3242162894ac4aaec8af2,9
Knowledge/Architectural_Decisions/Canonical/README.md,PATH:Knowledge/Architectural_Decisions/Canonical/README.md,path_locator_only,knowledge_family/Architectural_Decisions,md,live_repository_path:tracked,tracked,path_claims_canonical_requires_registry_verification,not_assessed_at_m0,unresolved,sha256:9540d6a67018e83a,utf8,preserve_current_placement_pending_governed_canonical_audit,9540d6a67018e83a6b0765b226f328a7b7258da323866f87a9a582db3e2997a8,12
Knowledge/Architectural_Decisions/Curation/CANONICAL_ASSESSMENT.md,PATH:Knowledge/Architectural_Decisions/Curation/CANONICAL_ASSESSMENT.md,path_locator_only,knowledge_family/Architectural_Decisions,md,curation_record:tracked,tracked,unverified_no_authority_inferred,curation_state_unassessed,unresolved,sha256:c1ee8be28520b108,utf8,preserve_in_place_pending_later_semantic_disposition,c1ee8be28520b108173719e7af36863c765e389f39c4e7b4517277cc61673e55,35
Knowledge/Architectural_Decisions/Curation/DECISION_LOG.md,PATH:Knowledge/Architectural_Decisions/Curation/DECISION_LOG.md,path_locator_only,knowledge_family/Architectural_Decisions,md,curation_record:tracked,tracked,unverified_no_authority_inferred,curation_state_unassessed,unresolved,sha256:fa4c0d6ef60d4d6f,utf8,preserve_in_place_pending_later_semantic_disposition,fa4c0d6ef60d4d6f00d86a4a0eb0eb3cb9ca63fedf9c4c2e6afb0fb00944034b,27
Knowledge/Architectural_Decisions/Curation/FAMILY_MANIFEST.md,PATH:Knowledge/Architectural_Decisions/Curation/FAMILY_MANIFEST.md,path_locator_only,knowledge_family/Architectural_Decisions,md,curation_record:tracked,tracked,unverified_no_authority_inferred,curation_state_unassessed,unresolved,sha256:159934ad88090e0f,utf8,preserve_in_place_pending_later_semantic_disposition,159934ad88090e0f88c2ec9673aaff4adbb4e6ed641437753e0f6788a625f037,30
Knowledge/Architectural_Decisions/Curation/INVENTORY.md,PATH:Knowledge/Architectural_Decisions/Curation/INVENTORY.md,path_locator_only,knowledge_family/Architectural_Decisions,md,curation_record:tracked,tracked,unverified_no_authority_inferred,curation_state_unassessed,unresolved,sha256:4bd3f5d8b8b065ad,utf8,preserve_in_place_pending_later_semantic_disposition,4bd3f5d8b8b065ad7a82ad0cf0a8313a0784015bbaae840c75f5cb7cfb5669ff,24
Knowledge/Architectural_Decisions/Curation/LINEAGE.md,PATH:Knowledge/Architectural_Decisions/Curation/LINEAGE.md,path_locator_only,knowledge_family/Architectural_Decisions,md,curation_record:tracked,tracked,unverified_no_authority_inferred,curation_state_unassessed,unresolved,sha256:a1725e41479885da,utf8,preserve_in_place_pending_later_semantic_disposition,a1725e41479885daf833a4262c299b1fb7e17c9591c74777336ef97d881e3867,22
Knowledge/Architectural_Decisions/Curation/OPEN_QUESTIONS.md,PATH:Knowledge/Architectural_Decisions/Curation/OPEN_QUESTIONS.md,path_locator_only,knowledge_family/Architectural_Decisions,md,curation_record:tracked,tracked,unverified_no_authority_inferred,curation_state_unassessed,unresolved,sha256:ee451084a6f54663,utf8,preserve_in_place_pending_later_semantic_disposition,ee451084a6f546631955db72277581724f8d70cc18c3d69e133f4304377c55a6,29
Knowledge/Architectural_Decisions/Curation/QUALITY_REPORT.md,PATH:Knowledge/Architectural_Decisions/Curation/QUALITY_REPORT.md,path_locator_only,knowledge_family/Architectural_Decisions,md,curation_record:tracked,tracked,unverified_no_authority_inferred,curation_state_unassessed,unresolved,sha256:f343145abbfffbb5,utf8,preserve_in_place_pending_later_semantic_disposition,f343145abbfffbb53abfb7ddde1d2b4d4bd55d9b2e245dd1a0770bd10fdf7227,29
Knowledge/Architectural_Decisions/Curation/README.md,PATH:Knowledge/Architectural_Decisions/Curation/README.md,path_locator_only,knowledge_family/Architectural_Decisions,md,curation_record:tracked,tracked,unverified_no_authority_inferred,curation_state_unassessed,unresolved,sha256:31c03b6142425333,utf8,preserve_in_place_pending_later_semantic_disposition,31c03b6142425333fe1e1e276fbbf8518f9c2bb261d864583e1bd8d023054b57,11
Knowledge/Architectural_Decisions/Curation/ROADMAP.md,PATH:Knowledge/Architectural_Decisions/Curation/ROADMAP.md,path_locator_only,knowledge_family/Architectural_Decisions,md,curation_record:tracked,tracked,unverified_no_authority_inferred,curation_state_unassessed,unresolved,sha256:4c43011131cd772c,utf8,preserve_in_place_pending_later_semantic_disposition,4c43011131cd772c3de9b9a4bc03d8701c537557f7ef9d5c931d591d585ac393,22
Knowledge/Architectural_Decisions/META.yaml,PATH:Knowledge/Architectural_Decisions/META.yaml,path_locator_only,knowledge_family/Architectural_Decisions,yaml,live_repository_path:tracked,tracked,declared_non_normative,declared:Draft,unresolved,unique,utf8,preserve_in_place_pending_later_semantic_disposition,ce762690333366ec2e84d69fa0df79f8ac8c58df211dbfad327a868185715e2a,59
Knowledge/Architectural_Decisions/README.md,PATH:Knowledge/Architectural_Decisions/README.md,path_locator_only,knowledge_family/Architectural_Decisions,md,live_repository_path:tracked,tracked,unverified_no_authority_inferred,not_assessed_at_m0,unresolved,unique,utf8,preserve_in_place_pending_later_semantic_disposition,b7610ab210204b081d3120e73c6f164ee447489c7fb24e4eeb29dfe836132a49,26
Knowledge/Architectural_Decisions/Sources/1.6.1_Decision_Framework_Template.md,PATH:Knowledge/Architectural_Decisions/Sources/1.6.1_Decision_Framework_Template.md,path_locator_only,knowledge_family/Architectural_Decisions,md,preserved_source_material:tracked,tracked,unverified_no_authority_inferred,historical_or_source_unassessed,unresolved,unique,utf8,preserve_as_source_or_historical_evidence_pending_lineage,02d8088a510efc7ff3c68772d15f67e26b2be55749934fa0bcca7f7a3c8c7cee,2102
Knowledge/Architectural_Decisions/Sources/1.6.1_Decision_Framework_Template2.md,PATH:Knowledge/Architectural_Decisions/Sources/1.6.1_Decision_Framework_Template2.md,path_locator_only,knowledge_family/Architectural_Decisions,md,preserved_source_material:tracked,tracked,unverified_no_authority_inferred,historical_or_source_unassessed,unresolved,unique,utf8,preserve_as_source_or_historical_evidence_pending_lineage,9ada45f033bde323765d4bb2ed3cd25166138aa8c9229fc14d30c4f54ef817b2,2953
Knowledge/Architectural_Decisions/Sources/Decision_Log.md,PATH:Knowledge/Architectural_Decisions/Sources/Decision_Log.md,path_locator_only,knowledge_family/Architectural_Decisions,md,preserved_source_material:tracked,tracked,unverified_no_authority_inferred,historical_or_source_unassessed,unresolved,sha256:e3b0c44298fc1c14,empty,preserve_as_source_or_historical_evidence_pending_lineage,e3b0c44298fc1c149afbf4c8996fb92427ae41e4649b934ca495991b7852b855,0
Knowledge/Architectural_Decisions/Sources/README.md,PATH:Knowledge/Architectural_Decisions/Sources/README.md,path_locator_only,knowledge_family/Architectural_Decisions,md,preserved_source_material:tracked,tracked,unverified_no_authority_inferred,historical_or_source_unassessed,unresolved,sha256:0062c9ee8257ba99,utf8,preserve_as_source_or_historical_evidence_pending_lineage,0062c9ee8257ba99b69a244de24abd28ea27d19101d62bab5d9584ccb433e56b,10
Knowledge/Architectural_Decisions/Sources/SYMK-PLAN-001_Architecture_Roadmap_v0.1.md,SYMK-PLAN-001,detected_in_content,knowledge_family/Architectural_Decisions,md,preserved_source_material:tracked,tracked,declared_non_normative,declared:Working Draft\,unresolved,unique,utf8,preserve_as_source_or_historical_evidence_pending_lineage,a661488023a57a34e7c665d6e6e36456cce1a129c55ba51bc22e3880113ac2fc,2505
Knowledge/Architectural_Decisions/Sources/SymK-_supporting_architecture.docx,PATH:Knowledge/Architectural_Decisions/Sources/SymK-_supporting_architecture.docx,path_locator_only,knowledge_family/Architectural_Decisions,docx,preserved_source_material:tracked,tracked,unverified_no_authority_inferred,historical_or_source_unassessed,unresolved,unique,binary,preserve_as_source_or_historical_evidence_pending_lineage,3c7d58878437a077728e199a60235fbc2d6daef676a7c5386993a411b7fcfd40,51809
Knowledge/Architectural_Decisions/Sources/SymK_FastAPI_Endpoint_Architecture_Guideline.md,PATH:Knowledge/Architectural_Decisions/Sources/SymK_FastAPI_Endpoint_Architecture_Guideline.md,path_locator_only,knowledge_family/Architectural_Decisions,md,preserved_source_material:tracked,tracked,unverified_no_authority_inferred,historical_or_source_unassessed,unresolved,unique,utf8,preserve_as_source_or_historical_evidence_pending_lineage,66d3eef704eefb72a1925cba3e50fb4dbc5f6eafd0220003a8bbf056f4f274db,3989
Knowledge/Architectural_Decisions/Sources/phase_template.json,PATH:Knowledge/Architectural_Decisions/Sources/phase_template.json,path_locator_only,knowledge_family/Architectural_Decisions,json,preserved_source_material:tracked,tracked,unverified_no_authority_inferred,historical_or_source_unassessed,unresolved,unique,utf8,preserve_as_source_or_historical_evidence_pending_lineage,bce16ac748dca41af30a3473eefd39d15431e6a49488f759231beb86c078ae1c,1012
Knowledge/Architectural_Decisions/Sources/web_product_architecture_statement_of_truth.md,PATH:Knowledge/Architectural_Decisions/Sources/web_product_architecture_statement_of_truth.md,path_locator_only,knowledge_family/Architectural_Decisions,md,preserved_source_material:tracked,tracked,unverified_no_authority_inferred,declared:This reflects the agreed understanding as of the latest SymK / web architecture discussion.,unresolved,unique,utf8,preserve_as_source_or_historical_evidence_pending_lineage,aaa127baeffc81078f8a721cd7f83801a0e1e385718a3a7edf627c8a7e56aa3f,9087
Knowledge/Concept_Dossiers/Assets/README.md,PATH:Knowledge/Concept_Dossiers/Assets/README.md,path_locator_only,knowledge_family/Concept_Dossiers,md,live_repository_path:tracked,tracked,unverified_no_authority_inferred,not_assessed_at_m0,unresolved,sha256:e99a6ed400acbe6a,utf8,preserve_in_place_pending_later_semantic_disposition,e99a6ed400acbe6aee307a6d7dd8d919d4ad9d951be3242162894ac4aaec8af2,9
Knowledge/Concept_Dossiers/Canonical/README.md,PATH:Knowledge/Concept_Dossiers/Canonical/README.md,path_locator_only,knowledge_family/Concept_Dossiers,md,live_repository_path:tracked,tracked,path_claims_canonical_requires_registry_verification,not_assessed_at_m0,unresolved,sha256:9540d6a67018e83a,utf8,preserve_current_placement_pending_governed_canonical_audit,9540d6a67018e83a6b0765b226f328a7b7258da323866f87a9a582db3e2997a8,12
Knowledge/Concept_Dossiers/Curation/CANONICAL_ASSESSMENT.md,PATH:Knowledge/Concept_Dossiers/Curation/CANONICAL_ASSESSMENT.md,path_locator_only,knowledge_family/Concept_Dossiers,md,curation_record:tracked,tracked,unverified_no_authority_inferred,curation_state_unassessed,unresolved,sha256:c1ee8be28520b108,utf8,preserve_in_place_pending_later_semantic_disposition,c1ee8be28520b108173719e7af36863c765e389f39c4e7b4517277cc61673e55,35
Knowledge/Concept_Dossiers/Curation/DECISION_LOG.md,PATH:Knowledge/Concept_Dossiers/Curation/DECISION_LOG.md,path_locator_only,knowledge_family/Concept_Dossiers,md,curation_record:tracked,tracked,unverified_no_authority_inferred,curation_state_unassessed,unresolved,sha256:fa4c0d6ef60d4d6f,utf8,preserve_in_place_pending_later_semantic_disposition,fa4c0d6ef60d4d6f00d86a4a0eb0eb3cb9ca63fedf9c4c2e6afb0fb00944034b,27
Knowledge/Concept_Dossiers/Curation/FAMILY_MANIFEST.md,PATH:Knowledge/Concept_Dossiers/Curation/FAMILY_MANIFEST.md,path_locator_only,knowledge_family/Concept_Dossiers,md,curation_record:tracked,tracked,unverified_no_authority_inferred,curation_state_unassessed,unresolved,sha256:159934ad88090e0f,utf8,preserve_in_place_pending_later_semantic_disposition,159934ad88090e0f88c2ec9673aaff4adbb4e6ed641437753e0f6788a625f037,30
Knowledge/Concept_Dossiers/Curation/INVENTORY.md,PATH:Knowledge/Concept_Dossiers/Curation/INVENTORY.md,path_locator_only,knowledge_family/Concept_Dossiers,md,curation_record:tracked,tracked,unverified_no_authority_inferred,curation_state_unassessed,unresolved,sha256:4bd3f5d8b8b065ad,utf8,preserve_in_place_pending_later_semantic_disposition,4bd3f5d8b8b065ad7a82ad0cf0a8313a0784015bbaae840c75f5cb7cfb5669ff,24
Knowledge/Concept_Dossiers/Curation/LINEAGE.md,PATH:Knowledge/Concept_Dossiers/Curation/LINEAGE.md,path_locator_only,knowledge_family/Concept_Dossiers,md,curation_record:tracked,tracked,unverified_no_authority_inferred,curation_state_unassessed,unresolved,sha256:a1725e41479885da,utf8,preserve_in_place_pending_later_semantic_disposition,a1725e41479885daf833a4262c299b1fb7e17c9591c74777336ef97d881e3867,22
Knowledge/Concept_Dossiers/Curation/OPEN_QUESTIONS.md,PATH:Knowledge/Concept_Dossiers/Curation/OPEN_QUESTIONS.md,path_locator_only,knowledge_family/Concept_Dossiers,md,curation_record:tracked,tracked,unverified_no_authority_inferred,curation_state_unassessed,unresolved,sha256:ee451084a6f54663,utf8,preserve_in_place_pending_later_semantic_disposition,ee451084a6f546631955db72277581724f8d70cc18c3d69e133f4304377c55a6,29
Knowledge/Concept_Dossiers/Curation/QUALITY_REPORT.md,PATH:Knowledge/Concept_Dossiers/Curation/QUALITY_REPORT.md,path_locator_only,knowledge_family/Concept_Dossiers,md,curation_record:tracked,tracked,unverified_no_authority_inferred,curation_state_unassessed,unresolved,sha256:f343145abbfffbb5,utf8,preserve_in_place_pending_later_semantic_disposition,f343145abbfffbb53abfb7ddde1d2b4d4bd55d9b2e245dd1a0770bd10fdf7227,29
Knowledge/Concept_Dossiers/Curation/README.md,PATH:Knowledge/Concept_Dossiers/Curation/README.md,path_locator_only,knowledge_family/Concept_Dossiers,md,curation_record:tracked,tracked,unverified_no_authority_inferred,curation_state_unassessed,unresolved,sha256:31c03b6142425333,utf8,preserve_in_place_pending_later_semantic_disposition,31c03b6142425333fe1e1e276fbbf8518f9c2bb261d864583e1bd8d023054b57,11
Knowledge/Concept_Dossiers/Curation/ROADMAP.md,PATH:Knowledge/Concept_Dossiers/Curation/ROADMAP.md,path_locator_only,knowledge_family/Concept_Dossiers,md,curation_record:tracked,tracked,unverified_no_authority_inferred,curation_state_unassessed,unresolved,sha256:4c43011131cd772c,utf8,preserve_in_place_pending_later_semantic_disposition,4c43011131cd772c3de9b9a4bc03d8701c537557f7ef9d5c931d591d585ac393,22
Knowledge/Concept_Dossiers/META.yaml,PATH:Knowledge/Concept_Dossiers/META.yaml,path_locator_only,knowledge_family/Concept_Dossiers,yaml,live_repository_path:tracked,tracked,declared_non_normative,declared:Draft,unresolved,unique,utf8,preserve_in_place_pending_later_semantic_disposition,faa877d34900d3434b6cae800117618b2cc9658dc4e1d1a2716a46cd8a5af891,52
Knowledge/Concept_Dossiers/README.md,PATH:Knowledge/Concept_Dossiers/README.md,path_locator_only,knowledge_family/Concept_Dossiers,md,live_repository_path:tracked,tracked,unverified_no_authority_inferred,not_assessed_at_m0,unresolved,unique,utf8,preserve_in_place_pending_later_semantic_disposition,3b4d3d821773ac0e104be69be24c7de928e3e2b8a4258bcc5b881e41afebe235,19
Knowledge/Concept_Dossiers/Sources/README.md,PATH:Knowledge/Concept_Dossiers/Sources/README.md,path_locator_only,knowledge_family/Concept_Dossiers,md,preserved_source_material:tracked,tracked,unverified_no_authority_inferred,historical_or_source_unassessed,unresolved,sha256:0062c9ee8257ba99,utf8,preserve_as_source_or_historical_evidence_pending_lineage,0062c9ee8257ba99b69a244de24abd28ea27d19101d62bab5d9584ccb433e56b,10
Knowledge/Methodology/Assets/README.md,PATH:Knowledge/Methodology/Assets/README.md,path_locator_only,knowledge_family/Methodology,md,live_repository_path:tracked,tracked,unverified_no_authority_inferred,not_assessed_at_m0,unresolved,sha256:e99a6ed400acbe6a,utf8,preserve_in_place_pending_later_semantic_disposition,e99a6ed400acbe6aee307a6d7dd8d919d4ad9d951be3242162894ac4aaec8af2,9
Knowledge/Methodology/Canonical/README.md,PATH:Knowledge/Methodology/Canonical/README.md,path_locator_only,knowledge_family/Methodology,md,live_repository_path:tracked,tracked,path_claims_canonical_requires_registry_verification,not_assessed_at_m0,unresolved,sha256:9540d6a67018e83a,utf8,preserve_current_placement_pending_governed_canonical_audit,9540d6a67018e83a6b0765b226f328a7b7258da323866f87a9a582db3e2997a8,12
Knowledge/Methodology/Curation/CANONICAL_ASSESSMENT.md,PATH:Knowledge/Methodology/Curation/CANONICAL_ASSESSMENT.md,path_locator_only,knowledge_family/Methodology,md,curation_record:tracked,tracked,unverified_no_authority_inferred,curation_state_unassessed,unresolved,sha256:c1ee8be28520b108,utf8,preserve_in_place_pending_later_semantic_disposition,c1ee8be28520b108173719e7af36863c765e389f39c4e7b4517277cc61673e55,35
Knowledge/Methodology/Curation/DECISION_LOG.md,PATH:Knowledge/Methodology/Curation/DECISION_LOG.md,path_locator_only,knowledge_family/Methodology,md,curation_record:tracked,tracked,unverified_no_authority_inferred,curation_state_unassessed,unresolved,sha256:fa4c0d6ef60d4d6f,utf8,preserve_in_place_pending_later_semantic_disposition,fa4c0d6ef60d4d6f00d86a4a0eb0eb3cb9ca63fedf9c4c2e6afb0fb00944034b,27
Knowledge/Methodology/Curation/FAMILY_MANIFEST.md,PATH:Knowledge/Methodology/Curation/FAMILY_MANIFEST.md,path_locator_only,knowledge_family/Methodology,md,curation_record:tracked,tracked,unverified_no_authority_inferred,curation_state_unassessed,unresolved,sha256:159934ad88090e0f,utf8,preserve_in_place_pending_later_semantic_disposition,159934ad88090e0f88c2ec9673aaff4adbb4e6ed641437753e0f6788a625f037,30
Knowledge/Methodology/Curation/INVENTORY.md,PATH:Knowledge/Methodology/Curation/INVENTORY.md,path_locator_only,knowledge_family/Methodology,md,curation_record:tracked,tracked,unverified_no_authority_inferred,curation_state_unassessed,unresolved,sha256:4bd3f5d8b8b065ad,utf8,preserve_in_place_pending_later_semantic_disposition,4bd3f5d8b8b065ad7a82ad0cf0a8313a0784015bbaae840c75f5cb7cfb5669ff,24
Knowledge/Methodology/Curation/LINEAGE.md,PATH:Knowledge/Methodology/Curation/LINEAGE.md,path_locator_only,knowledge_family/Methodology,md,curation_record:tracked,tracked,unverified_no_authority_inferred,curation_state_unassessed,unresolved,sha256:a1725e41479885da,utf8,preserve_in_place_pending_later_semantic_disposition,a1725e41479885daf833a4262c299b1fb7e17c9591c74777336ef97d881e3867,22
Knowledge/Methodology/Curation/OPEN_QUESTIONS.md,PATH:Knowledge/Methodology/Curation/OPEN_QUESTIONS.md,path_locator_only,knowledge_family/Methodology,md,curation_record:tracked,tracked,unverified_no_authority_inferred,curation_state_unassessed,unresolved,sha256:ee451084a6f54663,utf8,preserve_in_place_pending_later_semantic_disposition,ee451084a6f546631955db72277581724f8d70cc18c3d69e133f4304377c55a6,29
Knowledge/Methodology/Curation/QUALITY_REPORT.md,PATH:Knowledge/Methodology/Curation/QUALITY_REPORT.md,path_locator_only,knowledge_family/Methodology,md,curation_record:tracked,tracked,unverified_no_authority_inferred,curation_state_unassessed,unresolved,sha256:f343145abbfffbb5,utf8,preserve_in_place_pending_later_semantic_disposition,f343145abbfffbb53abfb7ddde1d2b4d4bd55d9b2e245dd1a0770bd10fdf7227,29
Knowledge/Methodology/Curation/README.md,PATH:Knowledge/Methodology/Curation/README.md,path_locator_only,knowledge_family/Methodology,md,curation_record:tracked,tracked,unverified_no_authority_inferred,curation_state_unassessed,unresolved,sha256:31c03b6142425333,utf8,preserve_in_place_pending_later_semantic_disposition,31c03b6142425333fe1e1e276fbbf8518f9c2bb261d864583e1bd8d023054b57,11
Knowledge/Methodology/Curation/ROADMAP.md,PATH:Knowledge/Methodology/Curation/ROADMAP.md,path_locator_only,knowledge_family/Methodology,md,curation_record:tracked,tracked,unverified_no_authority_inferred,curation_state_unassessed,unresolved,sha256:4c43011131cd772c,utf8,preserve_in_place_pending_later_semantic_disposition,4c43011131cd772c3de9b9a4bc03d8701c537557f7ef9d5c931d591d585ac393,22
Knowledge/Methodology/META.yaml,PATH:Knowledge/Methodology/META.yaml,path_locator_only,knowledge_family/Methodology,yaml,live_repository_path:tracked,tracked,declared_non_normative,declared:Draft,unresolved,unique,utf8,preserve_in_place_pending_later_semantic_disposition,c3732b8bc81ecd557a5cdbf0dd877c45020ef56980303b7f3f9c0b5c361137ba,47
Knowledge/Methodology/README.md,PATH:Knowledge/Methodology/README.md,path_locator_only,knowledge_family/Methodology,md,live_repository_path:tracked,tracked,unverified_no_authority_inferred,not_assessed_at_m0,unresolved,unique,utf8,preserve_in_place_pending_later_semantic_disposition,80604b0b178ffd89c5404592accf0625ecd6f7370d029de4e79df0e32c95ec3d,14
Knowledge/Methodology/Sources/1.4_Discovery_Methodologies.md,PATH:Knowledge/Methodology/Sources/1.4_Discovery_Methodologies.md,path_locator_only,knowledge_family/Methodology,md,preserved_source_material:tracked,tracked,unverified_no_authority_inferred,historical_or_source_unassessed,unresolved,unique,utf8,preserve_as_source_or_historical_evidence_pending_lineage,7493b31ee30eee4df3f5134e09d6472e0e9c3718595331deb1aed2e00914d06a,5170
Knowledge/Methodology/Sources/1.4_Discovery_Methodologies_Template.md,PATH:Knowledge/Methodology/Sources/1.4_Discovery_Methodologies_Template.md,path_locator_only,knowledge_family/Methodology,md,preserved_source_material:tracked,tracked,unverified_no_authority_inferred,historical_or_source_unassessed,unresolved,unique,utf8,preserve_as_source_or_historical_evidence_pending_lineage,d1f42e68f56ae8a4d2338453493abbf8d8bb481cec42ddbedab19aa789fa15ce,1519
Knowledge/Methodology/Sources/IaaC_PLC1_discovery_methodologies_1_4_draft_v2.md,PATH:Knowledge/Methodology/Sources/IaaC_PLC1_discovery_methodologies_1_4_draft_v2.md,path_locator_only,knowledge_family/Methodology,md,preserved_source_material:tracked,tracked,unverified_no_authority_inferred,historical_or_source_unassessed,unresolved,unique,utf8,preserve_as_source_or_historical_evidence_pending_lineage,5f6e10924ccfefc4de476cce8dba683fa526bf560f49915d83d3cf73adb5d3d6,8123
Knowledge/Methodology/Sources/IaaC_discovery_methodologies_PLC_1_4_draft.md,PATH:Knowledge/Methodology/Sources/IaaC_discovery_methodologies_PLC_1_4_draft.md,path_locator_only,knowledge_family/Methodology,md,preserved_source_material:tracked,tracked,unverified_no_authority_inferred,historical_or_source_unassessed,unresolved,unique,utf8,preserve_as_source_or_historical_evidence_pending_lineage,a01ed3886c8987f0498faad16e524394217d792e78af870033ea053591e4eb22,11110
Knowledge/Methodology/Sources/README.md,PATH:Knowledge/Methodology/Sources/README.md,path_locator_only,knowledge_family/Methodology,md,preserved_source_material:tracked,tracked,unverified_no_authority_inferred,historical_or_source_unassessed,unresolved,sha256:0062c9ee8257ba99,utf8,preserve_as_source_or_historical_evidence_pending_lineage,0062c9ee8257ba99b69a244de24abd28ea27d19101d62bab5d9584ccb433e56b,10
Knowledge/Methodology/Sources/disciplined_opportunity_search_method.md,PATH:Knowledge/Methodology/Sources/disciplined_opportunity_search_method.md,path_locator_only,knowledge_family/Methodology,md,preserved_source_material:tracked,tracked,unverified_no_authority_inferred,historical_or_source_unassessed,unresolved,unique,utf8,preserve_as_source_or_historical_evidence_pending_lineage,6bb08eb9ea8229f4a7c7ea7e69548815210af04e66fb0b05d1b2e838a8738614,8629
Knowledge/Reference_Models/Assets/README.md,PATH:Knowledge/Reference_Models/Assets/README.md,path_locator_only,knowledge_family/Reference_Models,md,live_repository_path:tracked,tracked,unverified_no_authority_inferred,not_assessed_at_m0,unresolved,sha256:e99a6ed400acbe6a,utf8,preserve_in_place_pending_later_semantic_disposition,e99a6ed400acbe6aee307a6d7dd8d919d4ad9d951be3242162894ac4aaec8af2,9
Knowledge/Reference_Models/Canonical/README.md,PATH:Knowledge/Reference_Models/Canonical/README.md,path_locator_only,knowledge_family/Reference_Models,md,live_repository_path:tracked,tracked,path_claims_canonical_requires_registry_verification,not_assessed_at_m0,unresolved,sha256:9540d6a67018e83a,utf8,preserve_current_placement_pending_governed_canonical_audit,9540d6a67018e83a6b0765b226f328a7b7258da323866f87a9a582db3e2997a8,12
Knowledge/Reference_Models/Curation/CANONICAL_ASSESSMENT.md,PATH:Knowledge/Reference_Models/Curation/CANONICAL_ASSESSMENT.md,path_locator_only,knowledge_family/Reference_Models,md,curation_record:tracked,tracked,unverified_no_authority_inferred,curation_state_unassessed,unresolved,sha256:c1ee8be28520b108,utf8,preserve_in_place_pending_later_semantic_disposition,c1ee8be28520b108173719e7af36863c765e389f39c4e7b4517277cc61673e55,35
Knowledge/Reference_Models/Curation/DECISION_LOG.md,PATH:Knowledge/Reference_Models/Curation/DECISION_LOG.md,path_locator_only,knowledge_family/Reference_Models,md,curation_record:tracked,tracked,unverified_no_authority_inferred,curation_state_unassessed,unresolved,sha256:fa4c0d6ef60d4d6f,utf8,preserve_in_place_pending_later_semantic_disposition,fa4c0d6ef60d4d6f00d86a4a0eb0eb3cb9ca63fedf9c4c2e6afb0fb00944034b,27
Knowledge/Reference_Models/Curation/FAMILY_MANIFEST.md,PATH:Knowledge/Reference_Models/Curation/FAMILY_MANIFEST.md,path_locator_only,knowledge_family/Reference_Models,md,curation_record:tracked,tracked,unverified_no_authority_inferred,curation_state_unassessed,unresolved,sha256:159934ad88090e0f,utf8,preserve_in_place_pending_later_semantic_disposition,159934ad88090e0f88c2ec9673aaff4adbb4e6ed641437753e0f6788a625f037,30
Knowledge/Reference_Models/Curation/INVENTORY.md,PATH:Knowledge/Reference_Models/Curation/INVENTORY.md,path_locator_only,knowledge_family/Reference_Models,md,curation_record:tracked,tracked,unverified_no_authority_inferred,curation_state_unassessed,unresolved,sha256:4bd3f5d8b8b065ad,utf8,preserve_in_place_pending_later_semantic_disposition,4bd3f5d8b8b065ad7a82ad0cf0a8313a0784015bbaae840c75f5cb7cfb5669ff,24
Knowledge/Reference_Models/Curation/LINEAGE.md,PATH:Knowledge/Reference_Models/Curation/LINEAGE.md,path_locator_only,knowledge_family/Reference_Models,md,curation_record:tracked,tracked,unverified_no_authority_inferred,curation_state_unassessed,unresolved,sha256:a1725e41479885da,utf8,preserve_in_place_pending_later_semantic_disposition,a1725e41479885daf833a4262c299b1fb7e17c9591c74777336ef97d881e3867,22
Knowledge/Reference_Models/Curation/OPEN_QUESTIONS.md,PATH:Knowledge/Reference_Models/Curation/OPEN_QUESTIONS.md,path_locator_only,knowledge_family/Reference_Models,md,curation_record:tracked,tracked,unverified_no_authority_inferred,curation_state_unassessed,unresolved,sha256:ee451084a6f54663,utf8,preserve_in_place_pending_later_semantic_disposition,ee451084a6f546631955db72277581724f8d70cc18c3d69e133f4304377c55a6,29
Knowledge/Reference_Models/Curation/QUALITY_REPORT.md,PATH:Knowledge/Reference_Models/Curation/QUALITY_REPORT.md,path_locator_only,knowledge_family/Reference_Models,md,curation_record:tracked,tracked,unverified_no_authority_inferred,curation_state_unassessed,unresolved,sha256:f343145abbfffbb5,utf8,preserve_in_place_pending_later_semantic_disposition,f343145abbfffbb53abfb7ddde1d2b4d4bd55d9b2e245dd1a0770bd10fdf7227,29
Knowledge/Reference_Models/Curation/README.md,PATH:Knowledge/Reference_Models/Curation/README.md,path_locator_only,knowledge_family/Reference_Models,md,curation_record:tracked,tracked,unverified_no_authority_inferred,curation_state_unassessed,unresolved,sha256:31c03b6142425333,utf8,preserve_in_place_pending_later_semantic_disposition,31c03b6142425333fe1e1e276fbbf8518f9c2bb261d864583e1bd8d023054b57,11
Knowledge/Reference_Models/Curation/ROADMAP.md,PATH:Knowledge/Reference_Models/Curation/ROADMAP.md,path_locator_only,knowledge_family/Reference_Models,md,curation_record:tracked,tracked,unverified_no_authority_inferred,curation_state_unassessed,unresolved,sha256:4c43011131cd772c,utf8,preserve_in_place_pending_later_semantic_disposition,4c43011131cd772c3de9b9a4bc03d8701c537557f7ef9d5c931d591d585ac393,22
Knowledge/Reference_Models/META.yaml,PATH:Knowledge/Reference_Models/META.yaml,path_locator_only,knowledge_family/Reference_Models,yaml,live_repository_path:tracked,tracked,declared_non_normative,declared:Draft,unresolved,unique,utf8,preserve_in_place_pending_later_semantic_disposition,f58678992d6ae3466a8ebb49443eeffb3f0b4ac7ef2cf9972279b8e097ca90ef,52
Knowledge/Reference_Models/README.md,PATH:Knowledge/Reference_Models/README.md,path_locator_only,knowledge_family/Reference_Models,md,live_repository_path:tracked,tracked,unverified_no_authority_inferred,not_assessed_at_m0,unresolved,unique,utf8,preserve_in_place_pending_later_semantic_disposition,e65c306d77c92925d41cd320c12946e77626e6f0ae7cd97d4e89a6680e8522b9,19
Knowledge/Reference_Models/Sources/.DS_Store,PATH:Knowledge/Reference_Models/Sources/.DS_Store,path_locator_only,knowledge_family/Reference_Models,no_extension,local_tool_or_os_metadata:ignored,ignored,none_nonsemantic_metadata,non_corpus_technical,unresolved,unique,binary,exclude_from_semantic_corpus_reversible_cleanup_candidate,19177402604d977251fcee0bbd9f9813665d1a401b7cf3b3796968735511e570,6148
Knowledge/Reference_Models/Sources/MODEL_PLC_Dual_Outcomes_Contract.md,PATH:Knowledge/Reference_Models/Sources/MODEL_PLC_Dual_Outcomes_Contract.md,path_locator_only,knowledge_family/Reference_Models,md,preserved_source_material:tracked,tracked,unverified_no_authority_inferred,historical_or_source_unassessed,unresolved,unique,utf8,preserve_as_source_or_historical_evidence_pending_lineage,c13c718666b1ae564d926a8a43696acabdb70934979a291c7f2910a76ca04ea6,2172
Knowledge/Reference_Models/Sources/README.md,PATH:Knowledge/Reference_Models/Sources/README.md,path_locator_only,knowledge_family/Reference_Models,md,preserved_source_material:tracked,tracked,unverified_no_authority_inferred,historical_or_source_unassessed,unresolved,sha256:0062c9ee8257ba99,utf8,preserve_as_source_or_historical_evidence_pending_lineage,0062c9ee8257ba99b69a244de24abd28ea27d19101d62bab5d9584ccb433e56b,10
Knowledge/Reference_Models/Sources/SymK_PLC_reference_manual.docx,PATH:Knowledge/Reference_Models/Sources/SymK_PLC_reference_manual.docx,path_locator_only,knowledge_family/Reference_Models,docx,preserved_source_material:tracked,tracked,unverified_no_authority_inferred,historical_or_source_unassessed,unresolved,unique,binary,preserve_as_source_or_historical_evidence_pending_lineage,72ca9cd2d686c189d18c4d891e7f07a87469d233a37266c7ae25d25106a3a990,116275
Knowledge/Reference_Models/Sources/SymK_PLC_reference_manual.md,PATH:Knowledge/Reference_Models/Sources/SymK_PLC_reference_manual.md,path_locator_only,knowledge_family/Reference_Models,md,preserved_source_material:tracked,tracked,declared_canonical_claim_requires_registry_verification,declared:Working draft — canonical until DOCX version is generated.,unresolved,unique,utf8,preserve_as_source_or_historical_evidence_pending_lineage,810a7407dc6b07d7c795f4f88d8dacf4bb8ab383c49a6c7962f820154c045e65,12482
Knowledge/Reference_Models/Sources/SymK_PLC_reference_manual_v2.docx,PATH:Knowledge/Reference_Models/Sources/SymK_PLC_reference_manual_v2.docx,path_locator_only,knowledge_family/Reference_Models,docx,preserved_source_material:tracked,tracked,unverified_no_authority_inferred,historical_or_source_unassessed,unresolved,unique,binary,preserve_as_source_or_historical_evidence_pending_lineage,0d63eb1532467a0e8a132e78b36da646c22ff707bfed734189623fb7c9688d8d,40123
Knowledge/Reference_Models/Sources/configuration-model-overview.md,PATH:Knowledge/Reference_Models/Sources/configuration-model-overview.md,path_locator_only,knowledge_family/Reference_Models,md,preserved_source_material:tracked,tracked,unverified_no_authority_inferred,historical_or_source_unassessed,unresolved,unique,utf8,preserve_as_source_or_historical_evidence_pending_lineage,eabf6e9a1417032735a8231312dfb01132b9882e0d8137114353c2a9e4543e80,6177
Knowledge/Research/Assets/README.md,PATH:Knowledge/Research/Assets/README.md,path_locator_only,knowledge_family/Research,md,live_repository_path:tracked,tracked,unverified_no_authority_inferred,not_assessed_at_m0,unresolved,sha256:e99a6ed400acbe6a,utf8,preserve_in_place_pending_later_semantic_disposition,e99a6ed400acbe6aee307a6d7dd8d919d4ad9d951be3242162894ac4aaec8af2,9
Knowledge/Research/Canonical/README.md,PATH:Knowledge/Research/Canonical/README.md,path_locator_only,knowledge_family/Research,md,live_repository_path:tracked,tracked,path_claims_canonical_requires_registry_verification,not_assessed_at_m0,unresolved,sha256:9540d6a67018e83a,utf8,preserve_current_placement_pending_governed_canonical_audit,9540d6a67018e83a6b0765b226f328a7b7258da323866f87a9a582db3e2997a8,12
Knowledge/Research/Curation/CANONICAL_ASSESSMENT.md,PATH:Knowledge/Research/Curation/CANONICAL_ASSESSMENT.md,path_locator_only,knowledge_family/Research,md,curation_record:tracked,tracked,unverified_no_authority_inferred,curation_state_unassessed,unresolved,sha256:c1ee8be28520b108,utf8,preserve_in_place_pending_later_semantic_disposition,c1ee8be28520b108173719e7af36863c765e389f39c4e7b4517277cc61673e55,35
Knowledge/Research/Curation/DECISION_LOG.md,PATH:Knowledge/Research/Curation/DECISION_LOG.md,path_locator_only,knowledge_family/Research,md,curation_record:tracked,tracked,unverified_no_authority_inferred,curation_state_unassessed,unresolved,sha256:fa4c0d6ef60d4d6f,utf8,preserve_in_place_pending_later_semantic_disposition,fa4c0d6ef60d4d6f00d86a4a0eb0eb3cb9ca63fedf9c4c2e6afb0fb00944034b,27
Knowledge/Research/Curation/FAMILY_MANIFEST.md,PATH:Knowledge/Research/Curation/FAMILY_MANIFEST.md,path_locator_only,knowledge_family/Research,md,curation_record:tracked,tracked,unverified_no_authority_inferred,curation_state_unassessed,unresolved,sha256:159934ad88090e0f,utf8,preserve_in_place_pending_later_semantic_disposition,159934ad88090e0f88c2ec9673aaff4adbb4e6ed641437753e0f6788a625f037,30
Knowledge/Research/Curation/INVENTORY.md,PATH:Knowledge/Research/Curation/INVENTORY.md,path_locator_only,knowledge_family/Research,md,curation_record:tracked,tracked,unverified_no_authority_inferred,curation_state_unassessed,unresolved,sha256:4bd3f5d8b8b065ad,utf8,preserve_in_place_pending_later_semantic_disposition,4bd3f5d8b8b065ad7a82ad0cf0a8313a0784015bbaae840c75f5cb7cfb5669ff,24
Knowledge/Research/Curation/LINEAGE.md,PATH:Knowledge/Research/Curation/LINEAGE.md,path_locator_only,knowledge_family/Research,md,curation_record:tracked,tracked,unverified_no_authority_inferred,curation_state_unassessed,unresolved,sha256:a1725e41479885da,utf8,preserve_in_place_pending_later_semantic_disposition,a1725e41479885daf833a4262c299b1fb7e17c9591c74777336ef97d881e3867,22
Knowledge/Research/Curation/OPEN_QUESTIONS.md,PATH:Knowledge/Research/Curation/OPEN_QUESTIONS.md,path_locator_only,knowledge_family/Research,md,curation_record:tracked,tracked,unverified_no_authority_inferred,curation_state_unassessed,unresolved,sha256:ee451084a6f54663,utf8,preserve_in_place_pending_later_semantic_disposition,ee451084a6f546631955db72277581724f8d70cc18c3d69e133f4304377c55a6,29
Knowledge/Research/Curation/QUALITY_REPORT.md,PATH:Knowledge/Research/Curation/QUALITY_REPORT.md,path_locator_only,knowledge_family/Research,md,curation_record:tracked,tracked,unverified_no_authority_inferred,curation_state_unassessed,unresolved,sha256:f343145abbfffbb5,utf8,preserve_in_place_pending_later_semantic_disposition,f343145abbfffbb53abfb7ddde1d2b4d4bd55d9b2e245dd1a0770bd10fdf7227,29
Knowledge/Research/Curation/README.md,PATH:Knowledge/Research/Curation/README.md,path_locator_only,knowledge_family/Research,md,curation_record:tracked,tracked,unverified_no_authority_inferred,curation_state_unassessed,unresolved,sha256:31c03b6142425333,utf8,preserve_in_place_pending_later_semantic_disposition,31c03b6142425333fe1e1e276fbbf8518f9c2bb261d864583e1bd8d023054b57,11
Knowledge/Research/Curation/ROADMAP.md,PATH:Knowledge/Research/Curation/ROADMAP.md,path_locator_only,knowledge_family/Research,md,curation_record:tracked,tracked,unverified_no_authority_inferred,curation_state_unassessed,unresolved,sha256:4c43011131cd772c,utf8,preserve_in_place_pending_later_semantic_disposition,4c43011131cd772c3de9b9a4bc03d8701c537557f7ef9d5c931d591d585ac393,22
Knowledge/Research/META.yaml,PATH:Knowledge/Research/META.yaml,path_locator_only,knowledge_family/Research,yaml,live_repository_path:tracked,tracked,declared_non_normative,declared:Draft,unresolved,unique,utf8,preserve_in_place_pending_later_semantic_disposition,6fec73409864f6fd58d29d771f96bcf6c068b0f49819c06979b3437793e1a5ed,44
Knowledge/Research/README.md,PATH:Knowledge/Research/README.md,path_locator_only,knowledge_family/Research,md,live_repository_path:tracked,tracked,unverified_no_authority_inferred,not_assessed_at_m0,unresolved,unique,utf8,preserve_in_place_pending_later_semantic_disposition,eb390bca77822856a7c589bb7f713ffb915d1a8f6b5ddce91e5cf84189792f7a,11
Knowledge/Research/Sources/1.2_Market_Research.md,PATH:Knowledge/Research/Sources/1.2_Market_Research.md,path_locator_only,knowledge_family/Research,md,preserved_source_material:tracked,tracked,unverified_no_authority_inferred,historical_or_source_unassessed,unresolved,unique,utf8,preserve_as_source_or_historical_evidence_pending_lineage,68b7015d19ebcf3a6f14d177a8eea6c142aec73a0c5d9ecd9fc1fced98e17e42,1767
Knowledge/Research/Sources/1.2_Market_Research_Template.md,PATH:Knowledge/Research/Sources/1.2_Market_Research_Template.md,path_locator_only,knowledge_family/Research,md,preserved_source_material:tracked,tracked,unverified_no_authority_inferred,historical_or_source_unassessed,unresolved,unique,utf8,preserve_as_source_or_historical_evidence_pending_lineage,0744574363cd2bf0815df0045b32c6be082afcdc7bbdd5d999d2d2bcbb6d8b99,6941
Knowledge/Research/Sources/GUIDE_Human_AI_Collaboration_Research_Foundation.md,PATH:Knowledge/Research/Sources/GUIDE_Human_AI_Collaboration_Research_Foundation.md,path_locator_only,knowledge_family/Research,md,preserved_source_material:tracked,tracked,unverified_no_authority_inferred,historical_or_source_unassessed,unresolved,unique,utf8,preserve_as_source_or_historical_evidence_pending_lineage,6a72b3c89f2605173e5300ae5908d526d8976f2b23690e9f57af0a199ef03705,4927
Knowledge/Research/Sources/LB-NOTE-001_Argumentos_Estrategia_Conversa copy.md,PATH:Knowledge/Research/Sources/LB-NOTE-001_Argumentos_Estrategia_Conversa copy.md,path_locator_only,knowledge_family/Research,md,preserved_source_material:tracked,tracked,unverified_no_authority_inferred,declared:Nota de reflexão,unresolved,unique,utf8,preserve_as_source_or_historical_evidence_pending_lineage,8cf03f47abda8cbabc1fb0e8f6e7b099cace34a5310855d725c566ad326c43a0,2993
Knowledge/Research/Sources/LB-NOTE-001_Argumentos_Estrategia_Conversa copy.pdf,PATH:Knowledge/Research/Sources/LB-NOTE-001_Argumentos_Estrategia_Conversa copy.pdf,path_locator_only,knowledge_family/Research,pdf,preserved_source_material:tracked,tracked,unverified_no_authority_inferred,historical_or_source_unassessed,unresolved,unique,binary,preserve_as_source_or_historical_evidence_pending_lineage,44c67b446a1f5eb9048278057435fa5b078258bed932f538715c90f5ce473822,65922
Knowledge/Research/Sources/README.md,PATH:Knowledge/Research/Sources/README.md,path_locator_only,knowledge_family/Research,md,preserved_source_material:tracked,tracked,unverified_no_authority_inferred,historical_or_source_unassessed,unresolved,sha256:0062c9ee8257ba99,utf8,preserve_as_source_or_historical_evidence_pending_lineage,0062c9ee8257ba99b69a244de24abd28ea27d19101d62bab5d9584ccb433e56b,10
Knowledge/Research/Sources/SYMK-NOTE-001_Architectural_Separation_Hypothesis_v0.1.md,SYMK-NOTE-001,detected_in_content,knowledge_family/Research,md,preserved_source_material:tracked,tracked,unverified_no_authority_inferred,declared:Incubator Note,unresolved,unique,utf8,preserve_as_source_or_historical_evidence_pending_lineage,425be848c9042ade0c809df5c170bb67c52a5a9346a18d055400dfc0abd4b478,2320
Knowledge/Research/Sources/SYMK-RES-001_Literature_Landscape_v0.1.md,SYMK-RES-001,detected_in_content,knowledge_family/Research,md,preserved_source_material:tracked,tracked,declared_non_normative,declared:Research Draft,unresolved,unique,utf8,preserve_as_source_or_historical_evidence_pending_lineage,a1e186d1252e1274dcad3758949736436ce97d7662c24ad70153e5381646151f,4436
Knowledge/Standards/Assets/README.md,PATH:Knowledge/Standards/Assets/README.md,path_locator_only,knowledge_family/Standards,md,live_repository_path:tracked,tracked,unverified_no_authority_inferred,not_assessed_at_m0,unresolved,sha256:e99a6ed400acbe6a,utf8,preserve_in_place_pending_later_semantic_disposition,e99a6ed400acbe6aee307a6d7dd8d919d4ad9d951be3242162894ac4aaec8af2,9
Knowledge/Standards/Canonical/README.md,PATH:Knowledge/Standards/Canonical/README.md,path_locator_only,knowledge_family/Standards,md,live_repository_path:tracked,tracked,path_claims_canonical_requires_registry_verification,not_assessed_at_m0,unresolved,sha256:9540d6a67018e83a,utf8,preserve_current_placement_pending_governed_canonical_audit,9540d6a67018e83a6b0765b226f328a7b7258da323866f87a9a582db3e2997a8,12
Knowledge/Standards/Curation/CANONICAL_ASSESSMENT.md,PATH:Knowledge/Standards/Curation/CANONICAL_ASSESSMENT.md,path_locator_only,knowledge_family/Standards,md,curation_record:tracked,tracked,unverified_no_authority_inferred,curation_state_unassessed,unresolved,sha256:c1ee8be28520b108,utf8,preserve_in_place_pending_later_semantic_disposition,c1ee8be28520b108173719e7af36863c765e389f39c4e7b4517277cc61673e55,35
Knowledge/Standards/Curation/DECISION_LOG.md,PATH:Knowledge/Standards/Curation/DECISION_LOG.md,path_locator_only,knowledge_family/Standards,md,curation_record:tracked,tracked,unverified_no_authority_inferred,curation_state_unassessed,unresolved,sha256:fa4c0d6ef60d4d6f,utf8,preserve_in_place_pending_later_semantic_disposition,fa4c0d6ef60d4d6f00d86a4a0eb0eb3cb9ca63fedf9c4c2e6afb0fb00944034b,27
Knowledge/Standards/Curation/FAMILY_MANIFEST.md,PATH:Knowledge/Standards/Curation/FAMILY_MANIFEST.md,path_locator_only,knowledge_family/Standards,md,curation_record:tracked,tracked,unverified_no_authority_inferred,curation_state_unassessed,unresolved,sha256:159934ad88090e0f,utf8,preserve_in_place_pending_later_semantic_disposition,159934ad88090e0f88c2ec9673aaff4adbb4e6ed641437753e0f6788a625f037,30
Knowledge/Standards/Curation/INVENTORY.md,PATH:Knowledge/Standards/Curation/INVENTORY.md,path_locator_only,knowledge_family/Standards,md,curation_record:tracked,tracked,unverified_no_authority_inferred,curation_state_unassessed,unresolved,sha256:4bd3f5d8b8b065ad,utf8,preserve_in_place_pending_later_semantic_disposition,4bd3f5d8b8b065ad7a82ad0cf0a8313a0784015bbaae840c75f5cb7cfb5669ff,24
Knowledge/Standards/Curation/LINEAGE.md,PATH:Knowledge/Standards/Curation/LINEAGE.md,path_locator_only,knowledge_family/Standards,md,curation_record:tracked,tracked,unverified_no_authority_inferred,curation_state_unassessed,unresolved,sha256:a1725e41479885da,utf8,preserve_in_place_pending_later_semantic_disposition,a1725e41479885daf833a4262c299b1fb7e17c9591c74777336ef97d881e3867,22
Knowledge/Standards/Curation/OPEN_QUESTIONS.md,PATH:Knowledge/Standards/Curation/OPEN_QUESTIONS.md,path_locator_only,knowledge_family/Standards,md,curation_record:tracked,tracked,unverified_no_authority_inferred,curation_state_unassessed,unresolved,sha256:ee451084a6f54663,utf8,preserve_in_place_pending_later_semantic_disposition,ee451084a6f546631955db72277581724f8d70cc18c3d69e133f4304377c55a6,29
Knowledge/Standards/Curation/QUALITY_REPORT.md,PATH:Knowledge/Standards/Curation/QUALITY_REPORT.md,path_locator_only,knowledge_family/Standards,md,curation_record:tracked,tracked,unverified_no_authority_inferred,curation_state_unassessed,unresolved,sha256:f343145abbfffbb5,utf8,preserve_in_place_pending_later_semantic_disposition,f343145abbfffbb53abfb7ddde1d2b4d4bd55d9b2e245dd1a0770bd10fdf7227,29
Knowledge/Standards/Curation/README.md,PATH:Knowledge/Standards/Curation/README.md,path_locator_only,knowledge_family/Standards,md,curation_record:tracked,tracked,unverified_no_authority_inferred,curation_state_unassessed,unresolved,sha256:31c03b6142425333,utf8,preserve_in_place_pending_later_semantic_disposition,31c03b6142425333fe1e1e276fbbf8518f9c2bb261d864583e1bd8d023054b57,11
Knowledge/Standards/Curation/ROADMAP.md,PATH:Knowledge/Standards/Curation/ROADMAP.md,path_locator_only,knowledge_family/Standards,md,curation_record:tracked,tracked,unverified_no_authority_inferred,curation_state_unassessed,unresolved,sha256:4c43011131cd772c,utf8,preserve_in_place_pending_later_semantic_disposition,4c43011131cd772c3de9b9a4bc03d8701c537557f7ef9d5c931d591d585ac393,22
Knowledge/Standards/META.yaml,PATH:Knowledge/Standards/META.yaml,path_locator_only,knowledge_family/Standards,yaml,live_repository_path:tracked,tracked,declared_non_normative,declared:Draft,unresolved,unique,utf8,preserve_in_place_pending_later_semantic_disposition,8d6e799a4c836b49ab3f88a875beb01d8ca549e2b9c75e5ae0047411a1c5e464,45
Knowledge/Standards/README.md,PATH:Knowledge/Standards/README.md,path_locator_only,knowledge_family/Standards,md,live_repository_path:tracked,tracked,unverified_no_authority_inferred,not_assessed_at_m0,unresolved,unique,utf8,preserve_in_place_pending_later_semantic_disposition,a2f74a56d550741351a0ef940f9a1991c00f74f813f02fd55f3d03f146c2dae9,12
Knowledge/Standards/STD-CUR-001_Knowledge_Family_Curation_Standard_v0.1.md,STD-CUR-001\,declared_in_content,knowledge_family/Standards,md,live_repository_path:tracked,tracked,declared_non_normative,declared:Draft v0.1\,unresolved,unique,utf8,preserve_in_place_pending_later_semantic_disposition,7d7a4192c8d61904297e3e9699b57703f64f2eb2093c3900a40fb081adfe3cc4,3146
Knowledge/Standards/Sources/Coding_Rules.docx,PATH:Knowledge/Standards/Sources/Coding_Rules.docx,path_locator_only,knowledge_family/Standards,docx,preserved_source_material:tracked,tracked,unverified_no_authority_inferred,historical_or_source_unassessed,unresolved,unique,binary,preserve_as_source_or_historical_evidence_pending_lineage,4ff95ef604ee5a3ea8ddeda86195dd704e52441d90f1d428676a050a779482f8,13684
Knowledge/Standards/Sources/Coding_Rules_(patched).docx,PATH:Knowledge/Standards/Sources/Coding_Rules_(patched).docx,path_locator_only,knowledge_family/Standards,docx,preserved_source_material:tracked,tracked,unverified_no_authority_inferred,historical_or_source_unassessed,unresolved,unique,binary,preserve_as_source_or_historical_evidence_pending_lineage,b5ffe1f493519ac7e8de16af5c0335b0f187103e5f7205a32b4843c0f01bdc69,37087
Knowledge/Standards/Sources/Design_Rules.docx,PATH:Knowledge/Standards/Sources/Design_Rules.docx,path_locator_only,knowledge_family/Standards,docx,preserved_source_material:tracked,tracked,unverified_no_authority_inferred,historical_or_source_unassessed,unresolved,unique,binary,preserve_as_source_or_historical_evidence_pending_lineage,5bde580d8dbcb6af21fa181ab3b575c91851d6fc4807bd64a06a76b2d494fd49,33443
Knowledge/Standards/Sources/LB-DRAFT-000_Core_Engineering_Standard_v0.1.md,PATH:Knowledge/Standards/Sources/LB-DRAFT-000_Core_Engineering_Standard_v0.1.md,path_locator_only,knowledge_family/Standards,md,preserved_source_material:tracked,tracked,declared_non_normative,declared:Working Draft,unresolved,unique,utf8,preserve_as_source_or_historical_evidence_pending_lineage,a4ac32c9e710db8127ad7ab1929dbdf37e1bc8208dfa15a5df651fb10148dcdb,4041
Knowledge/Standards/Sources/LB-DRAFT-002_Knowledge_Primitives_Specification_v0.1.md,PATH:Knowledge/Standards/Sources/LB-DRAFT-002_Knowledge_Primitives_Specification_v0.1.md,path_locator_only,knowledge_family/Standards,md,preserved_source_material:tracked,tracked,declared_non_normative,declared:Working Draft,unresolved,unique,utf8,preserve_as_source_or_historical_evidence_pending_lineage,a4f5c2c0fa3602e5f03fe43af0f7f6ca5ce39ccd63e243a869f632d0ccc96d76,2164
Knowledge/Standards/Sources/LB-DRAFT-003_Knowledge_Attributes_Specification_v0.2.md,PATH:Knowledge/Standards/Sources/LB-DRAFT-003_Knowledge_Attributes_Specification_v0.2.md,path_locator_only,knowledge_family/Standards,md,preserved_source_material:tracked,tracked,declared_non_normative,declared:Working Draft,unresolved,unique,utf8,preserve_as_source_or_historical_evidence_pending_lineage,6b88f6958aa5a9334165b857f2504d5aad7d4a201232ca046f0ebecc3852d83d,3167
Knowledge/Standards/Sources/LexBrain_O_que_as_pecas_processuais_ensinam.pdf,PATH:Knowledge/Standards/Sources/LexBrain_O_que_as_pecas_processuais_ensinam.pdf,path_locator_only,knowledge_family/Standards,pdf,preserved_source_material:tracked,tracked,unverified_no_authority_inferred,historical_or_source_unassessed,unresolved,unique,binary,preserve_as_source_or_historical_evidence_pending_lineage,2cb45a8958c2e256de87b64f097a62c0706480d9bd752d84079dc92eaf2f820f,55678
Knowledge/Standards/Sources/Product_Design_Rules.docx,PATH:Knowledge/Standards/Sources/Product_Design_Rules.docx,path_locator_only,knowledge_family/Standards,docx,preserved_source_material:tracked,tracked,unverified_no_authority_inferred,historical_or_source_unassessed,unresolved,unique,binary,preserve_as_source_or_historical_evidence_pending_lineage,96610c8ab5edd659bb0ae00b2e5e48cbf2722560cea62155c001ebee411e0b64,23966
Knowledge/Standards/Sources/README.md,PATH:Knowledge/Standards/Sources/README.md,path_locator_only,knowledge_family/Standards,md,preserved_source_material:tracked,tracked,unverified_no_authority_inferred,historical_or_source_unassessed,unresolved,sha256:0062c9ee8257ba99,utf8,preserve_as_source_or_historical_evidence_pending_lineage,0062c9ee8257ba99b69a244de24abd28ea27d19101d62bab5d9584ccb433e56b,10
Knowledge/Standards/Sources/STANDARD_SymK_vs_Project_Content_Placement.md,PATH:Knowledge/Standards/Sources/STANDARD_SymK_vs_Project_Content_Placement.md,path_locator_only,knowledge_family/Standards,md,preserved_source_material:tracked,tracked,unverified_no_authority_inferred,historical_or_source_unassessed,unresolved,unique,utf8,preserve_as_source_or_historical_evidence_pending_lineage,bb138e37058effa0c40f55981982c14fe111eaa01e006f207cc5eb82d521b36c,1725
Knowledge/Standards/Sources/SYMK-P-003 ╬ôC╠ºo╠ê EspecializacΓòá┬║aΓòáa╠éo por Camadas.md,PATH:Knowledge/Standards/Sources/SYMK-P-003 ╬ôC╠ºo╠ê EspecializacΓòá┬║aΓòáa╠éo por Camadas.md,path_locator_only,knowledge_family/Standards,md,preserved_source_material:filesystem_only,filesystem_only,unverified_no_authority_inferred,historical_or_source_unassessed,unresolved,unique,utf8;filename_mojibake_suspected,retain_and_recover_filename_later_without_semantic_disposition,fc5baa3c7c9954036ce9e7cab94389a212c8899072142c80a2a92c0c368b2498,227
Knowledge/Standards/Sources/SYMK-P-006  Specification-driven evolution.md,PATH:Knowledge/Standards/Sources/SYMK-P-006  Specification-driven evolution.md,path_locator_only,knowledge_family/Standards,md,preserved_source_material:tracked,tracked,unverified_no_authority_inferred,historical_or_source_unassessed,unresolved,unique,utf8,preserve_as_source_or_historical_evidence_pending_lineage,aaff39824b3fddc5707c96409f285ad6a2bf700a07269c86b71f585e40a4104e,172
"Knowledge/Standards/Sources/SYMK-P-007 ╬ôC╠ºo╠ê Stable Products, Evolving Standards.md","PATH:Knowledge/Standards/Sources/SYMK-P-007 ╬ôC╠ºo╠ê Stable Products, Evolving Standards.md",path_locator_only,knowledge_family/Standards,md,preserved_source_material:filesystem_only,filesystem_only,unverified_no_authority_inferred,historical_or_source_unassessed,unresolved,unique,utf8;filename_mojibake_suspected,retain_and_recover_filename_later_without_semantic_disposition,c8d3d8aad40fcc1a666207bc73e7941e7ccde8f52448887238545820a4a8c8b8,191
Knowledge/Standards/Sources/SymK_API_Online_Documentation_Guidelines.md,PATH:Knowledge/Standards/Sources/SymK_API_Online_Documentation_Guidelines.md,path_locator_only,knowledge_family/Standards,md,preserved_source_material:tracked,tracked,unverified_no_authority_inferred,historical_or_source_unassessed,unresolved,unique,utf8,preserve_as_source_or_historical_evidence_pending_lineage,1599bfa2d92168d993cd4cb76a019639c39195dc2351dbed1b0a4a565ffafebe,4419
Knowledge/Standards/Sources/SymK_Markdown_Rules.md,PATH:Knowledge/Standards/Sources/SymK_Markdown_Rules.md,path_locator_only,knowledge_family/Standards,md,preserved_source_material:tracked,tracked,unverified_no_authority_inferred,historical_or_source_unassessed,unresolved,unique,utf8,preserve_as_source_or_historical_evidence_pending_lineage,ab2a4212ec0aa1aaca1d26691414a3c47c828a4039e7f8608998f708b195338e,7465
Knowledge/Standards/Sources/additional_coding_rules.md,PATH:Knowledge/Standards/Sources/additional_coding_rules.md,path_locator_only,knowledge_family/Standards,md,preserved_source_material:tracked,tracked,unverified_no_authority_inferred,historical_or_source_unassessed,unresolved,unique,utf8,preserve_as_source_or_historical_evidence_pending_lineage,5ad6fa1041b91aa1979ea1e1191fbaf5c29a91dc3724321af54555c3354c03b4,223
Knowledge/Standards/Sources/coding_rules.md,PATH:Knowledge/Standards/Sources/coding_rules.md,path_locator_only,knowledge_family/Standards,md,preserved_source_material:tracked,tracked,unverified_no_authority_inferred,historical_or_source_unassessed,unresolved,unique,utf8,preserve_as_source_or_historical_evidence_pending_lineage,2d5462b8404809dae804034b1b066d9f3936decc911e2358aef63bd8fef9c703,10114
Knowledge/Standards/Sources/coding_rules_(1).md,PATH:Knowledge/Standards/Sources/coding_rules_(1).md,path_locator_only,knowledge_family/Standards,md,preserved_source_material:tracked,tracked,unverified_no_authority_inferred,historical_or_source_unassessed,unresolved,unique,utf8,preserve_as_source_or_historical_evidence_pending_lineage,2154830d8b3463d3261b1cea4706144681cb1ec4ec3a7bf272f1eda57c8ff181,16604
Knowledge/Standards/Sources/script_spec_template.json,PATH:Knowledge/Standards/Sources/script_spec_template.json,path_locator_only,knowledge_family/Standards,json,preserved_source_material:tracked,tracked,unverified_no_authority_inferred,historical_or_source_unassessed,unresolved,unique,utf8,preserve_as_source_or_historical_evidence_pending_lineage,ccd6195ffe2e18c5dc52705b7ecb5ac71f04040d26082b5780ffcebfe2109e15,1566
Knowledge/Standards/Sources/sshConnectivity.runtime.schema.yaml,PATH:Knowledge/Standards/Sources/sshConnectivity.runtime.schema.yaml,path_locator_only,knowledge_family/Standards,yaml,preserved_source_material:tracked,tracked,unverified_no_authority_inferred,historical_or_source_unassessed,unresolved,unique,utf8,preserve_as_source_or_historical_evidence_pending_lineage,da5df80ad3b7d226d0b13576473180f255123ddd29e0f8ff744566758c64a0e9,1439
Knowledge/Standards/Sources/sshConnectivity.schema.yaml,PATH:Knowledge/Standards/Sources/sshConnectivity.schema.yaml,path_locator_only,knowledge_family/Standards,yaml,preserved_source_material:tracked,tracked,unverified_no_authority_inferred,historical_or_source_unassessed,unresolved,unique,utf8,preserve_as_source_or_historical_evidence_pending_lineage,3ccbf12719fe65b42f370561ae2f4b4a5c546a3ee08f23fcf95ebdc77e546d7c,967
Knowledge/Standards/Sources/sshMenu.schema.yaml,PATH:Knowledge/Standards/Sources/sshMenu.schema.yaml,path_locator_only,knowledge_family/Standards,yaml,preserved_source_material:tracked,tracked,unverified_no_authority_inferred,historical_or_source_unassessed,unresolved,unique,utf8,preserve_as_source_or_historical_evidence_pending_lineage,d5504673ba58eb86268b3749061a2ffbfe121fff0bade547c7a519953350fca3,3972
Knowledge/Standards/Sources/~$ding_Rules.docx,PATH:Knowledge/Standards/Sources/~$ding_Rules.docx,path_locator_only,knowledge_family/Standards,docx,local_tool_or_os_metadata:ignored,ignored,none_nonsemantic_metadata,non_corpus_technical,unresolved,unique,binary,exclude_from_semantic_corpus_reversible_cleanup_candidate,e71c3169bf7db7b3db079f1ef72f0b879403f59e24c4d0e4921f35cf6d3f5b66,162
Knowledge/Vocabulary/Assets/README.md,PATH:Knowledge/Vocabulary/Assets/README.md,path_locator_only,knowledge_family/Vocabulary,md,live_repository_path:tracked,tracked,unverified_no_authority_inferred,not_assessed_at_m0,unresolved,sha256:e99a6ed400acbe6a,utf8,preserve_in_place_pending_later_semantic_disposition,e99a6ed400acbe6aee307a6d7dd8d919d4ad9d951be3242162894ac4aaec8af2,9
Knowledge/Vocabulary/Canonical/README.md,PATH:Knowledge/Vocabulary/Canonical/README.md,path_locator_only,knowledge_family/Vocabulary,md,live_repository_path:tracked,tracked,path_claims_canonical_requires_registry_verification,not_assessed_at_m0,unresolved,sha256:9540d6a67018e83a,utf8,preserve_current_placement_pending_governed_canonical_audit,9540d6a67018e83a6b0765b226f328a7b7258da323866f87a9a582db3e2997a8,12
Knowledge/Vocabulary/Curation/CANONICAL_ASSESSMENT.md,PATH:Knowledge/Vocabulary/Curation/CANONICAL_ASSESSMENT.md,path_locator_only,knowledge_family/Vocabulary,md,curation_record:tracked,tracked,unverified_no_authority_inferred,curation_state_unassessed,unresolved,sha256:c1ee8be28520b108,utf8,preserve_in_place_pending_later_semantic_disposition,c1ee8be28520b108173719e7af36863c765e389f39c4e7b4517277cc61673e55,35
Knowledge/Vocabulary/Curation/DECISION_LOG.md,PATH:Knowledge/Vocabulary/Curation/DECISION_LOG.md,path_locator_only,knowledge_family/Vocabulary,md,curation_record:tracked,tracked,unverified_no_authority_inferred,curation_state_unassessed,unresolved,sha256:fa4c0d6ef60d4d6f,utf8,preserve_in_place_pending_later_semantic_disposition,fa4c0d6ef60d4d6f00d86a4a0eb0eb3cb9ca63fedf9c4c2e6afb0fb00944034b,27
Knowledge/Vocabulary/Curation/FAMILY_MANIFEST.md,PATH:Knowledge/Vocabulary/Curation/FAMILY_MANIFEST.md,path_locator_only,knowledge_family/Vocabulary,md,curation_record:tracked,tracked,unverified_no_authority_inferred,curation_state_unassessed,unresolved,sha256:159934ad88090e0f,utf8,preserve_in_place_pending_later_semantic_disposition,159934ad88090e0f88c2ec9673aaff4adbb4e6ed641437753e0f6788a625f037,30
Knowledge/Vocabulary/Curation/INVENTORY.md,PATH:Knowledge/Vocabulary/Curation/INVENTORY.md,path_locator_only,knowledge_family/Vocabulary,md,curation_record:tracked,tracked,unverified_no_authority_inferred,curation_state_unassessed,unresolved,sha256:4bd3f5d8b8b065ad,utf8,preserve_in_place_pending_later_semantic_disposition,4bd3f5d8b8b065ad7a82ad0cf0a8313a0784015bbaae840c75f5cb7cfb5669ff,24
Knowledge/Vocabulary/Curation/LINEAGE.md,PATH:Knowledge/Vocabulary/Curation/LINEAGE.md,path_locator_only,knowledge_family/Vocabulary,md,curation_record:tracked,tracked,unverified_no_authority_inferred,curation_state_unassessed,unresolved,sha256:a1725e41479885da,utf8,preserve_in_place_pending_later_semantic_disposition,a1725e41479885daf833a4262c299b1fb7e17c9591c74777336ef97d881e3867,22
Knowledge/Vocabulary/Curation/OPEN_QUESTIONS.md,PATH:Knowledge/Vocabulary/Curation/OPEN_QUESTIONS.md,path_locator_only,knowledge_family/Vocabulary,md,curation_record:tracked,tracked,unverified_no_authority_inferred,curation_state_unassessed,unresolved,sha256:ee451084a6f54663,utf8,preserve_in_place_pending_later_semantic_disposition,ee451084a6f546631955db72277581724f8d70cc18c3d69e133f4304377c55a6,29
Knowledge/Vocabulary/Curation/QUALITY_REPORT.md,PATH:Knowledge/Vocabulary/Curation/QUALITY_REPORT.md,path_locator_only,knowledge_family/Vocabulary,md,curation_record:tracked,tracked,unverified_no_authority_inferred,curation_state_unassessed,unresolved,sha256:f343145abbfffbb5,utf8,preserve_in_place_pending_later_semantic_disposition,f343145abbfffbb53abfb7ddde1d2b4d4bd55d9b2e245dd1a0770bd10fdf7227,29
Knowledge/Vocabulary/Curation/README.md,PATH:Knowledge/Vocabulary/Curation/README.md,path_locator_only,knowledge_family/Vocabulary,md,curation_record:tracked,tracked,unverified_no_authority_inferred,curation_state_unassessed,unresolved,sha256:31c03b6142425333,utf8,preserve_in_place_pending_later_semantic_disposition,31c03b6142425333fe1e1e276fbbf8518f9c2bb261d864583e1bd8d023054b57,11
Knowledge/Vocabulary/Curation/ROADMAP.md,PATH:Knowledge/Vocabulary/Curation/ROADMAP.md,path_locator_only,knowledge_family/Vocabulary,md,curation_record:tracked,tracked,unverified_no_authority_inferred,curation_state_unassessed,unresolved,sha256:4c43011131cd772c,utf8,preserve_in_place_pending_later_semantic_disposition,4c43011131cd772c3de9b9a4bc03d8701c537557f7ef9d5c931d591d585ac393,22
Knowledge/Vocabulary/META.yaml,PATH:Knowledge/Vocabulary/META.yaml,path_locator_only,knowledge_family/Vocabulary,yaml,live_repository_path:tracked,tracked,declared_non_normative,declared:Draft,unresolved,unique,utf8,preserve_in_place_pending_later_semantic_disposition,dfb076ab5e43a47eb0f3c8f7decf6359ba9987ad94e9878dce45b5cc59ba8baf,46
Knowledge/Vocabulary/README.md,PATH:Knowledge/Vocabulary/README.md,path_locator_only,knowledge_family/Vocabulary,md,live_repository_path:tracked,tracked,unverified_no_authority_inferred,not_assessed_at_m0,unresolved,unique,utf8,preserve_in_place_pending_later_semantic_disposition,3f4ba1724457830f3ada3b82f02effe880d59b6d9eede92823d81f8eb13e8647,13
Knowledge/Vocabulary/Sources/README.md,PATH:Knowledge/Vocabulary/Sources/README.md,path_locator_only,knowledge_family/Vocabulary,md,preserved_source_material:tracked,tracked,unverified_no_authority_inferred,historical_or_source_unassessed,unresolved,sha256:0062c9ee8257ba99,utf8,preserve_as_source_or_historical_evidence_pending_lineage,0062c9ee8257ba99b69a244de24abd28ea27d19101d62bab5d9584ccb433e56b,10
Knowledge/Vocabulary/Sources/philosophical_ontology_reading_path.md,PATH:Knowledge/Vocabulary/Sources/philosophical_ontology_reading_path.md,path_locator_only,knowledge_family/Vocabulary,md,preserved_source_material:tracked,tracked,unverified_no_authority_inferred,historical_or_source_unassessed,unresolved,unique,utf8,preserve_as_source_or_historical_evidence_pending_lineage,51c1eda1f4d433715ae67d78a922e6f292b5521aa14a29e180f074cbe0ef0257,8291
Knowledge/Vocabulary/Sources/vocab.schema.json,PATH:Knowledge/Vocabulary/Sources/vocab.schema.json,path_locator_only,knowledge_family/Vocabulary,json,preserved_source_material:tracked,tracked,unverified_no_authority_inferred,historical_or_source_unassessed,unresolved,unique,utf8,preserve_as_source_or_historical_evidence_pending_lineage,1fab0d7768158704c3fbfb12a0379d231d9bc1c868717b545617690e924a24fd,2206
Knowledge/White_Paper/Assets/Diagrams/.keep,PATH:Knowledge/White_Paper/Assets/Diagrams/.keep,path_locator_only,knowledge_family/White_Paper,no_extension,live_repository_path:tracked,tracked,unverified_no_authority_inferred,not_assessed_at_m0,unresolved,sha256:e3b0c44298fc1c14,empty,preserve_in_place_pending_later_semantic_disposition,e3b0c44298fc1c149afbf4c8996fb92427ae41e4649b934ca495991b7852b855,0
Knowledge/White_Paper/Assets/Images/.keep,PATH:Knowledge/White_Paper/Assets/Images/.keep,path_locator_only,knowledge_family/White_Paper,no_extension,live_repository_path:tracked,tracked,unverified_no_authority_inferred,not_assessed_at_m0,unresolved,sha256:e3b0c44298fc1c14,empty,preserve_in_place_pending_later_semantic_disposition,e3b0c44298fc1c149afbf4c8996fb92427ae41e4649b934ca495991b7852b855,0
Knowledge/White_Paper/Assets/README.md,PATH:Knowledge/White_Paper/Assets/README.md,path_locator_only,knowledge_family/White_Paper,md,live_repository_path:tracked,tracked,unverified_no_authority_inferred,not_assessed_at_m0,unresolved,sha256:e99a6ed400acbe6a,utf8,preserve_in_place_pending_later_semantic_disposition,e99a6ed400acbe6aee307a6d7dd8d919d4ad9d951be3242162894ac4aaec8af2,9
Knowledge/White_Paper/Assets/Styles/symk_whitebook.css,PATH:Knowledge/White_Paper/Assets/Styles/symk_whitebook.css,path_locator_only,knowledge_family/White_Paper,css,live_repository_path:tracked,tracked,unverified_no_authority_inferred,not_assessed_at_m0,unresolved,unique,utf8,preserve_in_place_pending_later_semantic_disposition,05a86b4a66e59a2717025d69318a54ba3bceadfbb73ba8e70d870d2207d3b917,968
Knowledge/White_Paper/Assets/Templates/whitepaper_template.md,PATH:Knowledge/White_Paper/Assets/Templates/whitepaper_template.md,path_locator_only,knowledge_family/White_Paper,md,live_repository_path:tracked,tracked,unverified_no_authority_inferred,not_assessed_at_m0,unresolved,unique,utf8,preserve_in_place_pending_later_semantic_disposition,46009503ec26999022cc280ee103b726e753d76286bc7c19bf967d47ce9a16d5,30
Knowledge/White_Paper/Canonical/README.md,PATH:Knowledge/White_Paper/Canonical/README.md,path_locator_only,knowledge_family/White_Paper,md,live_repository_path:tracked,tracked,path_claims_canonical_requires_registry_verification,not_assessed_at_m0,unresolved,sha256:9540d6a67018e83a,utf8,preserve_current_placement_pending_governed_canonical_audit,9540d6a67018e83a6b0765b226f328a7b7258da323866f87a9a582db3e2997a8,12
Knowledge/White_Paper/Canonical/SYMK-WP-001.md,PATH:Knowledge/White_Paper/Canonical/SYMK-WP-001.md,path_locator_only,knowledge_family/White_Paper,md,live_repository_path:tracked,tracked,path_claims_canonical_requires_registry_verification,not_assessed_at_m0,unresolved,unique,utf8,preserve_current_placement_pending_governed_canonical_audit,62bf3f23bba2306f86210bed9de860c4716387c8019d921417d71cdb64202841,70
Knowledge/White_Paper/Curation/CANONICAL_ASSESSMENT.md,PATH:Knowledge/White_Paper/Curation/CANONICAL_ASSESSMENT.md,path_locator_only,knowledge_family/White_Paper,md,curation_record:tracked,tracked,unverified_no_authority_inferred,curation_state_unassessed,unresolved,sha256:c1ee8be28520b108,utf8,preserve_in_place_pending_later_semantic_disposition,c1ee8be28520b108173719e7af36863c765e389f39c4e7b4517277cc61673e55,35
Knowledge/White_Paper/Curation/DECISION_LOG.md,PATH:Knowledge/White_Paper/Curation/DECISION_LOG.md,path_locator_only,knowledge_family/White_Paper,md,curation_record:tracked,tracked,unverified_no_authority_inferred,curation_state_unassessed,unresolved,sha256:fa4c0d6ef60d4d6f,utf8,preserve_in_place_pending_later_semantic_disposition,fa4c0d6ef60d4d6f00d86a4a0eb0eb3cb9ca63fedf9c4c2e6afb0fb00944034b,27
Knowledge/White_Paper/Curation/FAMILY_MANIFEST.md,PATH:Knowledge/White_Paper/Curation/FAMILY_MANIFEST.md,path_locator_only,knowledge_family/White_Paper,md,curation_record:tracked,tracked,unverified_no_authority_inferred,curation_state_unassessed,unresolved,sha256:159934ad88090e0f,utf8,preserve_in_place_pending_later_semantic_disposition,159934ad88090e0f88c2ec9673aaff4adbb4e6ed641437753e0f6788a625f037,30
Knowledge/White_Paper/Curation/INVENTORY.md,PATH:Knowledge/White_Paper/Curation/INVENTORY.md,path_locator_only,knowledge_family/White_Paper,md,curation_record:tracked,tracked,unverified_no_authority_inferred,curation_state_unassessed,unresolved,sha256:4bd3f5d8b8b065ad,utf8,preserve_in_place_pending_later_semantic_disposition,4bd3f5d8b8b065ad7a82ad0cf0a8313a0784015bbaae840c75f5cb7cfb5669ff,24
Knowledge/White_Paper/Curation/LINEAGE.md,PATH:Knowledge/White_Paper/Curation/LINEAGE.md,path_locator_only,knowledge_family/White_Paper,md,curation_record:tracked,tracked,unverified_no_authority_inferred,curation_state_unassessed,unresolved,sha256:a1725e41479885da,utf8,preserve_in_place_pending_later_semantic_disposition,a1725e41479885daf833a4262c299b1fb7e17c9591c74777336ef97d881e3867,22
Knowledge/White_Paper/Curation/OPEN_QUESTIONS.md,PATH:Knowledge/White_Paper/Curation/OPEN_QUESTIONS.md,path_locator_only,knowledge_family/White_Paper,md,curation_record:tracked,tracked,unverified_no_authority_inferred,curation_state_unassessed,unresolved,sha256:ee451084a6f54663,utf8,preserve_in_place_pending_later_semantic_disposition,ee451084a6f546631955db72277581724f8d70cc18c3d69e133f4304377c55a6,29
Knowledge/White_Paper/Curation/QUALITY_REPORT.md,PATH:Knowledge/White_Paper/Curation/QUALITY_REPORT.md,path_locator_only,knowledge_family/White_Paper,md,curation_record:tracked,tracked,unverified_no_authority_inferred,curation_state_unassessed,unresolved,sha256:f343145abbfffbb5,utf8,preserve_in_place_pending_later_semantic_disposition,f343145abbfffbb53abfb7ddde1d2b4d4bd55d9b2e245dd1a0770bd10fdf7227,29
Knowledge/White_Paper/Curation/README.md,PATH:Knowledge/White_Paper/Curation/README.md,path_locator_only,knowledge_family/White_Paper,md,curation_record:tracked,tracked,unverified_no_authority_inferred,curation_state_unassessed,unresolved,sha256:31c03b6142425333,utf8,preserve_in_place_pending_later_semantic_disposition,31c03b6142425333fe1e1e276fbbf8518f9c2bb261d864583e1bd8d023054b57,11
Knowledge/White_Paper/Curation/ROADMAP.md,PATH:Knowledge/White_Paper/Curation/ROADMAP.md,path_locator_only,knowledge_family/White_Paper,md,curation_record:tracked,tracked,unverified_no_authority_inferred,curation_state_unassessed,unresolved,sha256:4c43011131cd772c,utf8,preserve_in_place_pending_later_semantic_disposition,4c43011131cd772c3de9b9a4bc03d8701c537557f7ef9d5c931d591d585ac393,22
Knowledge/White_Paper/Curation/WHITE_PAPER_INVENTORY.md,PATH:Knowledge/White_Paper/Curation/WHITE_PAPER_INVENTORY.md,path_locator_only,knowledge_family/White_Paper,md,curation_record:tracked,tracked,unverified_no_authority_inferred,curation_state_unassessed,unresolved,unique,utf8,preserve_in_place_pending_later_semantic_disposition,432f75af7aedcb095f54058b67e857bbad91a7b9a940b0a0f44f3043af836f35,19
Knowledge/White_Paper/Curation/WHITE_PAPER_LINEAGE.md,PATH:Knowledge/White_Paper/Curation/WHITE_PAPER_LINEAGE.md,path_locator_only,knowledge_family/White_Paper,md,curation_record:tracked,tracked,unverified_no_authority_inferred,curation_state_unassessed,unresolved,unique,utf8,preserve_in_place_pending_later_semantic_disposition,e1f71862c309002c8c3dda7c04ed70380bc1e46570d9d58763daf34e14eb43bf,17
Knowledge/White_Paper/Curation/WHITE_PAPER_ROADMAP.md,PATH:Knowledge/White_Paper/Curation/WHITE_PAPER_ROADMAP.md,path_locator_only,knowledge_family/White_Paper,md,curation_record:tracked,tracked,unverified_no_authority_inferred,curation_state_unassessed,unresolved,unique,utf8,preserve_in_place_pending_later_semantic_disposition,c3165d6982d3d503054133b34a3aabfd61a8ea84d2fff923bbb3e3ac39e04dd6,17
Knowledge/White_Paper/META.yaml,PATH:Knowledge/White_Paper/META.yaml,path_locator_only,knowledge_family/White_Paper,yaml,live_repository_path:tracked,tracked,declared_non_normative,declared:Draft,unresolved,unique,utf8,preserve_in_place_pending_later_semantic_disposition,eda712c90b3f09c532fde5181ee06d035966eb10aa4bc3304c8928610e86d2ca,47
Knowledge/White_Paper/README.md,PATH:Knowledge/White_Paper/README.md,path_locator_only,knowledge_family/White_Paper,md,live_repository_path:tracked,tracked,unverified_no_authority_inferred,not_assessed_at_m0,unresolved,unique,utf8,preserve_in_place_pending_later_semantic_disposition,09b4064084fc65e2cdac60052842795c7e91f95b3cf729e159d707a3b8c6258c,14
Knowledge/White_Paper/Sources/README.md,PATH:Knowledge/White_Paper/Sources/README.md,path_locator_only,knowledge_family/White_Paper,md,preserved_source_material:tracked,tracked,unverified_no_authority_inferred,historical_or_source_unassessed,unresolved,sha256:0062c9ee8257ba99,utf8,preserve_as_source_or_historical_evidence_pending_lineage,0062c9ee8257ba99b69a244de24abd28ea27d19101d62bab5d9584ccb433e56b,10
Knowledge/White_Paper/Sources/SYMK-WP-001_Symbiotic_Intelligence_Working_Draft_v0.1.md,SYMK-WP-001,detected_in_content,knowledge_family/White_Paper,md,preserved_source_material:tracked,tracked,declared_non_normative,declared:Founding White Paper (Working Draft),unresolved,unique,utf8,preserve_as_source_or_historical_evidence_pending_lineage,8974e9d1fb85794c869a282127f83b8c463634657181d2f78bc13c61ef835f61,2979
Knowledge/White_Paper/Sources/SYMK-WP-001_Symbiotic_Intelligence_v0.2.md,SYMK-WP-001,detected_in_content,knowledge_family/White_Paper,md,preserved_source_material:tracked,tracked,declared_non_normative,declared:Founding Working Draft\,unresolved,unique,utf8,preserve_as_source_or_historical_evidence_pending_lineage,e4c525fc344771e0551ca2b4462e9a29ae6b049cffa9ecd8c92c3c10e7d5d43d,6756
MIGRATION_LOG.md,PATH:MIGRATION_LOG.md,path_locator_only,repository_control_or_migration,md,live_repository_path:tracked,tracked,unverified_no_authority_inferred,not_assessed_at_m0,unresolved,unique,utf8,preserve_in_place_pending_later_semantic_disposition,7e43aa2e334a8f736a521e33a96e3677e2edb36e41bddb413a9e696431fff333,385
PASS01_MANIFEST.xlsx,PATH:PASS01_MANIFEST.xlsx,path_locator_only,repository_control_or_migration,xlsx,live_repository_path:tracked,tracked,unverified_no_authority_inferred,not_assessed_at_m0,unresolved,unique,binary,preserve_in_place_pending_later_semantic_disposition,ff396408759443bbfe70d04beb8417dfc7f5d3b787a1884c74f80e4b1267579e,49653
PASS01_REPORT.md,PATH:PASS01_REPORT.md,path_locator_only,repository_control_or_migration,md,live_repository_path:tracked,tracked,unverified_no_authority_inferred,not_assessed_at_m0,unresolved,unique,utf8,preserve_in_place_pending_later_semantic_disposition,3e245b8c690a600f036c5ff53d51a2a17d1db00ee3af31d06ec0d615fc3b12d9,274
PASS02_DECISIONS.md,PATH:PASS02_DECISIONS.md,path_locator_only,repository_control_or_migration,md,live_repository_path:tracked,tracked,unverified_no_authority_inferred,not_assessed_at_m0,unresolved,unique,utf8,preserve_in_place_pending_later_semantic_disposition,91c58270b749286d621adf7dc86d0d50e967dad66a73b7ced62ff4165c694cdc,64
PASS02_MANIFEST.xlsx,PATH:PASS02_MANIFEST.xlsx,path_locator_only,repository_control_or_migration,xlsx,live_repository_path:tracked,tracked,unverified_no_authority_inferred,not_assessed_at_m0,unresolved,unique,binary,preserve_in_place_pending_later_semantic_disposition,75e4a290a7d906e8f520ddd62c469f3f64884f8ddff67d2549360ef87cdc2293,31126
PASS02_REPORT.md,PATH:PASS02_REPORT.md,path_locator_only,repository_control_or_migration,md,live_repository_path:tracked,tracked,unverified_no_authority_inferred,not_assessed_at_m0,unresolved,unique,utf8,preserve_in_place_pending_later_semantic_disposition,08621faf888b224fa1144a7d1fad070401b758d7d0ddae46e14bb7528ade8226,30
PASS03_DECISIONS.md,PATH:PASS03_DECISIONS.md,path_locator_only,repository_control_or_migration,md,live_repository_path:tracked,tracked,unverified_no_authority_inferred,not_assessed_at_m0,unresolved,unique,utf8,preserve_in_place_pending_later_semantic_disposition,74b8f3128ff83be8fd6a8758a8f592bfedb26b3e077290731c304a8e15cb030a,97
PASS03_REPORT.md,PATH:PASS03_REPORT.md,path_locator_only,repository_control_or_migration,md,live_repository_path:tracked,tracked,unverified_no_authority_inferred,not_assessed_at_m0,unresolved,unique,utf8,preserve_in_place_pending_later_semantic_disposition,0f51fb7d265d3ddf169a66ebe922e361994417036b545cca86e8cea7d861cfc0,66
PASS04_DECISIONS.md,PATH:PASS04_DECISIONS.md,path_locator_only,repository_control_or_migration,md,live_repository_path:tracked,tracked,unverified_no_authority_inferred,not_assessed_at_m0,unresolved,unique,utf8,preserve_in_place_pending_later_semantic_disposition,4f40e83b9f804acf816767fef73833c9ef80e1bf63c60b0757402daeffeb5729,260
PASS04_REPORT.md,PATH:PASS04_REPORT.md,path_locator_only,repository_control_or_migration,md,live_repository_path:tracked,tracked,unverified_no_authority_inferred,not_assessed_at_m0,unresolved,unique,utf8,preserve_in_place_pending_later_semantic_disposition,81c3eb4709f55e0af787d029dd60507547b323e33bb21fd9562e3bac8a32317c,110
PASS05_DECISIONS.md,PATH:PASS05_DECISIONS.md,path_locator_only,repository_control_or_migration,md,live_repository_path:tracked,tracked,unverified_no_authority_inferred,not_assessed_at_m0,unresolved,unique,utf8,preserve_in_place_pending_later_semantic_disposition,a39816f70393a06a2d8dc5cd14c97dcf9025390c08512e65078e0580864f83e1,101
PASS05_REPORT.md,PATH:PASS05_REPORT.md,path_locator_only,repository_control_or_migration,md,live_repository_path:tracked,tracked,unverified_no_authority_inferred,not_assessed_at_m0,unresolved,unique,utf8,preserve_in_place_pending_later_semantic_disposition,b90cc9d4fbacb6a4cf8f606ab8391016c98eacf703f9dc3bf0c5af922f3f85a1,60
PATCH_REPORT.md,PATH:PATCH_REPORT.md,path_locator_only,repository_control_or_migration,md,live_repository_path:tracked,tracked,unverified_no_authority_inferred,not_assessed_at_m0,unresolved,unique,utf8,preserve_in_place_pending_later_semantic_disposition,6a5b4101156619d6ea8a777a33a91bc0aedcf848fd7eb6c573de8a2aed53cada,28
REVIEW_QUEUE/.DS_Store,PATH:REVIEW_QUEUE/.DS_Store,path_locator_only,recovery_review_queue,no_extension,recovery_review_material:ignored,ignored,none_recovery_evidence,unclassified_recovery,unresolved,unique,binary,retain_in_review_queue_pending_lineage_and_semantic_review,de5936b752a8b429d94d1ca79d555a7aaafa266070ac0185a49725af2e94a65e,10244
REVIEW_QUEUE/.gitignore,PATH:REVIEW_QUEUE/.gitignore,path_locator_only,recovery_review_queue,no_extension,recovery_review_material:tracked,tracked,none_recovery_evidence,unclassified_recovery,unresolved,sha256:f84e61240b587987,utf8,retain_in_review_queue_pending_lineage_and_semantic_review,f84e61240b587987ca93d17ee14e90aba95800ee8204260f2b0255e8cc157e7e,423
REVIEW_QUEUE/.symbiotic.yaml,PATH:REVIEW_QUEUE/.symbiotic.yaml,path_locator_only,recovery_review_queue,yaml,recovery_review_material:tracked,tracked,none_recovery_evidence,unclassified_recovery,unresolved,unique,utf8,retain_in_review_queue_pending_lineage_and_semantic_review,bc48ba8065ad8f5254a06dcc6d0511d9450fcdb6b432c52e093b66254e04c1ef,1024
REVIEW_QUEUE/0008f510a124523f28096a906f7becd6cd53a9,PATH:REVIEW_QUEUE/0008f510a124523f28096a906f7becd6cd53a9,path_locator_only,recovery_review_queue,no_extension,recovered_git_object:tracked,tracked,none_recovery_evidence,unclassified_recovery,unresolved,unique,binary,retain_recovery_evidence_in_reversible_quarantine,a5e950f505c0ec94ff56ad627790050beffc6ec901601312562bbc79702a371d,357
REVIEW_QUEUE/00aa9c9debdbf149552f42490b6d2197836711,PATH:REVIEW_QUEUE/00aa9c9debdbf149552f42490b6d2197836711,path_locator_only,recovery_review_queue,no_extension,recovered_git_object:tracked,tracked,none_recovery_evidence,unclassified_recovery,unresolved,unique,binary,retain_recovery_evidence_in_reversible_quarantine,65c91c07ca521a1f91b4dfcbfb10ca055a0825691c9e6f603534715a64a04aa9,137
REVIEW_QUEUE/012ad1614f02cae05c124a21eba9f4a2827efe,PATH:REVIEW_QUEUE/012ad1614f02cae05c124a21eba9f4a2827efe,path_locator_only,recovery_review_queue,no_extension,recovered_git_object:tracked,tracked,none_recovery_evidence,unclassified_recovery,unresolved,unique,binary,retain_recovery_evidence_in_reversible_quarantine,9e6c89d7edbb56324ee55ea5cf60770aac4d6b7b37859eac659893d658e6bc76,18901
REVIEW_QUEUE/016f5ec26f42d52c28f7f7296d92b22919d4a2,PATH:REVIEW_QUEUE/016f5ec26f42d52c28f7f7296d92b22919d4a2,path_locator_only,recovery_review_queue,no_extension,recovered_git_object:tracked,tracked,none_recovery_evidence,unclassified_recovery,unresolved,unique,binary,retain_recovery_evidence_in_reversible_quarantine,91da60f7aeaa181dd7e2ac29c2a515f7014b0aa208008c15a9bd654c22a31dd3,3806
REVIEW_QUEUE/0246a71ba40b2296b34eefb38425995b31ec3d,PATH:REVIEW_QUEUE/0246a71ba40b2296b34eefb38425995b31ec3d,path_locator_only,recovery_review_queue,no_extension,recovered_git_object:tracked,tracked,none_recovery_evidence,unclassified_recovery,unresolved,unique,binary,retain_recovery_evidence_in_reversible_quarantine,c7bd746ec66e114d8f571aa41e04c443f7c535d944deeabe3f5b7ba32f2fa77a,54
REVIEW_QUEUE/02a56fe4746b080bf746d75ba61e459aa912ac,PATH:REVIEW_QUEUE/02a56fe4746b080bf746d75ba61e459aa912ac,path_locator_only,recovery_review_queue,no_extension,recovered_git_object:tracked,tracked,none_recovery_evidence,unclassified_recovery,unresolved,unique,binary,retain_recovery_evidence_in_reversible_quarantine,3fbe78c6e607c4ba72af48686f711369a1cb8d6b88a14a390ffa4a1664c090d1,148
REVIEW_QUEUE/03103a76271159b16ed71abe5674ee5e30cad6,PATH:REVIEW_QUEUE/03103a76271159b16ed71abe5674ee5e30cad6,path_locator_only,recovery_review_queue,no_extension,recovered_git_object:tracked,tracked,none_recovery_evidence,unclassified_recovery,unresolved,unique,binary,retain_recovery_evidence_in_reversible_quarantine,570e0cfe62b9eb692b2b995abf93b91181c1c9b09f7f63b51c9492b46a19f0b9,4816
REVIEW_QUEUE/03866fd65fe357623e54cc93d7ba1ec147faea,PATH:REVIEW_QUEUE/03866fd65fe357623e54cc93d7ba1ec147faea,path_locator_only,recovery_review_queue,no_extension,recovered_git_object:tracked,tracked,none_recovery_evidence,unclassified_recovery,unresolved,unique,binary,retain_recovery_evidence_in_reversible_quarantine,c6d7192b1132b54b8f2cbf9fd66c9a3a351252a9f0f454f57d4f6e5d0b9635fe,362
REVIEW_QUEUE/03a8692f582773316771c00eb63c53f0095c78,PATH:REVIEW_QUEUE/03a8692f582773316771c00eb63c53f0095c78,path_locator_only,recovery_review_queue,no_extension,recovered_git_object:tracked,tracked,none_recovery_evidence,unclassified_recovery,unresolved,unique,binary,retain_recovery_evidence_in_reversible_quarantine,0974827b3d2e86cce061246da90c87595e12292d13cf977110d729a891cea3c4,1872
REVIEW_QUEUE/04089fd54fe85bc9b5404787a6fac598a52c18,PATH:REVIEW_QUEUE/04089fd54fe85bc9b5404787a6fac598a52c18,path_locator_only,recovery_review_queue,no_extension,recovered_git_object:tracked,tracked,none_recovery_evidence,unclassified_recovery,unresolved,unique,binary,retain_recovery_evidence_in_reversible_quarantine,8e663ec7ffbcffbb46f134d5d24a84bb6104d8f7dbcd2cdb6c008ee7ea0b8813,270
REVIEW_QUEUE/040ee1939f1747271ffd45b871d0bac498205d,PATH:REVIEW_QUEUE/040ee1939f1747271ffd45b871d0bac498205d,path_locator_only,recovery_review_queue,no_extension,recovered_git_object:tracked,tracked,none_recovery_evidence,unclassified_recovery,unresolved,unique,binary,retain_recovery_evidence_in_reversible_quarantine,e5aa1b613371038ca39240d8b80378a6589defc9d614cadc5ededf9e79c91c4b,165
REVIEW_QUEUE/04a1b4c05d4476418507ab707196d836d56e84,PATH:REVIEW_QUEUE/04a1b4c05d4476418507ab707196d836d56e84,path_locator_only,recovery_review_queue,no_extension,recovered_git_object:tracked,tracked,none_recovery_evidence,unclassified_recovery,unresolved,unique,binary,retain_recovery_evidence_in_reversible_quarantine,ad136e88dfffd26c813e9113ff05920008f0a7e317d9b4d8916e6a09d8bb3555,93
REVIEW_QUEUE/0536dce22fa14a7f1505f17887e1962c756fa4,PATH:REVIEW_QUEUE/0536dce22fa14a7f1505f17887e1962c756fa4,path_locator_only,recovery_review_queue,no_extension,recovered_git_object:tracked,tracked,none_recovery_evidence,unclassified_recovery,unresolved,unique,binary,retain_recovery_evidence_in_reversible_quarantine,40c32c4fa12f3022d11ed397d87092334db6172ec5fd93cb3de8aa0f603c010e,170
REVIEW_QUEUE/058706ffddefff2b2c680990258f24b64f05db,PATH:REVIEW_QUEUE/058706ffddefff2b2c680990258f24b64f05db,path_locator_only,recovery_review_queue,no_extension,recovered_git_object:tracked,tracked,none_recovery_evidence,unclassified_recovery,unresolved,unique,binary,retain_recovery_evidence_in_reversible_quarantine,bd1e8c9e03243b48f410b29852176d88c0e1191375dcb9575f6d98a89757a142,53
REVIEW_QUEUE/05bca397a69be02f3c038305c9474dd7435b2d,PATH:REVIEW_QUEUE/05bca397a69be02f3c038305c9474dd7435b2d,path_locator_only,recovery_review_queue,no_extension,recovered_git_object:tracked,tracked,none_recovery_evidence,unclassified_recovery,unresolved,unique,binary,retain_recovery_evidence_in_reversible_quarantine,db9392fb5b5647aa64fbc6e8c47e9dfdfc839c376a777df56f1bf0e7bdb3539a,109
REVIEW_QUEUE/0600b5167c25845fb455b4a76f842f7a8542b3,PATH:REVIEW_QUEUE/0600b5167c25845fb455b4a76f842f7a8542b3,path_locator_only,recovery_review_queue,no_extension,recovered_git_object:tracked,tracked,none_recovery_evidence,unclassified_recovery,unresolved,unique,binary,retain_recovery_evidence_in_reversible_quarantine,d14d531ab43c65bd0c29a01d1fae5df9d59d5ac1418f1572a8538092b327dcea,291
REVIEW_QUEUE/0639c1a2ed9d3059513e894623ef2b6724f1f7,PATH:REVIEW_QUEUE/0639c1a2ed9d3059513e894623ef2b6724f1f7,path_locator_only,recovery_review_queue,no_extension,recovered_git_object:tracked,tracked,none_recovery_evidence,unclassified_recovery,unresolved,unique,binary,retain_recovery_evidence_in_reversible_quarantine,3bb61adbf54f71631017244ca9dbfe90f7ca18697871ab20a2bce165d20037e2,7112
REVIEW_QUEUE/078f88e99f5a058a31d4c34a9beda2172c3dfe,PATH:REVIEW_QUEUE/078f88e99f5a058a31d4c34a9beda2172c3dfe,path_locator_only,recovery_review_queue,no_extension,recovered_git_object:tracked,tracked,none_recovery_evidence,unclassified_recovery,unresolved,unique,binary,retain_recovery_evidence_in_reversible_quarantine,fb9a0577942072866dd8a0ae3b0237f5cde17b5a9124d5054ce1e1bbb0243e26,97
REVIEW_QUEUE/08b69b969e809334e4bea7c3d59cd1ded23aea,PATH:REVIEW_QUEUE/08b69b969e809334e4bea7c3d59cd1ded23aea,path_locator_only,recovery_review_queue,no_extension,recovered_git_object:tracked,tracked,none_recovery_evidence,unclassified_recovery,unresolved,unique,binary,retain_recovery_evidence_in_reversible_quarantine,f6f472654ac0d0055785e07d65db4320c8fb9e45bd65503c5a6086df433bbc2e,251
REVIEW_QUEUE/09c3c0bea565bf0e2dca99b2d2683400647f35,PATH:REVIEW_QUEUE/09c3c0bea565bf0e2dca99b2d2683400647f35,path_locator_only,recovery_review_queue,no_extension,recovered_git_object:tracked,tracked,none_recovery_evidence,unclassified_recovery,unresolved,unique,binary,retain_recovery_evidence_in_reversible_quarantine,893bd4e425dfb76a13ad8fe223a63d6c337488c05c611ec2855a121e5c010bc6,76
REVIEW_QUEUE/0a276fb4601aac80aafbea5b3a2f3830b2a2ca,PATH:REVIEW_QUEUE/0a276fb4601aac80aafbea5b3a2f3830b2a2ca,path_locator_only,recovery_review_queue,no_extension,recovered_git_object:tracked,tracked,none_recovery_evidence,unclassified_recovery,unresolved,unique,binary,retain_recovery_evidence_in_reversible_quarantine,67215adbf3dd1fdd8771d212d3f48256be7065f701c2a962a7cc54329e6644ce,53
REVIEW_QUEUE/0a34e400a7528a46f33885c2018b31f12f1aa2,PATH:REVIEW_QUEUE/0a34e400a7528a46f33885c2018b31f12f1aa2,path_locator_only,recovery_review_queue,no_extension,recovered_git_object:tracked,tracked,none_recovery_evidence,unclassified_recovery,unresolved,unique,binary,retain_recovery_evidence_in_reversible_quarantine,b430fc4af886a13c2f3f27960fda6c772ebd625995133c649a8ffcc752016beb,1130
REVIEW_QUEUE/0bbf4b61e5949dd6c97aafbc77cd7fd11ffd54,PATH:REVIEW_QUEUE/0bbf4b61e5949dd6c97aafbc77cd7fd11ffd54,path_locator_only,recovery_review_queue,no_extension,recovered_git_object:tracked,tracked,none_recovery_evidence,unclassified_recovery,unresolved,unique,binary_or_unknown_encoding,retain_recovery_evidence_in_reversible_quarantine,dd0df06357145eeb8db10ab98e0c275399dfbf97ec2fdfa5733e87a4c5776a89,145
REVIEW_QUEUE/0be83ac92667ab592f8d645fa82b9059503e74,PATH:REVIEW_QUEUE/0be83ac92667ab592f8d645fa82b9059503e74,path_locator_only,recovery_review_queue,no_extension,recovered_git_object:tracked,tracked,none_recovery_evidence,unclassified_recovery,unresolved,unique,binary,retain_recovery_evidence_in_reversible_quarantine,9f2330f1760d233f294eab68c72c24effcdaa9a1cf3403be24f1aa5ab04c4a97,55
REVIEW_QUEUE/0cc2c14dc38e8fc9018434252f81374e02d4e9,PATH:REVIEW_QUEUE/0cc2c14dc38e8fc9018434252f81374e02d4e9,path_locator_only,recovery_review_queue,no_extension,recovered_git_object:tracked,tracked,none_recovery_evidence,unclassified_recovery,unresolved,unique,binary,retain_recovery_evidence_in_reversible_quarantine,955cf8848525deb999a3919b21957155578e00f4f9ff2665aed2a51e67b4c3ef,893
REVIEW_QUEUE/0cfa7e62020ec2c82cf9b7f43fda263de81a45,PATH:REVIEW_QUEUE/0cfa7e62020ec2c82cf9b7f43fda263de81a45,path_locator_only,recovery_review_queue,no_extension,recovered_git_object:tracked,tracked,none_recovery_evidence,unclassified_recovery,unresolved,unique,binary,retain_recovery_evidence_in_reversible_quarantine,5d710d701cd0a00ed2d4c6037376836cafe0b2f5318c1162c6f8feea12d25236,362
REVIEW_QUEUE/0d844118da8488e7f9a79cd0caa1773746ebf7,PATH:REVIEW_QUEUE/0d844118da8488e7f9a79cd0caa1773746ebf7,path_locator_only,recovery_review_queue,no_extension,recovered_git_object:tracked,tracked,none_recovery_evidence,unclassified_recovery,unresolved,unique,binary,retain_recovery_evidence_in_reversible_quarantine,9aca82307b12dd58b1a5743c816561e130e611262ca11722f87dd810c0894d18,54
REVIEW_QUEUE/0e3e96a2560c24c534570b00945ea8084dfa01,PATH:REVIEW_QUEUE/0e3e96a2560c24c534570b00945ea8084dfa01,path_locator_only,recovery_review_queue,no_extension,recovered_git_object:tracked,tracked,none_recovery_evidence,unclassified_recovery,unresolved,unique,binary,retain_recovery_evidence_in_reversible_quarantine,6b4af9fb484fc91e78690ee98f20014baeb316ae8842a537b8ed6503d34f90bc,414
REVIEW_QUEUE/0e58ff05ef831e4a724b4e8763b34593d74cdc,PATH:REVIEW_QUEUE/0e58ff05ef831e4a724b4e8763b34593d74cdc,path_locator_only,recovery_review_queue,no_extension,recovered_git_object:tracked,tracked,none_recovery_evidence,unclassified_recovery,unresolved,unique,binary,retain_recovery_evidence_in_reversible_quarantine,64393e4c52f65c4a3adabcb410a48fc5fb75d8fb6b81f2aba9700a83c7d0d279,161
REVIEW_QUEUE/0ea4e7bfc54b24a6d34f750e90b3c8cd678e99,PATH:REVIEW_QUEUE/0ea4e7bfc54b24a6d34f750e90b3c8cd678e99,path_locator_only,recovery_review_queue,no_extension,recovered_git_object:tracked,tracked,none_recovery_evidence,unclassified_recovery,unresolved,unique,binary,retain_recovery_evidence_in_reversible_quarantine,2f2075b13831417198ecac259d9e637aeeeed9da145891d0fb6c91b8fb8b69c3,94
REVIEW_QUEUE/0eff093e06e16a176ace30a4e662b814063885,PATH:REVIEW_QUEUE/0eff093e06e16a176ace30a4e662b814063885,path_locator_only,recovery_review_queue,no_extension,recovered_git_object:tracked,tracked,none_recovery_evidence,unclassified_recovery,unresolved,unique,binary,retain_recovery_evidence_in_reversible_quarantine,cca299648cdebdc1f94be93f962df9fdc19279b63a40979a6746b7132829f7d0,8759
REVIEW_QUEUE/0f868aa504540fa942e77a940056d7f9b42efc,PATH:REVIEW_QUEUE/0f868aa504540fa942e77a940056d7f9b42efc,path_locator_only,recovery_review_queue,no_extension,recovered_git_object:tracked,tracked,none_recovery_evidence,unclassified_recovery,unresolved,unique,binary,retain_recovery_evidence_in_reversible_quarantine,ad917fa58c6d83c15470adb403fa8b17fa053881594f6cbd139a4fe5dff717e6,78
REVIEW_QUEUE/0fbd083ff644d22f203d03052c8f77fa513adf,PATH:REVIEW_QUEUE/0fbd083ff644d22f203d03052c8f77fa513adf,path_locator_only,recovery_review_queue,no_extension,recovered_git_object:tracked,tracked,none_recovery_evidence,unclassified_recovery,unresolved,unique,binary,retain_recovery_evidence_in_reversible_quarantine,205082a8e92c942485c9671d5991e1ce1fad70b8f600700a5cbe0006abda920d,2966
REVIEW_QUEUE/1.3_Stakeholder_Map.md,PATH:REVIEW_QUEUE/1.3_Stakeholder_Map.md,path_locator_only,recovery_review_queue,md,recovery_review_material:tracked,tracked,none_recovery_evidence,unclassified_recovery,unresolved,unique,utf8,retain_in_review_queue_pending_lineage_and_semantic_review,157c5ae50c72bfdfe1367323a859caaf423520855083a4f7e4d4b99386e5d6c6,1529
REVIEW_QUEUE/1.3_Stakeholder_Map_Template.md,PATH:REVIEW_QUEUE/1.3_Stakeholder_Map_Template.md,path_locator_only,recovery_review_queue,md,recovery_review_material:tracked,tracked,none_recovery_evidence,unclassified_recovery,unresolved,unique,utf8,retain_in_review_queue_pending_lineage_and_semantic_review,938a04091ad9dbe6381bfbbfa631446f8a360e451961d8630ff57f72278cbb89,794
REVIEW_QUEUE/1.5_Discovery_Tools.md,PATH:REVIEW_QUEUE/1.5_Discovery_Tools.md,path_locator_only,recovery_review_queue,md,recovery_review_material:tracked,tracked,none_recovery_evidence,unclassified_recovery,unresolved,unique,utf8,retain_in_review_queue_pending_lineage_and_semantic_review,85a3fa6b09724b7d66541f53755dcf72d108b3ca8d11ba3dad208fb917a03938,4865
REVIEW_QUEUE/1.5_Discovery_Tools_Catalog.md,PATH:REVIEW_QUEUE/1.5_Discovery_Tools_Catalog.md,path_locator_only,recovery_review_queue,md,recovery_review_material:tracked,tracked,none_recovery_evidence,unclassified_recovery,unresolved,unique,utf8,retain_in_review_queue_pending_lineage_and_semantic_review,a701d955b9ae5fc93efc0ebc54590f7392df2c35ff191f2ada4bfcd20b6d7c1c,7233
REVIEW_QUEUE/1.6.2_Business_Size_Fit_Template.md,PATH:REVIEW_QUEUE/1.6.2_Business_Size_Fit_Template.md,path_locator_only,recovery_review_queue,md,recovery_review_material:tracked,tracked,none_recovery_evidence,unclassified_recovery,unresolved,unique,utf8,retain_in_review_queue_pending_lineage_and_semantic_review,886148f3b254f54ec451c58b1d39d6728e2ec7efa80a970daca2a68e9e28205f,1468
REVIEW_QUEUE/1.6.3_Consulting_Leverage_Template.md,PATH:REVIEW_QUEUE/1.6.3_Consulting_Leverage_Template.md,path_locator_only,recovery_review_queue,md,recovery_review_material:tracked,tracked,none_recovery_evidence,unclassified_recovery,unresolved,unique,utf8,retain_in_review_queue_pending_lineage_and_semantic_review,129ae18a984a511475657b145f355e3e8fd32420f375312023d8647b7713c58b,1521
REVIEW_QUEUE/1.6.4_Career_Leverage_Template.md,PATH:REVIEW_QUEUE/1.6.4_Career_Leverage_Template.md,path_locator_only,recovery_review_queue,md,recovery_review_material:tracked,tracked,none_recovery_evidence,unclassified_recovery,unresolved,unique,utf8,retain_in_review_queue_pending_lineage_and_semantic_review,5ff88ecb5605aafb0d7cf170047db61f00eaa9b842cfdf24cc634509d1a41f83,1435
REVIEW_QUEUE/1.6.5_Success_Metrics_and_Risks_Template.md,PATH:REVIEW_QUEUE/1.6.5_Success_Metrics_and_Risks_Template.md,path_locator_only,recovery_review_queue,md,recovery_review_material:tracked,tracked,none_recovery_evidence,unclassified_recovery,unresolved,unique,utf8,retain_in_review_queue_pending_lineage_and_semantic_review,4194f07b5f5ea2a7bb47518d59bb2001dc5f0639114aeb88faa30217f1834b88,1765
REVIEW_QUEUE/1.6_Discovery_Outcomes.md,PATH:REVIEW_QUEUE/1.6_Discovery_Outcomes.md,path_locator_only,recovery_review_queue,md,recovery_review_material:tracked,tracked,none_recovery_evidence,unclassified_recovery,unresolved,unique,utf8,retain_in_review_queue_pending_lineage_and_semantic_review,4ec35c79d8ec223692085da29433a92d3f0a5547715669608c2698a55457a4c5,781
REVIEW_QUEUE/1.6_Discovery_Outcomes2.md,PATH:REVIEW_QUEUE/1.6_Discovery_Outcomes2.md,path_locator_only,recovery_review_queue,md,recovery_review_material:tracked,tracked,none_recovery_evidence,unclassified_recovery,unresolved,unique,utf8,retain_in_review_queue_pending_lineage_and_semantic_review,6464e8fa11dd26945bcb482869a06fb88dcdb3d6a123bb1dc838ce4f87299a17,2590
REVIEW_QUEUE/104887524208cebca2b686e6e985f22d9add7e,PATH:REVIEW_QUEUE/104887524208cebca2b686e6e985f22d9add7e,path_locator_only,recovery_review_queue,no_extension,recovered_git_object:tracked,tracked,none_recovery_evidence,unclassified_recovery,unresolved,unique,binary,retain_recovery_evidence_in_reversible_quarantine,388232c51f2a39e4d0f13f6b7f52cf41ef41333f880cf1a1ccae6e5d46b2552e,257
REVIEW_QUEUE/112039690c3f91fb2012c210e969ee0a972635,PATH:REVIEW_QUEUE/112039690c3f91fb2012c210e969ee0a972635,path_locator_only,recovery_review_queue,no_extension,recovered_git_object:tracked,tracked,none_recovery_evidence,unclassified_recovery,unresolved,unique,binary,retain_recovery_evidence_in_reversible_quarantine,d5a520d8227bdc27e6deeb16e2322334f39f8be748bb0b5c0cb6a4a9398f5bba,932
REVIEW_QUEUE/1276c0087818562a3e6ad1dc9d15498618a29c,PATH:REVIEW_QUEUE/1276c0087818562a3e6ad1dc9d15498618a29c,path_locator_only,recovery_review_queue,no_extension,recovered_git_object:tracked,tracked,none_recovery_evidence,unclassified_recovery,unresolved,unique,binary,retain_recovery_evidence_in_reversible_quarantine,8a9efacbf97cd7bca34c9d23a7c368f7a2306099abc5c150ae6eff2a4369a701,54
REVIEW_QUEUE/128b794fe39d338eed0a84db021b05a1e0286a,PATH:REVIEW_QUEUE/128b794fe39d338eed0a84db021b05a1e0286a,path_locator_only,recovery_review_queue,no_extension,recovered_git_object:tracked,tracked,none_recovery_evidence,unclassified_recovery,unresolved,unique,binary,retain_recovery_evidence_in_reversible_quarantine,9970f668412385161c9b83ef0d83a4adfc53207972596ae0e9aba3a46a504a26,1808
REVIEW_QUEUE/12db7994aadcfb02af98ba95b24c3ae882d26b,PATH:REVIEW_QUEUE/12db7994aadcfb02af98ba95b24c3ae882d26b,path_locator_only,recovery_review_queue,no_extension,recovered_git_object:tracked,tracked,none_recovery_evidence,unclassified_recovery,unresolved,unique,binary,retain_recovery_evidence_in_reversible_quarantine,c17fac8eaa5898e0fe54f18a4bfe466c5d0acc9292cfdedb36d4fa6a20cc0a59,148
REVIEW_QUEUE/137891791fe96927ad78e64b0aad7bded08bdc,PATH:REVIEW_QUEUE/137891791fe96927ad78e64b0aad7bded08bdc,path_locator_only,recovery_review_queue,no_extension,recovered_git_object:tracked,tracked,none_recovery_evidence,unclassified_recovery,unresolved,unique,binary,retain_recovery_evidence_in_reversible_quarantine,a25e48d49327f35569e5d25fc64cce3822b7d1402ff13fb8a031139543510477,16
REVIEW_QUEUE/13931b769af1f22a1e1142c1c1d8e007a73e9a,PATH:REVIEW_QUEUE/13931b769af1f22a1e1142c1c1d8e007a73e9a,path_locator_only,recovery_review_queue,no_extension,recovered_git_object:tracked,tracked,none_recovery_evidence,unclassified_recovery,unresolved,unique,binary,retain_recovery_evidence_in_reversible_quarantine,91189c8e3230cd0251f7577bbcaff7500837f4c834afcf3c4af1f1967461dfd3,916
REVIEW_QUEUE/146e2a246d9869396481aec177e8c62a7f14ab,PATH:REVIEW_QUEUE/146e2a246d9869396481aec177e8c62a7f14ab,path_locator_only,recovery_review_queue,no_extension,recovered_git_object:tracked,tracked,none_recovery_evidence,unclassified_recovery,unresolved,unique,binary,retain_recovery_evidence_in_reversible_quarantine,a0d417bc7d62899faf933d95e0bee8e23b3238ec624535d1551b0fcf776df40b,3325
REVIEW_QUEUE/15c27e07a4d7ef72ade68b7a3139b6bf5e427b,PATH:REVIEW_QUEUE/15c27e07a4d7ef72ade68b7a3139b6bf5e427b,path_locator_only,recovery_review_queue,no_extension,recovered_git_object:tracked,tracked,none_recovery_evidence,unclassified_recovery,unresolved,unique,binary,retain_recovery_evidence_in_reversible_quarantine,50b21b5b5a71b5a197c22e94af72aba21a6d0aeb4c0caafe7fcd3db424d73b0e,90
REVIEW_QUEUE/15d8c2cd275951450bffadc88cb928ed5abb7f,PATH:REVIEW_QUEUE/15d8c2cd275951450bffadc88cb928ed5abb7f,path_locator_only,recovery_review_queue,no_extension,recovered_git_object:tracked,tracked,none_recovery_evidence,unclassified_recovery,unresolved,unique,binary,retain_recovery_evidence_in_reversible_quarantine,84fbfddb9145a28db33373878c9c69a0758cc94d6e26c5563524df9f92589175,178
REVIEW_QUEUE/168f471cce6e5ee24c3447a4746887bbf6532a,PATH:REVIEW_QUEUE/168f471cce6e5ee24c3447a4746887bbf6532a,path_locator_only,recovery_review_queue,no_extension,recovered_git_object:tracked,tracked,none_recovery_evidence,unclassified_recovery,unresolved,unique,binary,retain_recovery_evidence_in_reversible_quarantine,2c80aafd4bc60a229ff3f159e4b423e43af445c185c32af7bc3b7ffc9705acbd,51
REVIEW_QUEUE/16ad17978e780903a45088b98bfb5fdcd04d63,PATH:REVIEW_QUEUE/16ad17978e780903a45088b98bfb5fdcd04d63,path_locator_only,recovery_review_queue,no_extension,recovered_git_object:tracked,tracked,none_recovery_evidence,unclassified_recovery,unresolved,unique,binary,retain_recovery_evidence_in_reversible_quarantine,1e4a9145572669a82229b2a4a610415785d958e0cee7461ea6a4dda1b6c583ac,54
REVIEW_QUEUE/175f71a40ec998e43e19a83dc75090294a7e46,PATH:REVIEW_QUEUE/175f71a40ec998e43e19a83dc75090294a7e46,path_locator_only,recovery_review_queue,no_extension,recovered_git_object:tracked,tracked,none_recovery_evidence,unclassified_recovery,unresolved,unique,binary,retain_recovery_evidence_in_reversible_quarantine,6c2240dde5b252a6458e96d3801445597de2b98a0ab2487f73793a048dc3f705,194
REVIEW_QUEUE/17abd18bcc842d2a08343a407f96eb17fe2f31,PATH:REVIEW_QUEUE/17abd18bcc842d2a08343a407f96eb17fe2f31,path_locator_only,recovery_review_queue,no_extension,recovered_git_object:tracked,tracked,none_recovery_evidence,unclassified_recovery,unresolved,unique,binary,retain_recovery_evidence_in_reversible_quarantine,42c69546af04fb1b9abff78f8f8e940c1f9243b4269235092f8ff17cd55e0b62,664
REVIEW_QUEUE/19888741d4bd15b5dd69107c9c3b9af5d8c31a,PATH:REVIEW_QUEUE/19888741d4bd15b5dd69107c9c3b9af5d8c31a,path_locator_only,recovery_review_queue,no_extension,recovered_git_object:tracked,tracked,none_recovery_evidence,unclassified_recovery,unresolved,unique,binary,retain_recovery_evidence_in_reversible_quarantine,ff5a6c568c44779c6ad7e3f558df5fc789eec94d610cba946be00f3691c12742,3733
REVIEW_QUEUE/1_Discovery.zip,PATH:REVIEW_QUEUE/1_Discovery.zip,path_locator_only,recovery_review_queue,zip,archive_container:ignored,ignored,none_archive_container,archive_classified_separately,unresolved,unique,binary,retain_under_archive_classification_no_live_authority,d6532bc951a246a44ec1fd524e878d60af1902503e64f760675dd28bfa9d63f9,41874
REVIEW_QUEUE/1af8cb41adec8bc94063809cfa652a21bc85e6,PATH:REVIEW_QUEUE/1af8cb41adec8bc94063809cfa652a21bc85e6,path_locator_only,recovery_review_queue,no_extension,recovered_git_object:tracked,tracked,none_recovery_evidence,unclassified_recovery,unresolved,unique,binary_or_unknown_encoding,retain_recovery_evidence_in_reversible_quarantine,c9ce0d734d6d2954a5cc8657f7d5428c72af55a0ca5526e55b27a90d6336ec35,646
REVIEW_QUEUE/1c2bd72cbdd037f683536a1d5f0133e41d42ce,PATH:REVIEW_QUEUE/1c2bd72cbdd037f683536a1d5f0133e41d42ce,path_locator_only,recovery_review_queue,no_extension,recovered_git_object:tracked,tracked,none_recovery_evidence,unclassified_recovery,unresolved,unique,binary_or_unknown_encoding,retain_recovery_evidence_in_reversible_quarantine,bbc07d9eb156d92870f798fa6b190fc80d7ed89120040a4c20faf8dbc7907030,68
REVIEW_QUEUE/1cabca003c83b342e789b0bf773d8a8cf77933,PATH:REVIEW_QUEUE/1cabca003c83b342e789b0bf773d8a8cf77933,path_locator_only,recovery_review_queue,no_extension,recovered_git_object:tracked,tracked,none_recovery_evidence,unclassified_recovery,unresolved,unique,binary,retain_recovery_evidence_in_reversible_quarantine,c6cbea5efd4d4356a388b7f2a53fac63789b4023b31de034d21714dc8dbbf364,4764
REVIEW_QUEUE/1cbdd3a673fc95a4f21bfb786ba857fd4767dc,PATH:REVIEW_QUEUE/1cbdd3a673fc95a4f21bfb786ba857fd4767dc,path_locator_only,recovery_review_queue,no_extension,recovered_git_object:tracked,tracked,none_recovery_evidence,unclassified_recovery,unresolved,unique,binary,retain_recovery_evidence_in_reversible_quarantine,4da951a569c97d61b62ab837f2dbc34235c85780b8398412cf5e25f19c5fd9e0,94
REVIEW_QUEUE/1cebbb4797e2207c3506088cfff81807ffe1fc,PATH:REVIEW_QUEUE/1cebbb4797e2207c3506088cfff81807ffe1fc,path_locator_only,recovery_review_queue,no_extension,recovered_git_object:tracked,tracked,none_recovery_evidence,unclassified_recovery,unresolved,unique,binary,retain_recovery_evidence_in_reversible_quarantine,a2415e33e7e273dc50c8cb6e2ac88de36817541a0ae0fbab9cbdfbd40e3efc64,192
REVIEW_QUEUE/1dcfdaf1a6857c5f83dc27019c7600e1ffaff8,PATH:REVIEW_QUEUE/1dcfdaf1a6857c5f83dc27019c7600e1ffaff8,path_locator_only,recovery_review_queue,no_extension,recovered_git_object:tracked,tracked,none_recovery_evidence,unclassified_recovery,unresolved,unique,binary,retain_recovery_evidence_in_reversible_quarantine,2b6584802ddc0a333efb2f6060776b2de9ae37888535202732f195b956eaa647,56
REVIEW_QUEUE/1fbef170656df8170157dfc4f0d86014db5caf,PATH:REVIEW_QUEUE/1fbef170656df8170157dfc4f0d86014db5caf,path_locator_only,recovery_review_queue,no_extension,recovered_git_object:tracked,tracked,none_recovery_evidence,unclassified_recovery,unresolved,unique,binary,retain_recovery_evidence_in_reversible_quarantine,832785f2dd31ee098f6a8d2746287da27ce00e60119a5682529a726eaa8d1fc8,1424
REVIEW_QUEUE/1fc277cff02943835bfa9811ceccf14db82d68,PATH:REVIEW_QUEUE/1fc277cff02943835bfa9811ceccf14db82d68,path_locator_only,recovery_review_queue,no_extension,recovered_git_object:tracked,tracked,none_recovery_evidence,unclassified_recovery,unresolved,unique,binary,retain_recovery_evidence_in_reversible_quarantine,43f4fa4042ae934ce2596ed76d36b2afe89b91008bd634b26c220c2a59195dc7,104
REVIEW_QUEUE/1fe88fdcdc5e66150e43cf6b14d351e5a3c80d,PATH:REVIEW_QUEUE/1fe88fdcdc5e66150e43cf6b14d351e5a3c80d,path_locator_only,recovery_review_queue,no_extension,recovered_git_object:tracked,tracked,none_recovery_evidence,unclassified_recovery,unresolved,unique,binary,retain_recovery_evidence_in_reversible_quarantine,a958e060a7172b4ffeaae0fca8f1101cae9237e852fe57bd3f5789094237d1d8,148
REVIEW_QUEUE/204a8031f0dcde207f82f95fa0f3c3b0731a11,PATH:REVIEW_QUEUE/204a8031f0dcde207f82f95fa0f3c3b0731a11,path_locator_only,recovery_review_queue,no_extension,recovered_git_object:tracked,tracked,none_recovery_evidence,unclassified_recovery,unresolved,unique,binary,retain_recovery_evidence_in_reversible_quarantine,98253e1481c4d9fffd1dd6ed89523f48856e3fe783a3d4ac0e506df3e58a4ed0,87
REVIEW_QUEUE/204d5feb0d9f54e6505d47fa01900f590f3b7f,PATH:REVIEW_QUEUE/204d5feb0d9f54e6505d47fa01900f590f3b7f,path_locator_only,recovery_review_queue,no_extension,recovered_git_object:tracked,tracked,none_recovery_evidence,unclassified_recovery,unresolved,unique,binary,retain_recovery_evidence_in_reversible_quarantine,ac1e24d5249b8b1274701e97815c2c4b3e12b1cb645b70b6ae4965b35308b580,179
REVIEW_QUEUE/2206b77145a6009d729b0ec3aac6309937a9fb,PATH:REVIEW_QUEUE/2206b77145a6009d729b0ec3aac6309937a9fb,path_locator_only,recovery_review_queue,no_extension,recovered_git_object:tracked,tracked,none_recovery_evidence,unclassified_recovery,unresolved,unique,binary,retain_recovery_evidence_in_reversible_quarantine,d42a2358c44c47011a254350dc3fa9850e9182e7bf2965f4c3091fab0ffdd869,54
REVIEW_QUEUE/226fb727968caa5ac2a2a1f5f201a8b0fb6d9f,PATH:REVIEW_QUEUE/226fb727968caa5ac2a2a1f5f201a8b0fb6d9f,path_locator_only,recovery_review_queue,no_extension,recovered_git_object:tracked,tracked,none_recovery_evidence,unclassified_recovery,unresolved,unique,binary,retain_recovery_evidence_in_reversible_quarantine,6e9b2f214b11db31855ac34720a677d2f740419980c1a576ac5860db7c4251eb,624
REVIEW_QUEUE/24768664b12f0e5e2ca0256d73f571061ba185,PATH:REVIEW_QUEUE/24768664b12f0e5e2ca0256d73f571061ba185,path_locator_only,recovery_review_queue,no_extension,recovered_git_object:tracked,tracked,none_recovery_evidence,unclassified_recovery,unresolved,unique,binary,retain_recovery_evidence_in_reversible_quarantine,cc24da817a87eb932648045830ef4ce0e187be53fe9f72a1f36abf1d78c21284,101
REVIEW_QUEUE/264597e2c160cabb66dd04236dc16101b61998,PATH:REVIEW_QUEUE/264597e2c160cabb66dd04236dc16101b61998,path_locator_only,recovery_review_queue,no_extension,recovered_git_object:tracked,tracked,none_recovery_evidence,unclassified_recovery,unresolved,unique,non_utf8_cp1252_readable,retain_recovery_evidence_in_reversible_quarantine,1aa929fbe27f3810527ba72efeba92747e1b227bc20e0ba68723c9fac1952f56,74
REVIEW_QUEUE/2a74cbdac6078b01691197c38b5149f2203e19,PATH:REVIEW_QUEUE/2a74cbdac6078b01691197c38b5149f2203e19,path_locator_only,recovery_review_queue,no_extension,recovered_git_object:tracked,tracked,none_recovery_evidence,unclassified_recovery,unresolved,unique,binary,retain_recovery_evidence_in_reversible_quarantine,ab040c49042a6efe6b04776969f1e43fdefa3adbcf8608673ae30cc3d2a4e430,126
REVIEW_QUEUE/2a951707cf5c5e99f98817a230d9f2559eba57,PATH:REVIEW_QUEUE/2a951707cf5c5e99f98817a230d9f2559eba57,path_locator_only,recovery_review_queue,no_extension,recovered_git_object:tracked,tracked,none_recovery_evidence,unclassified_recovery,unresolved,unique,binary,retain_recovery_evidence_in_reversible_quarantine,419fc739a173f682ffee8d956f5e6602acfebda2058a8433b82209b55d0042a9,13613
REVIEW_QUEUE/2be89395cb11805d6a58f2c11fbac763b53855,PATH:REVIEW_QUEUE/2be89395cb11805d6a58f2c11fbac763b53855,path_locator_only,recovery_review_queue,no_extension,recovered_git_object:tracked,tracked,none_recovery_evidence,unclassified_recovery,unresolved,unique,binary,retain_recovery_evidence_in_reversible_quarantine,c93aac6fff580b6acfe18538fe5826f2e1ea348786058e524c67da7db846f24a,4143
REVIEW_QUEUE/2c23e0216d4b9136de03496881336727993d42,PATH:REVIEW_QUEUE/2c23e0216d4b9136de03496881336727993d42,path_locator_only,recovery_review_queue,no_extension,recovered_git_object:tracked,tracked,none_recovery_evidence,unclassified_recovery,unresolved,unique,binary,retain_recovery_evidence_in_reversible_quarantine,f2aaa7a9162cff60a4b1ff1ffedb52fd01d869f19d858652cb2196fb039b35b8,25636
REVIEW_QUEUE/2d23b23078bdac992bd7bf747c44d5597d1b2f,PATH:REVIEW_QUEUE/2d23b23078bdac992bd7bf747c44d5597d1b2f,path_locator_only,recovery_review_queue,no_extension,recovered_git_object:tracked,tracked,none_recovery_evidence,unclassified_recovery,unresolved,unique,binary,retain_recovery_evidence_in_reversible_quarantine,311d15ba9543bf2ace93dfd027b8e3795751352e2c951c95fed78dbb8d266c83,101
REVIEW_QUEUE/2decf0ad77ca508d44175d6557f9306339d04d,PATH:REVIEW_QUEUE/2decf0ad77ca508d44175d6557f9306339d04d,path_locator_only,recovery_review_queue,no_extension,recovered_git_object:tracked,tracked,none_recovery_evidence,unclassified_recovery,unresolved,unique,binary,retain_recovery_evidence_in_reversible_quarantine,02d84f0cb53bfa51aba27305e0eab02e7357187844ff40ca98ef13253ca6bded,85
REVIEW_QUEUE/2df20b71dd865a80395482e77e1dbbb54f7228,PATH:REVIEW_QUEUE/2df20b71dd865a80395482e77e1dbbb54f7228,path_locator_only,recovery_review_queue,no_extension,recovered_git_object:tracked,tracked,none_recovery_evidence,unclassified_recovery,unresolved,unique,binary,retain_recovery_evidence_in_reversible_quarantine,8d8bbae758f28ecaf132919b3d58055bab54ca475c16e39b2708129d32263f20,3739
REVIEW_QUEUE/2f48b814b9d51bc0f61d4b23070f6813e596cf,PATH:REVIEW_QUEUE/2f48b814b9d51bc0f61d4b23070f6813e596cf,path_locator_only,recovery_review_queue,no_extension,recovered_git_object:tracked,tracked,none_recovery_evidence,unclassified_recovery,unresolved,unique,binary,retain_recovery_evidence_in_reversible_quarantine,0756c04c8a99ffb0214d65ea08aad81a9c053a43127f4b1117a8da9726200526,65
REVIEW_QUEUE/2f8b10036c49af33fb6dba781f1a18c7f8953b,PATH:REVIEW_QUEUE/2f8b10036c49af33fb6dba781f1a18c7f8953b,path_locator_only,recovery_review_queue,no_extension,recovered_git_object:tracked,tracked,none_recovery_evidence,unclassified_recovery,unresolved,unique,binary,retain_recovery_evidence_in_reversible_quarantine,f5a0b463ea14c6d5f74a858b1fdeec5ea0e3b322d42efe1c59e3be23265e2d7e,185
REVIEW_QUEUE/2fd832f20ceb72cd89e2939c884115c8555670,PATH:REVIEW_QUEUE/2fd832f20ceb72cd89e2939c884115c8555670,path_locator_only,recovery_review_queue,no_extension,recovered_git_object:tracked,tracked,none_recovery_evidence,unclassified_recovery,unresolved,unique,binary,retain_recovery_evidence_in_reversible_quarantine,6af1d615f8512e62d280f68aee55118337ef3c6700902683fd37ef23d52c262f,5220
REVIEW_QUEUE/302703a654be4e6c3c1b92f00ea830810629f2,PATH:REVIEW_QUEUE/302703a654be4e6c3c1b92f00ea830810629f2,path_locator_only,recovery_review_queue,no_extension,recovered_git_object:tracked,tracked,none_recovery_evidence,unclassified_recovery,unresolved,unique,binary,retain_recovery_evidence_in_reversible_quarantine,b928aa2f64886643007feb54213f36b7c638a9af97c8fb022d4f61abf3219c08,54
REVIEW_QUEUE/3090678a8e5b35e0ca8a9097652533e9ec13c7,PATH:REVIEW_QUEUE/3090678a8e5b35e0ca8a9097652533e9ec13c7,path_locator_only,recovery_review_queue,no_extension,recovered_git_object:tracked,tracked,none_recovery_evidence,unclassified_recovery,unresolved,unique,binary,retain_recovery_evidence_in_reversible_quarantine,2edabada4c6dd872c6b934177d26319b6e7a246ddcd473438f7647f17e30c986,68
REVIEW_QUEUE/31068f5e8778fc3ffb9a5c77aa574a3d6efc1c,PATH:REVIEW_QUEUE/31068f5e8778fc3ffb9a5c77aa574a3d6efc1c,path_locator_only,recovery_review_queue,no_extension,recovered_git_object:tracked,tracked,none_recovery_evidence,unclassified_recovery,unresolved,unique,binary,retain_recovery_evidence_in_reversible_quarantine,6b9cdb9c380a05f4f3e23de3b283532603fc8ec8d6bbdb549d2bc2a38ac5e33d,5118
REVIEW_QUEUE/313572a266bd6680936eb1897db16a6ec25fb1,PATH:REVIEW_QUEUE/313572a266bd6680936eb1897db16a6ec25fb1,path_locator_only,recovery_review_queue,no_extension,recovered_git_object:tracked,tracked,none_recovery_evidence,unclassified_recovery,unresolved,unique,binary,retain_recovery_evidence_in_reversible_quarantine,b04d66d105697145afd2c96e0513e1643b37622d5f17df9b7f19a5d8413e12ae,58
REVIEW_QUEUE/317f6bc409c1a7ef52db982d034244e78f9f76,PATH:REVIEW_QUEUE/317f6bc409c1a7ef52db982d034244e78f9f76,path_locator_only,recovery_review_queue,no_extension,recovered_git_object:tracked,tracked,none_recovery_evidence,unclassified_recovery,unresolved,unique,binary,retain_recovery_evidence_in_reversible_quarantine,da3f3c673ba997236a0b3b7ee2f3db9525e987aaebb3a57b31d5c6c997e4822c,173
REVIEW_QUEUE/3242bc0a871acb7a8a9298696607e3284e122d,PATH:REVIEW_QUEUE/3242bc0a871acb7a8a9298696607e3284e122d,path_locator_only,recovery_review_queue,no_extension,recovered_git_object:tracked,tracked,none_recovery_evidence,unclassified_recovery,unresolved,unique,binary,retain_recovery_evidence_in_reversible_quarantine,61f3e46d6827245da4294d8fcd88a0bd0b89d1326710f30cce8c629ecb65d4b2,82
REVIEW_QUEUE/3253365fb11c6a786afc689fcb1448094f78cb,PATH:REVIEW_QUEUE/3253365fb11c6a786afc689fcb1448094f78cb,path_locator_only,recovery_review_queue,no_extension,recovered_git_object:tracked,tracked,none_recovery_evidence,unclassified_recovery,unresolved,unique,binary,retain_recovery_evidence_in_reversible_quarantine,25566357f6e30888d6b2d6d6a7b4c294c64407f2d226bae39b58fe8eb0a481ec,583
REVIEW_QUEUE/3305ebbd3edb903c41cdc71d841de4e525dcd8,PATH:REVIEW_QUEUE/3305ebbd3edb903c41cdc71d841de4e525dcd8,path_locator_only,recovery_review_queue,no_extension,recovered_git_object:tracked,tracked,none_recovery_evidence,unclassified_recovery,unresolved,unique,binary,retain_recovery_evidence_in_reversible_quarantine,6738dee2ff66bc1986b0c6f5b805f5e8e30240746673e626eca4e28294d1df08,99
REVIEW_QUEUE/33100e3802e5876956b12c5ecbe6241876466c,PATH:REVIEW_QUEUE/33100e3802e5876956b12c5ecbe6241876466c,path_locator_only,recovery_review_queue,no_extension,recovered_git_object:tracked,tracked,none_recovery_evidence,unclassified_recovery,unresolved,unique,binary,retain_recovery_evidence_in_reversible_quarantine,6bd3b793ef8f24d7c2a76c350593db6ba775485e4d2b8691aab754fa54073a68,126
REVIEW_QUEUE/33754f3799393d84bb2f6457efe51fa75e7e6a,PATH:REVIEW_QUEUE/33754f3799393d84bb2f6457efe51fa75e7e6a,path_locator_only,recovery_review_queue,no_extension,recovered_git_object:tracked,tracked,none_recovery_evidence,unclassified_recovery,unresolved,unique,binary,retain_recovery_evidence_in_reversible_quarantine,23ebd525e61d87bb92c25e08208bb8c532eac9fa6c82ef196ff2e9de41ff6e3a,100
REVIEW_QUEUE/338ca770a679fe3962f5b8a22958b2ccd0c5e2,PATH:REVIEW_QUEUE/338ca770a679fe3962f5b8a22958b2ccd0c5e2,path_locator_only,recovery_review_queue,no_extension,recovered_git_object:tracked,tracked,none_recovery_evidence,unclassified_recovery,unresolved,unique,binary,retain_recovery_evidence_in_reversible_quarantine,ad979e35a8c666a5b7dbb7f938dd67f9dee5b508d3060d495fc6897110f10140,103
REVIEW_QUEUE/34562a9238707f850f28ffc6fec23c6e96479f,PATH:REVIEW_QUEUE/34562a9238707f850f28ffc6fec23c6e96479f,path_locator_only,recovery_review_queue,no_extension,recovered_git_object:tracked,tracked,none_recovery_evidence,unclassified_recovery,unresolved,unique,binary,retain_recovery_evidence_in_reversible_quarantine,842b7783f0c37aaa785bdd949badce292e6744f246e054bb14d249e6b99b554b,1416
REVIEW_QUEUE/345bbca9406305ce42d3acc0389f3b6fc72001,PATH:REVIEW_QUEUE/345bbca9406305ce42d3acc0389f3b6fc72001,path_locator_only,recovery_review_queue,no_extension,recovered_git_object:tracked,tracked,none_recovery_evidence,unclassified_recovery,unresolved,unique,binary_or_unknown_encoding,retain_recovery_evidence_in_reversible_quarantine,383b987b405c3a3e4e673b42950dd501f254476f676d82bda091c16a47e194b1,162
REVIEW_QUEUE/35070c53fca5f30b084c12dfd73c11402c9876,PATH:REVIEW_QUEUE/35070c53fca5f30b084c12dfd73c11402c9876,path_locator_only,recovery_review_queue,no_extension,recovered_git_object:tracked,tracked,none_recovery_evidence,unclassified_recovery,unresolved,unique,binary,retain_recovery_evidence_in_reversible_quarantine,a9ea99ce4f4d14b2111680afd1f5e3d87da509d587df44c9bc5d014e3b1cdf70,2379
REVIEW_QUEUE/3508d77aeb67cab8ce09aa88ca2df0efbbc4e1,PATH:REVIEW_QUEUE/3508d77aeb67cab8ce09aa88ca2df0efbbc4e1,path_locator_only,recovery_review_queue,no_extension,recovered_git_object:tracked,tracked,none_recovery_evidence,unclassified_recovery,unresolved,unique,binary,retain_recovery_evidence_in_reversible_quarantine,d546021f7e15add42b61f716bd31b9e2afb3ea5ecdf82d262cb510c51898fb1c,858
REVIEW_QUEUE/351e8b727cd1790774e77507d11173d709146e,PATH:REVIEW_QUEUE/351e8b727cd1790774e77507d11173d709146e,path_locator_only,recovery_review_queue,no_extension,recovered_git_object:tracked,tracked,none_recovery_evidence,unclassified_recovery,unresolved,unique,binary,retain_recovery_evidence_in_reversible_quarantine,2be5ebf4214112331184cc395e5731ff6807d574f97a4cbce2eab81d7efd4252,98
REVIEW_QUEUE/352c9be29cc3829826282664c5cabb565a98f1,PATH:REVIEW_QUEUE/352c9be29cc3829826282664c5cabb565a98f1,path_locator_only,recovery_review_queue,no_extension,recovered_git_object:tracked,tracked,none_recovery_evidence,unclassified_recovery,unresolved,unique,binary_or_unknown_encoding,retain_recovery_evidence_in_reversible_quarantine,85346e84e3566a0b30717d27d73c4b921dd625613b5f4aea0284b32d294e947e,53
REVIEW_QUEUE/3535e43dde46929cc41dc9df125858f91da8be,PATH:REVIEW_QUEUE/3535e43dde46929cc41dc9df125858f91da8be,path_locator_only,recovery_review_queue,no_extension,recovered_git_object:tracked,tracked,none_recovery_evidence,unclassified_recovery,unresolved,unique,binary,retain_recovery_evidence_in_reversible_quarantine,b55e5048cbd5af733ef7ab7ea430b854c499e3bcfd2c8b461ca7b32ecb35b1ee,230
REVIEW_QUEUE/35de2a859b16c91a50b4fb957edc62ac7d443a,PATH:REVIEW_QUEUE/35de2a859b16c91a50b4fb957edc62ac7d443a,path_locator_only,recovery_review_queue,no_extension,recovered_git_object:tracked,tracked,none_recovery_evidence,unclassified_recovery,unresolved,unique,binary,retain_recovery_evidence_in_reversible_quarantine,95545f05b8f8acf9b3c2a96c1b42a15915aba229731b983fc2cebbb1e7091933,627
REVIEW_QUEUE/365409f43274c747701ffba92cfddfdd4963d5,PATH:REVIEW_QUEUE/365409f43274c747701ffba92cfddfdd4963d5,path_locator_only,recovery_review_queue,no_extension,recovered_git_object:tracked,tracked,none_recovery_evidence,unclassified_recovery,unresolved,unique,binary,retain_recovery_evidence_in_reversible_quarantine,c99c211b4d1515ae4f0374a9f56343a808920c62c82671219dfadde8fb987418,365
REVIEW_QUEUE/37a418b7e4cb3005a33f9013d42000e58a4930,PATH:REVIEW_QUEUE/37a418b7e4cb3005a33f9013d42000e58a4930,path_locator_only,recovery_review_queue,no_extension,recovered_git_object:tracked,tracked,none_recovery_evidence,unclassified_recovery,unresolved,unique,binary,retain_recovery_evidence_in_reversible_quarantine,2eb6f761d88f95db13cbbbe72f23b8476000ccaedc31c665312c4d9029ce2d22,403
REVIEW_QUEUE/3823ec2dddcec216877c3b17fc6650f723409f,PATH:REVIEW_QUEUE/3823ec2dddcec216877c3b17fc6650f723409f,path_locator_only,recovery_review_queue,no_extension,recovered_git_object:tracked,tracked,none_recovery_evidence,unclassified_recovery,unresolved,unique,binary,retain_recovery_evidence_in_reversible_quarantine,da55d2b88a18c15b7eb4d35207bc00cb760176c7d4f1522da2c4461319c7fb3c,170
REVIEW_QUEUE/389f9c4350c1b6f83f23c4d44b07cb61f39104,PATH:REVIEW_QUEUE/389f9c4350c1b6f83f23c4d44b07cb61f39104,path_locator_only,recovery_review_queue,no_extension,recovered_git_object:tracked,tracked,none_recovery_evidence,unclassified_recovery,unresolved,unique,binary,retain_recovery_evidence_in_reversible_quarantine,9804a466eabd9986b1b4f7cbe5affd7eff99975e2fbc7355245d26bfacc2a40b,628
REVIEW_QUEUE/3904af7d8fa1a779e55b68dbee062dc417f801,PATH:REVIEW_QUEUE/3904af7d8fa1a779e55b68dbee062dc417f801,path_locator_only,recovery_review_queue,no_extension,recovered_git_object:tracked,tracked,none_recovery_evidence,unclassified_recovery,unresolved,unique,binary,retain_recovery_evidence_in_reversible_quarantine,0e036ac40ab820120c0017cdab89125fc0464d7008c96e8f3232be673bfab407,339
REVIEW_QUEUE/392154149724eb98e74882cb09c4a3059281a0,PATH:REVIEW_QUEUE/392154149724eb98e74882cb09c4a3059281a0,path_locator_only,recovery_review_queue,no_extension,recovered_git_object:tracked,tracked,none_recovery_evidence,unclassified_recovery,unresolved,unique,binary,retain_recovery_evidence_in_reversible_quarantine,2fdacb515ab8ac43042c063aaa299d3e0e578a3333f1b2636c868dbd04490722,1063
REVIEW_QUEUE/398a595f2a3b0863c6e5d46075b2a7e47252bd,PATH:REVIEW_QUEUE/398a595f2a3b0863c6e5d46075b2a7e47252bd,path_locator_only,recovery_review_queue,no_extension,recovered_git_object:tracked,tracked,none_recovery_evidence,unclassified_recovery,unresolved,unique,binary,retain_recovery_evidence_in_reversible_quarantine,acea0a910898e103756a775415ad058eb8195c54fb03e8f8e85e6c172c49180b,54
REVIEW_QUEUE/3997c43349978423f93c90af1a94b34690f4fe,PATH:REVIEW_QUEUE/3997c43349978423f93c90af1a94b34690f4fe,path_locator_only,recovery_review_queue,no_extension,recovered_git_object:tracked,tracked,none_recovery_evidence,unclassified_recovery,unresolved,unique,binary,retain_recovery_evidence_in_reversible_quarantine,46e272d7e4172622e7680ba4437b570303f45f2a2f1d31955bba8701decc5221,1397
REVIEW_QUEUE/3aa07a47885ff054365d1811f5f164dea7890e,PATH:REVIEW_QUEUE/3aa07a47885ff054365d1811f5f164dea7890e,path_locator_only,recovery_review_queue,no_extension,recovered_git_object:tracked,tracked,none_recovery_evidence,unclassified_recovery,unresolved,unique,binary,retain_recovery_evidence_in_reversible_quarantine,bbff227db09c2c237d544bba9af660342e57853a95cfa560b607052b0867dc15,150
REVIEW_QUEUE/3aecd43a562d62f7dde1e3dc035b80d9199032,PATH:REVIEW_QUEUE/3aecd43a562d62f7dde1e3dc035b80d9199032,path_locator_only,recovery_review_queue,no_extension,recovered_git_object:tracked,tracked,none_recovery_evidence,unclassified_recovery,unresolved,unique,binary,retain_recovery_evidence_in_reversible_quarantine,8543d5391493cb5908d56c79e60a24435f2631579bb36829d26c2ba1fc6f13a5,161
REVIEW_QUEUE/3b13506ef5778a7a132f7788f63d53e7176057,PATH:REVIEW_QUEUE/3b13506ef5778a7a132f7788f63d53e7176057,path_locator_only,recovery_review_queue,no_extension,recovered_git_object:tracked,tracked,none_recovery_evidence,unclassified_recovery,unresolved,unique,binary,retain_recovery_evidence_in_reversible_quarantine,10f3fa7775a1cbc9bcb17567a2e5821ddd0b08c6f6dad29d9ac29bbc5b437abd,12817
REVIEW_QUEUE/3b3dc1d442d93754f0c3a2451de74ac9845220,PATH:REVIEW_QUEUE/3b3dc1d442d93754f0c3a2451de74ac9845220,path_locator_only,recovery_review_queue,no_extension,recovered_git_object:tracked,tracked,none_recovery_evidence,unclassified_recovery,unresolved,unique,binary,retain_recovery_evidence_in_reversible_quarantine,544835d8cadf13353f85651ef068bdc8b92dd8371f0bfd61b1ac03bb9cd0ae0e,91706
REVIEW_QUEUE/3c9efc3dc88bc216b00f6efaad67ecf62171c7,PATH:REVIEW_QUEUE/3c9efc3dc88bc216b00f6efaad67ecf62171c7,path_locator_only,recovery_review_queue,no_extension,recovered_git_object:tracked,tracked,none_recovery_evidence,unclassified_recovery,unresolved,unique,binary,retain_recovery_evidence_in_reversible_quarantine,dd48a4569ea4636db4e6863f79fc1fb9749e92324909244d17acd5f66de3e911,769
REVIEW_QUEUE/3caae5306df221fae8d55e6043e253d3112912,PATH:REVIEW_QUEUE/3caae5306df221fae8d55e6043e253d3112912,path_locator_only,recovery_review_queue,no_extension,recovered_git_object:tracked,tracked,none_recovery_evidence,unclassified_recovery,unresolved,unique,binary_or_unknown_encoding,retain_recovery_evidence_in_reversible_quarantine,8015c3ef284337b87ec6ca104e46c886fa91439805bb624a3acdcbf49f7acb1d,98
REVIEW_QUEUE/3cd6e8e8264ff78cf53848b2fde78bb72a4db2,PATH:REVIEW_QUEUE/3cd6e8e8264ff78cf53848b2fde78bb72a4db2,path_locator_only,recovery_review_queue,no_extension,recovered_git_object:tracked,tracked,none_recovery_evidence,unclassified_recovery,unresolved,unique,binary,retain_recovery_evidence_in_reversible_quarantine,31dafb4d84d3a7267b4111b757c66de6ebf13690ce2229ec2377091b717c6bd3,54
REVIEW_QUEUE/3d467f223600d47bbd719f712f424939d0a924,PATH:REVIEW_QUEUE/3d467f223600d47bbd719f712f424939d0a924,path_locator_only,recovery_review_queue,no_extension,recovered_git_object:tracked,tracked,none_recovery_evidence,unclassified_recovery,unresolved,unique,binary,retain_recovery_evidence_in_reversible_quarantine,0ee6de33a030d72469abc3d8ad258a86671738196198403a3bc1a7ca77512ddd,181
REVIEW_QUEUE/3db7c3642747bb1e4a4508c7e65481b62c0b50,PATH:REVIEW_QUEUE/3db7c3642747bb1e4a4508c7e65481b62c0b50,path_locator_only,recovery_review_queue,no_extension,recovered_git_object:tracked,tracked,none_recovery_evidence,unclassified_recovery,unresolved,unique,binary,retain_recovery_evidence_in_reversible_quarantine,23d941fdf2a58a7066ad0f5f845716085b2999618247fe78a5dda9b8d3f9f923,676
REVIEW_QUEUE/3de001f2ade0c42b29c1cb424bd3dc313d4937,PATH:REVIEW_QUEUE/3de001f2ade0c42b29c1cb424bd3dc313d4937,path_locator_only,recovery_review_queue,no_extension,recovered_git_object:tracked,tracked,none_recovery_evidence,unclassified_recovery,unresolved,unique,binary,retain_recovery_evidence_in_reversible_quarantine,2402a4f56c5a270717e8618084d79cb8c6fa391ad12a2c6672d927e6f3abad83,54
REVIEW_QUEUE/3de08db02ab7a4506ada2f37c4432564ec3f53,PATH:REVIEW_QUEUE/3de08db02ab7a4506ada2f37c4432564ec3f53,path_locator_only,recovery_review_queue,no_extension,recovered_git_object:tracked,tracked,none_recovery_evidence,unclassified_recovery,unresolved,unique,binary,retain_recovery_evidence_in_reversible_quarantine,33e27f6fd5957c01293263d6577c8723d85ff315270c679faf2cbe2aaa312099,106
REVIEW_QUEUE/3e07aa9331161b4b66677bab08e31a6bbeb95e,PATH:REVIEW_QUEUE/3e07aa9331161b4b66677bab08e31a6bbeb95e,path_locator_only,recovery_review_queue,no_extension,recovered_git_object:tracked,tracked,none_recovery_evidence,unclassified_recovery,unresolved,unique,binary_or_unknown_encoding,retain_recovery_evidence_in_reversible_quarantine,fb24aa1325f5529a00893fbe945f570efe17add8a260bfda5f14ff8757465bbf,699
REVIEW_QUEUE/3e355f1b9d2482e273ec089e593637f4db16c8,PATH:REVIEW_QUEUE/3e355f1b9d2482e273ec089e593637f4db16c8,path_locator_only,recovery_review_queue,no_extension,recovered_git_object:tracked,tracked,none_recovery_evidence,unclassified_recovery,unresolved,unique,binary,retain_recovery_evidence_in_reversible_quarantine,7d77ae0bcd40bf17f79a1dd17dc2933b4405b53b0fbcb619900fe97b6c8ec1d9,184
REVIEW_QUEUE/3e9fc35149aa90cee12f43d0cf4d463c0efedb,PATH:REVIEW_QUEUE/3e9fc35149aa90cee12f43d0cf4d463c0efedb,path_locator_only,recovery_review_queue,no_extension,recovered_git_object:tracked,tracked,none_recovery_evidence,unclassified_recovery,unresolved,unique,binary,retain_recovery_evidence_in_reversible_quarantine,59dc48a1c4b7cf595b06276aca1014db62479c48f77aee1b6ad94270f4a234e2,319
REVIEW_QUEUE/4063b6952b183560d738fd44d0a3a0bc7427f0,PATH:REVIEW_QUEUE/4063b6952b183560d738fd44d0a3a0bc7427f0,path_locator_only,recovery_review_queue,no_extension,recovered_git_object:tracked,tracked,none_recovery_evidence,unclassified_recovery,unresolved,unique,binary_or_unknown_encoding,retain_recovery_evidence_in_reversible_quarantine,e1faedeb85e53595bff915374b4c6ab42db64ffbed7d45564348764e1981ba59,247
REVIEW_QUEUE/415889d5446bb18ca8b7b8d551a5423715aced,PATH:REVIEW_QUEUE/415889d5446bb18ca8b7b8d551a5423715aced,path_locator_only,recovery_review_queue,no_extension,recovered_git_object:tracked,tracked,none_recovery_evidence,unclassified_recovery,unresolved,unique,binary,retain_recovery_evidence_in_reversible_quarantine,0f7281ad09888572f0708647be63c72c81e78a50b432d79772b00b90fcc21b86,958
REVIEW_QUEUE/41add75aa51bc25aad4946c5b182455cc0ceb7,PATH:REVIEW_QUEUE/41add75aa51bc25aad4946c5b182455cc0ceb7,path_locator_only,recovery_review_queue,no_extension,recovered_git_object:tracked,tracked,none_recovery_evidence,unclassified_recovery,unresolved,unique,binary,retain_recovery_evidence_in_reversible_quarantine,4b866444dc4e77ec083939f7e8f77ffbdbaacfd05e5b3c34a8e71dada8ea25c8,623
REVIEW_QUEUE/427b64ed6be64f27a1c5f74555ae7ad15e8f30,PATH:REVIEW_QUEUE/427b64ed6be64f27a1c5f74555ae7ad15e8f30,path_locator_only,recovery_review_queue,no_extension,recovered_git_object:tracked,tracked,none_recovery_evidence,unclassified_recovery,unresolved,unique,binary,retain_recovery_evidence_in_reversible_quarantine,11a5ae39ff800cd43acc05f2ddb6117b78a8cd4efa04f74c34ad63c217450a12,4754
REVIEW_QUEUE/42de27c7cdba1f3b1779ef367dffae174a0e44,PATH:REVIEW_QUEUE/42de27c7cdba1f3b1779ef367dffae174a0e44,path_locator_only,recovery_review_queue,no_extension,recovered_git_object:tracked,tracked,none_recovery_evidence,unclassified_recovery,unresolved,unique,binary,retain_recovery_evidence_in_reversible_quarantine,24a2920fb93d97f03873998b2a2f45b4fa3009943bd2141a43f8e81528a3bbbe,4936
REVIEW_QUEUE/443a8b8a8c10d4587eb7f3a9cc9055584f186e,PATH:REVIEW_QUEUE/443a8b8a8c10d4587eb7f3a9cc9055584f186e,path_locator_only,recovery_review_queue,no_extension,recovered_git_object:tracked,tracked,none_recovery_evidence,unclassified_recovery,unresolved,unique,binary,retain_recovery_evidence_in_reversible_quarantine,779465ef079245cf562d95ee1d00c083f38d4bfa03f1bb7ea94f3cc4558df032,54
REVIEW_QUEUE/445307eccd0279ffb1f3a60c32c99644a42d62,PATH:REVIEW_QUEUE/445307eccd0279ffb1f3a60c32c99644a42d62,path_locator_only,recovery_review_queue,no_extension,recovered_git_object:tracked,tracked,none_recovery_evidence,unclassified_recovery,unresolved,unique,binary,retain_recovery_evidence_in_reversible_quarantine,b3aee2ffe315f4d6c2dd942290b4f88b0b1f2bbe176ce82846adc825c98e2d4d,316
REVIEW_QUEUE/45233aa73a92ffbfb03b7e1211471a04e4199e,PATH:REVIEW_QUEUE/45233aa73a92ffbfb03b7e1211471a04e4199e,path_locator_only,recovery_review_queue,no_extension,recovered_git_object:tracked,tracked,none_recovery_evidence,unclassified_recovery,unresolved,unique,binary,retain_recovery_evidence_in_reversible_quarantine,37150791edaec19fdbc850c36e0745a0ccea253e01735d74a3ecfb8ead8d8443,1525
REVIEW_QUEUE/45555353335baa4b1dcb2faf87847d10a0b52e,PATH:REVIEW_QUEUE/45555353335baa4b1dcb2faf87847d10a0b52e,path_locator_only,recovery_review_queue,no_extension,recovered_git_object:tracked,tracked,none_recovery_evidence,unclassified_recovery,unresolved,unique,binary,retain_recovery_evidence_in_reversible_quarantine,b91dae7c11bb52b2d159fa9441f2d3bf1cb6e3ce1e85eb1bd2c9e7ede3668a3b,178
REVIEW_QUEUE/4605e961d4495fc1d6750ef5670fccf6d7ec4d,PATH:REVIEW_QUEUE/4605e961d4495fc1d6750ef5670fccf6d7ec4d,path_locator_only,recovery_review_queue,no_extension,recovered_git_object:tracked,tracked,none_recovery_evidence,unclassified_recovery,unresolved,unique,binary,retain_recovery_evidence_in_reversible_quarantine,4a5cefb69cb484f8bf2db388eab6da804cf2befcff2f8bc3defd839c0200a0b5,88
REVIEW_QUEUE/4654042acb2bb6e233007f5d40f4e82ec67842,PATH:REVIEW_QUEUE/4654042acb2bb6e233007f5d40f4e82ec67842,path_locator_only,recovery_review_queue,no_extension,recovered_git_object:tracked,tracked,none_recovery_evidence,unclassified_recovery,unresolved,unique,binary,retain_recovery_evidence_in_reversible_quarantine,146663515dfeb02591ef8069aed93cf8c57b1043bbed538d514ff377884a46b0,54
REVIEW_QUEUE/46a3a5288385a35237af6300fa50e1ff93c5a5,PATH:REVIEW_QUEUE/46a3a5288385a35237af6300fa50e1ff93c5a5,path_locator_only,recovery_review_queue,no_extension,recovered_git_object:tracked,tracked,none_recovery_evidence,unclassified_recovery,unresolved,unique,binary,retain_recovery_evidence_in_reversible_quarantine,2a5d6c47ca3698202b07370d642e687a83876dc01256a8c406f7e03438d6b8f1,85
REVIEW_QUEUE/480cf894f645f95e7574550d87d621b9a22cc6,PATH:REVIEW_QUEUE/480cf894f645f95e7574550d87d621b9a22cc6,path_locator_only,recovery_review_queue,no_extension,recovered_git_object:tracked,tracked,none_recovery_evidence,unclassified_recovery,unresolved,unique,binary,retain_recovery_evidence_in_reversible_quarantine,ad69f75a04785748219257346acc1959d60fd3b3c88579dab2d2d6c237924653,89
REVIEW_QUEUE/48b9835a69cff6b83452a2f26b380167860b04,PATH:REVIEW_QUEUE/48b9835a69cff6b83452a2f26b380167860b04,path_locator_only,recovery_review_queue,no_extension,recovered_git_object:tracked,tracked,none_recovery_evidence,unclassified_recovery,unresolved,unique,binary_or_unknown_encoding,retain_recovery_evidence_in_reversible_quarantine,45a7de7205186e3d48325b1f2eaefbb998ea9b11ff20fc1f4234b54fd435d708,404
REVIEW_QUEUE/49021c854d01af0c257fa96fbd40be7621d17d,PATH:REVIEW_QUEUE/49021c854d01af0c257fa96fbd40be7621d17d,path_locator_only,recovery_review_queue,no_extension,recovered_git_object:tracked,tracked,none_recovery_evidence,unclassified_recovery,unresolved,unique,binary_or_unknown_encoding,retain_recovery_evidence_in_reversible_quarantine,f7095ce0ab3d108c389e9a38b569ce1e8c8fc36e4f036ac328a9518db3d6f4b7,843
REVIEW_QUEUE/49ac812841e512034a5578e923bd73da195593,PATH:REVIEW_QUEUE/49ac812841e512034a5578e923bd73da195593,path_locator_only,recovery_review_queue,no_extension,recovered_git_object:tracked,tracked,none_recovery_evidence,unclassified_recovery,unresolved,unique,binary,retain_recovery_evidence_in_reversible_quarantine,004002ce65889669b91d0452cb7ef4327cc7c9c5450aa9665df5694a706d5636,1080
REVIEW_QUEUE/4a3247f34f498efbbd257491b5fb9fa7b6fa47,PATH:REVIEW_QUEUE/4a3247f34f498efbbd257491b5fb9fa7b6fa47,path_locator_only,recovery_review_queue,no_extension,recovered_git_object:tracked,tracked,none_recovery_evidence,unclassified_recovery,unresolved,unique,binary_or_unknown_encoding,retain_recovery_evidence_in_reversible_quarantine,a6f8d1e83dfb30023b552414eef3b594e8189e3ccebd2b729f254f20b27c54fb,502
REVIEW_QUEUE/4aa66e71835c02116d2f4af1e8d32303d0792c,PATH:REVIEW_QUEUE/4aa66e71835c02116d2f4af1e8d32303d0792c,path_locator_only,recovery_review_queue,no_extension,recovered_git_object:tracked,tracked,none_recovery_evidence,unclassified_recovery,unresolved,unique,binary,retain_recovery_evidence_in_reversible_quarantine,f1fa0cb0e8da245dd48031faede0b30795b1981faccdfce80d20fbfe7572bf44,101
REVIEW_QUEUE/4b540f93b189ea3df7db9e13f154310ab82e00,PATH:REVIEW_QUEUE/4b540f93b189ea3df7db9e13f154310ab82e00,path_locator_only,recovery_review_queue,no_extension,recovered_git_object:tracked,tracked,none_recovery_evidence,unclassified_recovery,unresolved,unique,binary,retain_recovery_evidence_in_reversible_quarantine,d1495ce3ba9ad4910a318ab41468eca63b577f5a48987f378c5939c860491385,584
REVIEW_QUEUE/4cb28ba8915f679b9b7bc864b18dcf6f591bbe,PATH:REVIEW_QUEUE/4cb28ba8915f679b9b7bc864b18dcf6f591bbe,path_locator_only,recovery_review_queue,no_extension,recovered_git_object:tracked,tracked,none_recovery_evidence,unclassified_recovery,unresolved,unique,binary,retain_recovery_evidence_in_reversible_quarantine,fab9e1bc1cbe8bdd66735bb5b46b67061b7ea40e746c9bae57100234c0c44b15,300
REVIEW_QUEUE/4e2acd4786798abbfca3e3600b9591f39d8ec4,PATH:REVIEW_QUEUE/4e2acd4786798abbfca3e3600b9591f39d8ec4,path_locator_only,recovery_review_queue,no_extension,recovered_git_object:tracked,tracked,none_recovery_evidence,unclassified_recovery,unresolved,unique,binary,retain_recovery_evidence_in_reversible_quarantine,8b5f325beacb899d34aeb2c4a9bb908e76797e4b3a1b0818c530e8d36d6cd9ae,54
REVIEW_QUEUE/4e80186d30c0889a93c83cca87d236fabcafdb,PATH:REVIEW_QUEUE/4e80186d30c0889a93c83cca87d236fabcafdb,path_locator_only,recovery_review_queue,no_extension,recovered_git_object:tracked,tracked,none_recovery_evidence,unclassified_recovery,unresolved,unique,binary,retain_recovery_evidence_in_reversible_quarantine,479eb1665a88eb262f1865b9c14b9f4ee32d8c3994c09065a0fa8f03eff6618b,62
REVIEW_QUEUE/4e8ae2f67652e3967784b39a2a0b42380c86a7,PATH:REVIEW_QUEUE/4e8ae2f67652e3967784b39a2a0b42380c86a7,path_locator_only,recovery_review_queue,no_extension,recovered_git_object:tracked,tracked,none_recovery_evidence,unclassified_recovery,unresolved,unique,binary,retain_recovery_evidence_in_reversible_quarantine,414be49490d9b2ac66fdb9a5fe26b97a478f83bd299753edd04704b7d0953a73,2089
REVIEW_QUEUE/4fac318af4eee0056a4e1bf7cf722ad7e36d51,PATH:REVIEW_QUEUE/4fac318af4eee0056a4e1bf7cf722ad7e36d51,path_locator_only,recovery_review_queue,no_extension,recovered_git_object:tracked,tracked,none_recovery_evidence,unclassified_recovery,unresolved,unique,binary_or_unknown_encoding,retain_recovery_evidence_in_reversible_quarantine,8290e73849f156e6e6f134e90217b301bede71e1140e3c59d1f9b9a97476ba54,629
REVIEW_QUEUE/5082d7ff066c363a46c563913a6a4b11558601,PATH:REVIEW_QUEUE/5082d7ff066c363a46c563913a6a4b11558601,path_locator_only,recovery_review_queue,no_extension,recovered_git_object:tracked,tracked,none_recovery_evidence,unclassified_recovery,unresolved,unique,binary,retain_recovery_evidence_in_reversible_quarantine,e9de818f6676e2d7fc1950dde5cd0f53f2e839b8e49729c5c637cf42665ba4b1,110
REVIEW_QUEUE/509629c1015d8aa35e30acf3e29925a5f8ba9f,PATH:REVIEW_QUEUE/509629c1015d8aa35e30acf3e29925a5f8ba9f,path_locator_only,recovery_review_queue,no_extension,recovered_git_object:tracked,tracked,none_recovery_evidence,unclassified_recovery,unresolved,unique,binary,retain_recovery_evidence_in_reversible_quarantine,3cb427cf685b8b48d72c20614922897ea882605b4617670faf4df7dd403afd36,48
REVIEW_QUEUE/50e0ae4e3782683ca4ed5c5af754fd71df7dde,PATH:REVIEW_QUEUE/50e0ae4e3782683ca4ed5c5af754fd71df7dde,path_locator_only,recovery_review_queue,no_extension,recovered_git_object:tracked,tracked,none_recovery_evidence,unclassified_recovery,unresolved,unique,binary,retain_recovery_evidence_in_reversible_quarantine,464c5ac12c031688f4b57ba74c40896e0e3981cfc5079b49ea00b9b369bc6de6,173
REVIEW_QUEUE/50e7bab0cb757df6cd03a359729ad9a5f94cd6,PATH:REVIEW_QUEUE/50e7bab0cb757df6cd03a359729ad9a5f94cd6,path_locator_only,recovery_review_queue,no_extension,recovered_git_object:tracked,tracked,none_recovery_evidence,unclassified_recovery,unresolved,unique,binary,retain_recovery_evidence_in_reversible_quarantine,15e7e05af566b71aa92c22c3cc3330784c5d3b7b6753812780384e9b8fa17d40,584
REVIEW_QUEUE/51892b016e095b1c15838b06efd8bd75c8f0e8,PATH:REVIEW_QUEUE/51892b016e095b1c15838b06efd8bd75c8f0e8,path_locator_only,recovery_review_queue,no_extension,recovered_git_object:tracked,tracked,none_recovery_evidence,unclassified_recovery,unresolved,unique,binary,retain_recovery_evidence_in_reversible_quarantine,b603399f407b4b75969c915ab7aa147c8eda644c8adb9fc0b0b5e0df2e1089b7,246
REVIEW_QUEUE/52dab6db125f5a73ac5a464b99509b278b8334,PATH:REVIEW_QUEUE/52dab6db125f5a73ac5a464b99509b278b8334,path_locator_only,recovery_review_queue,no_extension,recovered_git_object:tracked,tracked,none_recovery_evidence,unclassified_recovery,unresolved,unique,binary,retain_recovery_evidence_in_reversible_quarantine,9b5c61b2f09f98a064c164f0f8b5872f95c6f76d029f67267de6455f9f2800a7,125
REVIEW_QUEUE/52f9794da3e057cb7baa8cca515dc50da32f90,PATH:REVIEW_QUEUE/52f9794da3e057cb7baa8cca515dc50da32f90,path_locator_only,recovery_review_queue,no_extension,recovered_git_object:tracked,tracked,none_recovery_evidence,unclassified_recovery,unresolved,unique,binary,retain_recovery_evidence_in_reversible_quarantine,4429b8235cbfb889a416a33379db7cec606f387cd390d7b8503e4458966cb7f7,502
REVIEW_QUEUE/533711454d1dff185f55853c83e0b1be49fa5a,PATH:REVIEW_QUEUE/533711454d1dff185f55853c83e0b1be49fa5a,path_locator_only,recovery_review_queue,no_extension,recovered_git_object:tracked,tracked,none_recovery_evidence,unclassified_recovery,unresolved,unique,binary,retain_recovery_evidence_in_reversible_quarantine,5c0c52504956c143481b598d75ff475118df3c6c65181c8f16f70b6ce96a36b4,6624
REVIEW_QUEUE/53c71ce7c32285be8c3df7fa3d89c7dc5abf0d,PATH:REVIEW_QUEUE/53c71ce7c32285be8c3df7fa3d89c7dc5abf0d,path_locator_only,recovery_review_queue,no_extension,recovered_git_object:tracked,tracked,none_recovery_evidence,unclassified_recovery,unresolved,unique,binary,retain_recovery_evidence_in_reversible_quarantine,162a4e1313368278e08a5b5d04746a45ec268702167c039f6a71fa29f678bd6e,62
REVIEW_QUEUE/53e26840f37acfa93156b5deaa52e2a75914a2,PATH:REVIEW_QUEUE/53e26840f37acfa93156b5deaa52e2a75914a2,path_locator_only,recovery_review_queue,no_extension,recovered_git_object:tracked,tracked,none_recovery_evidence,unclassified_recovery,unresolved,unique,binary,retain_recovery_evidence_in_reversible_quarantine,e2a2a8c742d30ea6386f83afa6e7e395dc7ce3352cff5df13dc50c46d4143dcb,3598
REVIEW_QUEUE/54e95778f79a85110d49532a04f4c7e5cbc533,PATH:REVIEW_QUEUE/54e95778f79a85110d49532a04f4c7e5cbc533,path_locator_only,recovery_review_queue,no_extension,recovered_git_object:tracked,tracked,none_recovery_evidence,unclassified_recovery,unresolved,unique,binary,retain_recovery_evidence_in_reversible_quarantine,430d64137ea0ef76887c7c5c240bc52a1faf586fff195a70ce0d83c5aeeb8c94,362
REVIEW_QUEUE/555d2bc80222874b2b599991b5b37554698b1a,PATH:REVIEW_QUEUE/555d2bc80222874b2b599991b5b37554698b1a,path_locator_only,recovery_review_queue,no_extension,recovered_git_object:tracked,tracked,none_recovery_evidence,unclassified_recovery,unresolved,unique,binary,retain_recovery_evidence_in_reversible_quarantine,66d83e0723bb354c8f0375adb34873eded7225e0c0dd4ae39d3a5349e91da04b,185
REVIEW_QUEUE/556260769be7f3b67986c6de6329ca8713cf47,PATH:REVIEW_QUEUE/556260769be7f3b67986c6de6329ca8713cf47,path_locator_only,recovery_review_queue,no_extension,recovered_git_object:tracked,tracked,none_recovery_evidence,unclassified_recovery,unresolved,unique,binary,retain_recovery_evidence_in_reversible_quarantine,c8e8cb56e83aaea0dbd8bb22ab8e690968459b4d0d2e1a3dfd830cc8279e5c9a,79
REVIEW_QUEUE/55642b85888be78358a1ac497fbc283a30b09c,PATH:REVIEW_QUEUE/55642b85888be78358a1ac497fbc283a30b09c,path_locator_only,recovery_review_queue,no_extension,recovered_git_object:tracked,tracked,none_recovery_evidence,unclassified_recovery,unresolved,unique,binary,retain_recovery_evidence_in_reversible_quarantine,29a286d64299196bf49596d7aef4b3f0ab5c75923849d1bbc39c331967c171e4,584
REVIEW_QUEUE/558f92c99f7834e31e2b6d3069f8d344c95705,PATH:REVIEW_QUEUE/558f92c99f7834e31e2b6d3069f8d344c95705,path_locator_only,recovery_review_queue,no_extension,recovered_git_object:tracked,tracked,none_recovery_evidence,unclassified_recovery,unresolved,unique,binary,retain_recovery_evidence_in_reversible_quarantine,de6d4a09b784431bb61d2c3766de23edb0acd4aeae48bada0c8a3d9f493fd378,153
REVIEW_QUEUE/55b6ce26448a046c188e212dd363fe476f1680,PATH:REVIEW_QUEUE/55b6ce26448a046c188e212dd363fe476f1680,path_locator_only,recovery_review_queue,no_extension,recovered_git_object:tracked,tracked,none_recovery_evidence,unclassified_recovery,unresolved,unique,binary,retain_recovery_evidence_in_reversible_quarantine,fca800e8c8f0021d80b39c40738993378e112c56315157d8250371fd57f45021,1461
REVIEW_QUEUE/56615e6372195bc4361e13d49b994ec96d67c5,PATH:REVIEW_QUEUE/56615e6372195bc4361e13d49b994ec96d67c5,path_locator_only,recovery_review_queue,no_extension,recovered_git_object:tracked,tracked,none_recovery_evidence,unclassified_recovery,unresolved,unique,binary_or_unknown_encoding,retain_recovery_evidence_in_reversible_quarantine,b7892de9c98747261d2a1219ede47b49ec89a3136c6e2681077136a7c83ca5ef,185
REVIEW_QUEUE/566b81b018ad684f3a35fee301741b2734c8f4,PATH:REVIEW_QUEUE/566b81b018ad684f3a35fee301741b2734c8f4,path_locator_only,recovery_review_queue,no_extension,recovered_git_object:tracked,tracked,none_recovery_evidence,unclassified_recovery,unresolved,unique,binary_or_unknown_encoding,retain_recovery_evidence_in_reversible_quarantine,5c22a0b8e438c7d026285c1f53313ddf2c33175f0b167c5ab4ed6c76a163d575,141
REVIEW_QUEUE/56f21e33952505b0897339cc95e1164d53cc78,PATH:REVIEW_QUEUE/56f21e33952505b0897339cc95e1164d53cc78,path_locator_only,recovery_review_queue,no_extension,recovered_git_object:tracked,tracked,none_recovery_evidence,unclassified_recovery,unresolved,unique,binary,retain_recovery_evidence_in_reversible_quarantine,f1926ae1cbd171c195788db0c4dbc9b1c94a164e9fda22013435ebf0b717bbf9,101
REVIEW_QUEUE/573c65ad575b1844b4fcbed945bc32620ea63c,PATH:REVIEW_QUEUE/573c65ad575b1844b4fcbed945bc32620ea63c,path_locator_only,recovery_review_queue,no_extension,recovered_git_object:tracked,tracked,none_recovery_evidence,unclassified_recovery,unresolved,unique,binary,retain_recovery_evidence_in_reversible_quarantine,57e137e13c3f2c0e56c9147e0962539731456b21cce2661a30483aa1923ccdcf,120
REVIEW_QUEUE/585b200e062cef3c7461f8b6203c6d8ed074ea,PATH:REVIEW_QUEUE/585b200e062cef3c7461f8b6203c6d8ed074ea,path_locator_only,recovery_review_queue,no_extension,recovered_git_object:tracked,tracked,none_recovery_evidence,unclassified_recovery,unresolved,unique,binary,retain_recovery_evidence_in_reversible_quarantine,8994fcd8d9c2d7e928dd63d5849bee11fdacbe44154cfefc474cbd6221a47f38,2745
REVIEW_QUEUE/5860cfb8ff3839b70f5cc1c51b7faa7aa97c33,PATH:REVIEW_QUEUE/5860cfb8ff3839b70f5cc1c51b7faa7aa97c33,path_locator_only,recovery_review_queue,no_extension,recovered_git_object:tracked,tracked,none_recovery_evidence,unclassified_recovery,unresolved,unique,binary,retain_recovery_evidence_in_reversible_quarantine,f65c69955c97f67bf15e496a36efad3cdce3ed81cb65ec481c4767f449f3c5f0,62
REVIEW_QUEUE/588f0372244638d603abc122a611104f0a5011,PATH:REVIEW_QUEUE/588f0372244638d603abc122a611104f0a5011,path_locator_only,recovery_review_queue,no_extension,recovered_git_object:tracked,tracked,none_recovery_evidence,unclassified_recovery,unresolved,unique,binary,retain_recovery_evidence_in_reversible_quarantine,5a3db4bab6035f6c4725dacb67115eb8a879495f1c5683be2a9ed900d1536b20,171
REVIEW_QUEUE/59b76776977388b5f338d7923eb318b9c7a840,PATH:REVIEW_QUEUE/59b76776977388b5f338d7923eb318b9c7a840,path_locator_only,recovery_review_queue,no_extension,recovered_git_object:tracked,tracked,none_recovery_evidence,unclassified_recovery,unresolved,unique,binary,retain_recovery_evidence_in_reversible_quarantine,eda53f8f2de56287099c2db202b4a89a976e655ba693d68b0936c133f8972dba,86
REVIEW_QUEUE/59d3aa92fa7dce8875bf089e7df1e371ef6815,PATH:REVIEW_QUEUE/59d3aa92fa7dce8875bf089e7df1e371ef6815,path_locator_only,recovery_review_queue,no_extension,recovered_git_object:tracked,tracked,none_recovery_evidence,unclassified_recovery,unresolved,unique,binary,retain_recovery_evidence_in_reversible_quarantine,8fb470f9bdee1bd6c6fede7387e820ab1b46baa4f300b4e69ff608df9ed8bc01,276
REVIEW_QUEUE/5a29d76b4c718c5d97878f52eb516d3664b794,PATH:REVIEW_QUEUE/5a29d76b4c718c5d97878f52eb516d3664b794,path_locator_only,recovery_review_queue,no_extension,recovered_git_object:tracked,tracked,none_recovery_evidence,unclassified_recovery,unresolved,unique,binary,retain_recovery_evidence_in_reversible_quarantine,5a0f0d76b1a6a242d36b24787f6439afcb611a43482f229b4a2127f5432d829e,9387
REVIEW_QUEUE/5aab6779dad96c2c8807290e62d93e1feb1a84,PATH:REVIEW_QUEUE/5aab6779dad96c2c8807290e62d93e1feb1a84,path_locator_only,recovery_review_queue,no_extension,recovered_git_object:tracked,tracked,none_recovery_evidence,unclassified_recovery,unresolved,unique,binary,retain_recovery_evidence_in_reversible_quarantine,790125f59d4ab0c8ac8a432ca29f0ccdad73d3b0122563ba914f2055503d1a32,1184
REVIEW_QUEUE/5b21823477945e9aab48c846eca6e7b7b5b405,PATH:REVIEW_QUEUE/5b21823477945e9aab48c846eca6e7b7b5b405,path_locator_only,recovery_review_queue,no_extension,recovered_git_object:tracked,tracked,none_recovery_evidence,unclassified_recovery,unresolved,unique,binary,retain_recovery_evidence_in_reversible_quarantine,76b5af32b1e484a78897b1b6dabec1c691a9ce6fd8dc6db899e9eea73da12eae,125
REVIEW_QUEUE/5b50c43f64c13a3da350f6817378b0425d2f30,PATH:REVIEW_QUEUE/5b50c43f64c13a3da350f6817378b0425d2f30,path_locator_only,recovery_review_queue,no_extension,recovered_git_object:tracked,tracked,none_recovery_evidence,unclassified_recovery,unresolved,unique,binary,retain_recovery_evidence_in_reversible_quarantine,6c57097e3165ef82b1674be94804d26580d048c1d234f6963584d98037a5e13f,130
REVIEW_QUEUE/5ba6aef77ac36825631891c4078f02289f9195,PATH:REVIEW_QUEUE/5ba6aef77ac36825631891c4078f02289f9195,path_locator_only,recovery_review_queue,no_extension,recovered_git_object:tracked,tracked,none_recovery_evidence,unclassified_recovery,unresolved,unique,binary,retain_recovery_evidence_in_reversible_quarantine,5c310ec2ea5c1af1c5425cee29bf755525c69a7ca5a97e319f558a3c074deb10,174
REVIEW_QUEUE/5c6109091ff5607d2cfe9941f118579f0815d4,PATH:REVIEW_QUEUE/5c6109091ff5607d2cfe9941f118579f0815d4,path_locator_only,recovery_review_queue,no_extension,recovered_git_object:tracked,tracked,none_recovery_evidence,unclassified_recovery,unresolved,unique,binary_or_unknown_encoding,retain_recovery_evidence_in_reversible_quarantine,40d597423b5c6a4ed3a4defca0f6453a6718b69d40b949ae3047c3cc9c21bdcc,95
REVIEW_QUEUE/5ce2da2d6447d11dfe32bfb846c3d5b199fc99,PATH:REVIEW_QUEUE/5ce2da2d6447d11dfe32bfb846c3d5b199fc99,path_locator_only,recovery_review_queue,no_extension,recovered_git_object:tracked,tracked,none_recovery_evidence,unclassified_recovery,unresolved,unique,binary,retain_recovery_evidence_in_reversible_quarantine,f3527d2c8b8a4a422bc9c4acee60a69696c14ff2038aa048ccb6bd68368bcef8,142
REVIEW_QUEUE/5d2cfc2ead4c38ccbeef067235a9f1c4ebe630,PATH:REVIEW_QUEUE/5d2cfc2ead4c38ccbeef067235a9f1c4ebe630,path_locator_only,recovery_review_queue,no_extension,recovered_git_object:tracked,tracked,none_recovery_evidence,unclassified_recovery,unresolved,unique,binary,retain_recovery_evidence_in_reversible_quarantine,cefc030a543cd9e6ba956e666959b2d3d72e0a00d96b1b6ecd7cdb0b42e8e415,97
REVIEW_QUEUE/5dcf38ae6d8d3e1596af8b744dfbd2cba2aa8e,PATH:REVIEW_QUEUE/5dcf38ae6d8d3e1596af8b744dfbd2cba2aa8e,path_locator_only,recovery_review_queue,no_extension,recovered_git_object:tracked,tracked,none_recovery_evidence,unclassified_recovery,unresolved,unique,binary,retain_recovery_evidence_in_reversible_quarantine,fffdb6366f487054e1051934f3b5b9fda50448b95f658b893d2315d301068989,391
REVIEW_QUEUE/5f1adb156487582b635773847e9f288da1d196,PATH:REVIEW_QUEUE/5f1adb156487582b635773847e9f288da1d196,path_locator_only,recovery_review_queue,no_extension,recovered_git_object:tracked,tracked,none_recovery_evidence,unclassified_recovery,unresolved,unique,binary,retain_recovery_evidence_in_reversible_quarantine,781e2add40ae7352fa57f0ddcced778efed9ada2d5b63f0701eeebb195c7ac08,97
REVIEW_QUEUE/5fc84b4a119b3828825f30ced3652a42f226e4,PATH:REVIEW_QUEUE/5fc84b4a119b3828825f30ced3652a42f226e4,path_locator_only,recovery_review_queue,no_extension,recovered_git_object:tracked,tracked,none_recovery_evidence,unclassified_recovery,unresolved,unique,binary,retain_recovery_evidence_in_reversible_quarantine,c38af6a1cefaac4d8d304e47f1055941cef088dea71e56329b7e6b713c219d34,94
REVIEW_QUEUE/605d250c9da1630ec0de287f52bcfa04a3b5bd,PATH:REVIEW_QUEUE/605d250c9da1630ec0de287f52bcfa04a3b5bd,path_locator_only,recovery_review_queue,no_extension,recovered_git_object:tracked,tracked,none_recovery_evidence,unclassified_recovery,unresolved,unique,binary,retain_recovery_evidence_in_reversible_quarantine,49ee36db18a6236f9c0b798d9b4792fb96b380cb486bf6fad60143a56406311e,581
REVIEW_QUEUE/615bc7a414d4054af4999dd62ad893bcc5ee27,PATH:REVIEW_QUEUE/615bc7a414d4054af4999dd62ad893bcc5ee27,path_locator_only,recovery_review_queue,no_extension,recovered_git_object:tracked,tracked,none_recovery_evidence,unclassified_recovery,unresolved,unique,binary,retain_recovery_evidence_in_reversible_quarantine,68f26836bd26bceee91d557b7c4b06a6bdca9298a6a132b0b1470a36ce4eed5f,362
REVIEW_QUEUE/61b25df53a561bb11324793dcad00e77bdb9d3,PATH:REVIEW_QUEUE/61b25df53a561bb11324793dcad00e77bdb9d3,path_locator_only,recovery_review_queue,no_extension,recovered_git_object:tracked,tracked,none_recovery_evidence,unclassified_recovery,unresolved,unique,binary,retain_recovery_evidence_in_reversible_quarantine,83ba8b211431320c1271415bbf4e173de060d108132a3fa228c570a49c568f90,95
REVIEW_QUEUE/6307e448710f209579c52d6f55f30cd39b34d7,PATH:REVIEW_QUEUE/6307e448710f209579c52d6f55f30cd39b34d7,path_locator_only,recovery_review_queue,no_extension,recovered_git_object:tracked,tracked,none_recovery_evidence,unclassified_recovery,unresolved,unique,binary,retain_recovery_evidence_in_reversible_quarantine,b91643b191c9f64f86dfe8f01a02c5842b5b6c6da084115aa514b71d6cddd61f,56
REVIEW_QUEUE/646a66716aa690bb784db8c8dbdbdbcddccef5,PATH:REVIEW_QUEUE/646a66716aa690bb784db8c8dbdbdbcddccef5,path_locator_only,recovery_review_queue,no_extension,recovered_git_object:tracked,tracked,none_recovery_evidence,unclassified_recovery,unresolved,unique,binary,retain_recovery_evidence_in_reversible_quarantine,06d8bd779ef2f36405a60ef227b295c35db183769b00a0174e837ca54ebf0585,335
REVIEW_QUEUE/662a0d8238a78797fef653a1231a8cf7e2f5dd,PATH:REVIEW_QUEUE/662a0d8238a78797fef653a1231a8cf7e2f5dd,path_locator_only,recovery_review_queue,no_extension,recovered_git_object:tracked,tracked,none_recovery_evidence,unclassified_recovery,unresolved,unique,binary,retain_recovery_evidence_in_reversible_quarantine,f33ae5a61e80f7ff3be60c879cba397636bd9f8beeee06423ac48d5ac0da7a30,1702
REVIEW_QUEUE/6645e4dde5116b0bbe8065ea05c854df6fc233,PATH:REVIEW_QUEUE/6645e4dde5116b0bbe8065ea05c854df6fc233,path_locator_only,recovery_review_queue,no_extension,recovered_git_object:tracked,tracked,none_recovery_evidence,unclassified_recovery,unresolved,unique,binary,retain_recovery_evidence_in_reversible_quarantine,9a3186ff1d7f06bb6bd3426bb6bda1eca61db7f49a729d41ca5aab7e4db56eaf,2866
REVIEW_QUEUE/6665a34844d9039bc391dd8f5d3be6fefeaf9f,PATH:REVIEW_QUEUE/6665a34844d9039bc391dd8f5d3be6fefeaf9f,path_locator_only,recovery_review_queue,no_extension,recovered_git_object:tracked,tracked,none_recovery_evidence,unclassified_recovery,unresolved,unique,binary,retain_recovery_evidence_in_reversible_quarantine,5ec53bd0d72f909bee855fb50d6ab6b6a5898d22cfbb6b161222a7306c864b7f,846
REVIEW_QUEUE/679b7bfee5b59337704fa4867df54e21b756ae,PATH:REVIEW_QUEUE/679b7bfee5b59337704fa4867df54e21b756ae,path_locator_only,recovery_review_queue,no_extension,recovered_git_object:tracked,tracked,none_recovery_evidence,unclassified_recovery,unresolved,unique,binary,retain_recovery_evidence_in_reversible_quarantine,fcae155f11760bbefcefd081026878ae954f7133e5c33a0590c2f59ba3c08cf7,99
REVIEW_QUEUE/67cc2745db2df03dab8dd10e29382125790fe6,PATH:REVIEW_QUEUE/67cc2745db2df03dab8dd10e29382125790fe6,path_locator_only,recovery_review_queue,no_extension,recovered_git_object:tracked,tracked,none_recovery_evidence,unclassified_recovery,unresolved,unique,binary,retain_recovery_evidence_in_reversible_quarantine,bdce0705eb0c0833870adc22928831243a48c672f435b5521f393b9e6547c1c6,98
REVIEW_QUEUE/680a80ec0c33a3f416e3ac599b0f9ed2d230ca,PATH:REVIEW_QUEUE/680a80ec0c33a3f416e3ac599b0f9ed2d230ca,path_locator_only,recovery_review_queue,no_extension,recovered_git_object:tracked,tracked,none_recovery_evidence,unclassified_recovery,unresolved,unique,binary,retain_recovery_evidence_in_reversible_quarantine,a0047193d31c26f119b76565b6fb1d3b1be611575159ab47e86be96bcf2bbcfe,363
REVIEW_QUEUE/68ef33aac0e5fcbb5f516a2dbf0705da5fc8ad,PATH:REVIEW_QUEUE/68ef33aac0e5fcbb5f516a2dbf0705da5fc8ad,path_locator_only,recovery_review_queue,no_extension,recovered_git_object:tracked,tracked,none_recovery_evidence,unclassified_recovery,unresolved,unique,binary,retain_recovery_evidence_in_reversible_quarantine,ea4cb24434de551d496ae9402dc63edc381c4a77206ba3713a10191848e36536,54
REVIEW_QUEUE/693bb18d80a23685ed1367bb2be82eaf7fe2c6,PATH:REVIEW_QUEUE/693bb18d80a23685ed1367bb2be82eaf7fe2c6,path_locator_only,recovery_review_queue,no_extension,recovered_git_object:tracked,tracked,none_recovery_evidence,unclassified_recovery,unresolved,unique,binary,retain_recovery_evidence_in_reversible_quarantine,6261650bba6b1954bc2d3fb2e25d36e0b94a370c7e8faf83c6a1d9e4eb87ef1e,3434
REVIEW_QUEUE/6a70e0b252d321d2d814943f2e5b494c399289,PATH:REVIEW_QUEUE/6a70e0b252d321d2d814943f2e5b494c399289,path_locator_only,recovery_review_queue,no_extension,recovered_git_object:tracked,tracked,none_recovery_evidence,unclassified_recovery,unresolved,unique,non_utf8_cp1252_readable,retain_recovery_evidence_in_reversible_quarantine,9000fad52f18a2aa21eb9fc2b7f3fd0c6fec63b9e48e6b3c2b9e1d16287f1a9d,99
REVIEW_QUEUE/6b24f63598a9e7bdf16470ae1df52d8edf10d0,PATH:REVIEW_QUEUE/6b24f63598a9e7bdf16470ae1df52d8edf10d0,path_locator_only,recovery_review_queue,no_extension,recovered_git_object:tracked,tracked,none_recovery_evidence,unclassified_recovery,unresolved,unique,binary,retain_recovery_evidence_in_reversible_quarantine,8c3a1b3c4ea81bcda38b13f93f57b7d2617b54aafb7a3fd90de6a5dfacaa51e2,1097
REVIEW_QUEUE/6b47d8afb3a3a16c5ea84155cda4018255a1f9,PATH:REVIEW_QUEUE/6b47d8afb3a3a16c5ea84155cda4018255a1f9,path_locator_only,recovery_review_queue,no_extension,recovered_git_object:tracked,tracked,none_recovery_evidence,unclassified_recovery,unresolved,unique,binary,retain_recovery_evidence_in_reversible_quarantine,9f57587918bdc0d6bdc7666a8e81ff1bf8ab37c824cf8210343afd8a3a65eb6e,54
REVIEW_QUEUE/6bd904712a22380e45aea69ab2e75779e768c1,PATH:REVIEW_QUEUE/6bd904712a22380e45aea69ab2e75779e768c1,path_locator_only,recovery_review_queue,no_extension,recovered_git_object:tracked,tracked,none_recovery_evidence,unclassified_recovery,unresolved,unique,binary,retain_recovery_evidence_in_reversible_quarantine,a3cb80a111e335dbae17b6e6b0988f912eb5954da7550a8346a83f8432053436,386
REVIEW_QUEUE/6c444e988c5c5646b6c343a16e3be73907a26a,PATH:REVIEW_QUEUE/6c444e988c5c5646b6c343a16e3be73907a26a,path_locator_only,recovery_review_queue,no_extension,recovered_git_object:tracked,tracked,none_recovery_evidence,unclassified_recovery,unresolved,unique,binary,retain_recovery_evidence_in_reversible_quarantine,2aff696a891b4a0eb00d3de06264b0a56f8f3ac7c8fb80b8ae4c70940f4581b5,87
REVIEW_QUEUE/6c5fb6572213726f2ae8063db7c1aeef0e6172,PATH:REVIEW_QUEUE/6c5fb6572213726f2ae8063db7c1aeef0e6172,path_locator_only,recovery_review_queue,no_extension,recovered_git_object:tracked,tracked,none_recovery_evidence,unclassified_recovery,unresolved,unique,binary,retain_recovery_evidence_in_reversible_quarantine,b017f804ded51cd30ad2da123dda6ced5588676d60af3d3c1211a9f5f1dc7383,509
REVIEW_QUEUE/6cd2eba96b137332ca77eb65f01f253e266a62,PATH:REVIEW_QUEUE/6cd2eba96b137332ca77eb65f01f253e266a62,path_locator_only,recovery_review_queue,no_extension,recovered_git_object:tracked,tracked,none_recovery_evidence,unclassified_recovery,unresolved,unique,binary,retain_recovery_evidence_in_reversible_quarantine,9b32bb64cf78aab98a0a56f57cf8a5afe142ce5e6d03786d10b8699ea564fbbe,128
REVIEW_QUEUE/6cf63856976b5de8ed51d9b97c227e2589993e,PATH:REVIEW_QUEUE/6cf63856976b5de8ed51d9b97c227e2589993e,path_locator_only,recovery_review_queue,no_extension,recovered_git_object:tracked,tracked,none_recovery_evidence,unclassified_recovery,unresolved,unique,binary,retain_recovery_evidence_in_reversible_quarantine,d230e75e99e1570902e1179e8ae43b78ecfadd764578212c38ef5ea93d954fe1,30672
REVIEW_QUEUE/6d12b0f6b3c329f28a5199c59b91c3ec7647d5,PATH:REVIEW_QUEUE/6d12b0f6b3c329f28a5199c59b91c3ec7647d5,path_locator_only,recovery_review_queue,no_extension,recovered_git_object:tracked,tracked,none_recovery_evidence,unclassified_recovery,unresolved,unique,binary,retain_recovery_evidence_in_reversible_quarantine,256de1650e0155d665b4be72233a7911cbcbbc69731427372dfb1c27a8e4e0cb,60
REVIEW_QUEUE/6e91cdfb5f828f2bd36243a84dc4724d9f1339,PATH:REVIEW_QUEUE/6e91cdfb5f828f2bd36243a84dc4724d9f1339,path_locator_only,recovery_review_queue,no_extension,recovered_git_object:tracked,tracked,none_recovery_evidence,unclassified_recovery,unresolved,unique,binary,retain_recovery_evidence_in_reversible_quarantine,c9b8bece258f6be5357086a016456a5288ab49c8d13e45b0975efc4bd5fbc51d,142
REVIEW_QUEUE/6f30dded9a4f0e2f69641e74ab6bc14aa2f869,PATH:REVIEW_QUEUE/6f30dded9a4f0e2f69641e74ab6bc14aa2f869,path_locator_only,recovery_review_queue,no_extension,recovered_git_object:tracked,tracked,none_recovery_evidence,unclassified_recovery,unresolved,unique,binary_or_unknown_encoding,retain_recovery_evidence_in_reversible_quarantine,ac23cfb9b37af9f8e93add32e94b3ad8138a5aa15e7b234aeff7d915346642c3,482
REVIEW_QUEUE/6fdb588491679bb00d757a5ca31aaac7380b59,PATH:REVIEW_QUEUE/6fdb588491679bb00d757a5ca31aaac7380b59,path_locator_only,recovery_review_queue,no_extension,recovered_git_object:tracked,tracked,none_recovery_evidence,unclassified_recovery,unresolved,unique,binary,retain_recovery_evidence_in_reversible_quarantine,c2c8eb5542b01e1652ecb09fadd1f6cb92b8e5f6154924454190e86c92531368,3084
REVIEW_QUEUE/704b2a242bcecf78bbe23cfed095ae2bba2d7c,PATH:REVIEW_QUEUE/704b2a242bcecf78bbe23cfed095ae2bba2d7c,path_locator_only,recovery_review_queue,no_extension,recovered_git_object:tracked,tracked,none_recovery_evidence,unclassified_recovery,unresolved,unique,binary,retain_recovery_evidence_in_reversible_quarantine,02e53cba4c72a20dea6e72e6e0e4365f25e564665ba283ed8513fda41a17511e,2521
REVIEW_QUEUE/70aa168040ee787afc4bd0bdd42c43c38ec696,PATH:REVIEW_QUEUE/70aa168040ee787afc4bd0bdd42c43c38ec696,path_locator_only,recovery_review_queue,no_extension,recovered_git_object:tracked,tracked,none_recovery_evidence,unclassified_recovery,unresolved,unique,binary,retain_recovery_evidence_in_reversible_quarantine,221ea76cdbbd99a44cb663f904160d5a7a44e6211a4109e631c73647d8c8a2af,87
REVIEW_QUEUE/70e17116f3d01e40378b734c94b850c1c7654c,PATH:REVIEW_QUEUE/70e17116f3d01e40378b734c94b850c1c7654c,path_locator_only,recovery_review_queue,no_extension,recovered_git_object:tracked,tracked,none_recovery_evidence,unclassified_recovery,unresolved,unique,binary,retain_recovery_evidence_in_reversible_quarantine,4f248c19d4c12dae9f83390a4594be03c445d80fb5ba8afd858869e5cee71d21,94
REVIEW_QUEUE/71cd6e1c32c57ec121b1be9347d6b90f80dca4,PATH:REVIEW_QUEUE/71cd6e1c32c57ec121b1be9347d6b90f80dca4,path_locator_only,recovery_review_queue,no_extension,recovered_git_object:tracked,tracked,none_recovery_evidence,unclassified_recovery,unresolved,unique,binary,retain_recovery_evidence_in_reversible_quarantine,cb3baedeaf156a20d23730fd103d5f507bfb70edfa0c6bee55901c08a242a27a,279
REVIEW_QUEUE/72ad0b1d681cb069a96a71f6845ace684175b5,PATH:REVIEW_QUEUE/72ad0b1d681cb069a96a71f6845ace684175b5,path_locator_only,recovery_review_queue,no_extension,recovered_git_object:tracked,tracked,none_recovery_evidence,unclassified_recovery,unresolved,unique,binary,retain_recovery_evidence_in_reversible_quarantine,879de24072273ac72ca1edd786718dbac7c6d482314eafd06d248bdaf9a037ed,54
REVIEW_QUEUE/734317e618142dd10ae504d7d5913ef5a73c45,PATH:REVIEW_QUEUE/734317e618142dd10ae504d7d5913ef5a73c45,path_locator_only,recovery_review_queue,no_extension,recovered_git_object:tracked,tracked,none_recovery_evidence,unclassified_recovery,unresolved,unique,binary,retain_recovery_evidence_in_reversible_quarantine,9120449c9f8da86f4dd58de167a0c958a9997a593f0e46dfea4df1aff13f62c6,3567
REVIEW_QUEUE/73b4dfb693f53d5421792b373819c9c69dee92,PATH:REVIEW_QUEUE/73b4dfb693f53d5421792b373819c9c69dee92,path_locator_only,recovery_review_queue,no_extension,recovered_git_object:tracked,tracked,none_recovery_evidence,unclassified_recovery,unresolved,unique,binary,retain_recovery_evidence_in_reversible_quarantine,40fd0732a694044ed03701a95e9e3b141ad6b3551ec9720d14d8029f5e18bda3,174
REVIEW_QUEUE/75503ab3e5e1815e159819000abceec9091d07,PATH:REVIEW_QUEUE/75503ab3e5e1815e159819000abceec9091d07,path_locator_only,recovery_review_queue,no_extension,recovered_git_object:tracked,tracked,none_recovery_evidence,unclassified_recovery,unresolved,unique,binary,retain_recovery_evidence_in_reversible_quarantine,469b75cc85e920ab8e42c89efbc520ea379590831beaafa5cdcd00f4fd5dd404,704
REVIEW_QUEUE/75902a6b66112bf2f38a7661d5a67e78d24f35,PATH:REVIEW_QUEUE/75902a6b66112bf2f38a7661d5a67e78d24f35,path_locator_only,recovery_review_queue,no_extension,recovered_git_object:tracked,tracked,none_recovery_evidence,unclassified_recovery,unresolved,unique,binary_or_unknown_encoding,retain_recovery_evidence_in_reversible_quarantine,8546fdfa0d022a3d955a87a1bf7daa7745351350042ab7a7d348a181a6e85b88,96
REVIEW_QUEUE/75bf274f7a4e947f03569354d8efcdcdb9895b,PATH:REVIEW_QUEUE/75bf274f7a4e947f03569354d8efcdcdb9895b,path_locator_only,recovery_review_queue,no_extension,recovered_git_object:tracked,tracked,none_recovery_evidence,unclassified_recovery,unresolved,unique,binary,retain_recovery_evidence_in_reversible_quarantine,be0b711b61aea8594ee8fc636160c3f3291de7b4106f90a98234eb3594440d9f,54
REVIEW_QUEUE/762baf2b747a9a077b574d823484645f07c263,PATH:REVIEW_QUEUE/762baf2b747a9a077b574d823484645f07c263,path_locator_only,recovery_review_queue,no_extension,recovered_git_object:tracked,tracked,none_recovery_evidence,unclassified_recovery,unresolved,unique,binary,retain_recovery_evidence_in_reversible_quarantine,349e52820eb4ab80e9faa54950f283c84f46008198d5ff103680bebc7c0ade4a,2649
REVIEW_QUEUE/772a54c0f9020ad786b791fad3a8fd3476dd97,PATH:REVIEW_QUEUE/772a54c0f9020ad786b791fad3a8fd3476dd97,path_locator_only,recovery_review_queue,no_extension,recovered_git_object:tracked,tracked,none_recovery_evidence,unclassified_recovery,unresolved,unique,binary,retain_recovery_evidence_in_reversible_quarantine,9304308919d0c93c42e3883abf1ca73b92bbc66893a22622124460c13022077a,468
REVIEW_QUEUE/7755bc7059491598b19c3f9b2b2f4291d5eb79,PATH:REVIEW_QUEUE/7755bc7059491598b19c3f9b2b2f4291d5eb79,path_locator_only,recovery_review_queue,no_extension,recovered_git_object:tracked,tracked,none_recovery_evidence,unclassified_recovery,unresolved,unique,binary,retain_recovery_evidence_in_reversible_quarantine,6339905e2f50d74788b45d3668d25b27b44ad82f13c69d183bb6dabf7fc6a639,99
REVIEW_QUEUE/77c3af2d9df01d68b973ddfa889bab8400bfe8,PATH:REVIEW_QUEUE/77c3af2d9df01d68b973ddfa889bab8400bfe8,path_locator_only,recovery_review_queue,no_extension,recovered_git_object:tracked,tracked,none_recovery_evidence,unclassified_recovery,unresolved,unique,binary,retain_recovery_evidence_in_reversible_quarantine,c8c253c6a1fbdc17b516270a28948f285d612042797d865b8a20a99be7a46a03,54
REVIEW_QUEUE/7865f92576a9a398795ac629988a2793c1d5d9,PATH:REVIEW_QUEUE/7865f92576a9a398795ac629988a2793c1d5d9,path_locator_only,recovery_review_queue,no_extension,recovered_git_object:tracked,tracked,none_recovery_evidence,unclassified_recovery,unresolved,unique,binary,retain_recovery_evidence_in_reversible_quarantine,e1f50bb0b0c447f3cbd65a909fd59d70b3847b9d3e1368e7836d078fb9b8e2cc,301699
REVIEW_QUEUE/78b14d256be6ff38f919f9406a210a53e7e505,PATH:REVIEW_QUEUE/78b14d256be6ff38f919f9406a210a53e7e505,path_locator_only,recovery_review_queue,no_extension,recovered_git_object:tracked,tracked,none_recovery_evidence,unclassified_recovery,unresolved,unique,binary,retain_recovery_evidence_in_reversible_quarantine,e5300f5192610637eb261bdc0af56be4b75c6527b3ec57d6306d216229baa360,165
REVIEW_QUEUE/78bed04510e1d7134eccabc2945d579033a523,PATH:REVIEW_QUEUE/78bed04510e1d7134eccabc2945d579033a523,path_locator_only,recovery_review_queue,no_extension,recovered_git_object:tracked,tracked,none_recovery_evidence,unclassified_recovery,unresolved,unique,binary,retain_recovery_evidence_in_reversible_quarantine,7d086b82f8b8aa4cc44b30df4d573f82ba653fb5bb7164e39dc8acb7cc3e8456,246
REVIEW_QUEUE/78cc4fa0dda1e828f67ffcf98f627e2d886540,PATH:REVIEW_QUEUE/78cc4fa0dda1e828f67ffcf98f627e2d886540,path_locator_only,recovery_review_queue,no_extension,recovered_git_object:tracked,tracked,none_recovery_evidence,unclassified_recovery,unresolved,unique,binary,retain_recovery_evidence_in_reversible_quarantine,7c16d104fda384b714aebc390583857f519ad424dfec3e9166410b65839dfce6,83
REVIEW_QUEUE/7962af037e3bf133300bc86102c05028cd89df,PATH:REVIEW_QUEUE/7962af037e3bf133300bc86102c05028cd89df,path_locator_only,recovery_review_queue,no_extension,recovered_git_object:tracked,tracked,none_recovery_evidence,unclassified_recovery,unresolved,unique,binary,retain_recovery_evidence_in_reversible_quarantine,4f013338938c4a001dd043b76511cfef87995356f6ade3ea17ee1aac528d482f,92
REVIEW_QUEUE/7aa7bb36be76f1d3244c265bd8c9da49a5e376,PATH:REVIEW_QUEUE/7aa7bb36be76f1d3244c265bd8c9da49a5e376,path_locator_only,recovery_review_queue,no_extension,recovered_git_object:tracked,tracked,none_recovery_evidence,unclassified_recovery,unresolved,unique,binary,retain_recovery_evidence_in_reversible_quarantine,77e29559dcb1d046edd17c610b04ee6f96e0f017780ae98dd064f736eafc2ee1,277
REVIEW_QUEUE/7b88a72b3fdd5343c0af44d2396b0cda873bf2,PATH:REVIEW_QUEUE/7b88a72b3fdd5343c0af44d2396b0cda873bf2,path_locator_only,recovery_review_queue,no_extension,recovered_git_object:tracked,tracked,none_recovery_evidence,unclassified_recovery,unresolved,unique,binary,retain_recovery_evidence_in_reversible_quarantine,5ffe6dba1eddd7dc43ae3a104277e56b85167c9797f3f8d22341686a1cc0c00f,587
REVIEW_QUEUE/7c08ed3ce79688bd4906e3c3f8e68717b9fbc5,PATH:REVIEW_QUEUE/7c08ed3ce79688bd4906e3c3f8e68717b9fbc5,path_locator_only,recovery_review_queue,no_extension,recovered_git_object:tracked,tracked,none_recovery_evidence,unclassified_recovery,unresolved,unique,binary_or_unknown_encoding,retain_recovery_evidence_in_reversible_quarantine,2f8c7b00ad40d5c3ea1bb5f1a134bad55dcb6df69b7e5cbcaf1775be29659ef9,131
REVIEW_QUEUE/7d3821a21a4796faf3165992f6db27e95167ba,PATH:REVIEW_QUEUE/7d3821a21a4796faf3165992f6db27e95167ba,path_locator_only,recovery_review_queue,no_extension,recovered_git_object:tracked,tracked,none_recovery_evidence,unclassified_recovery,unresolved,unique,binary,retain_recovery_evidence_in_reversible_quarantine,fb09c9bbc6466e18d2ed2923c9b2de863b9d26acf301bc51431d3c40a6d7eb7b,45
REVIEW_QUEUE/7e76e86c63c8139b8334ed982ad5d655c14b26,PATH:REVIEW_QUEUE/7e76e86c63c8139b8334ed982ad5d655c14b26,path_locator_only,recovery_review_queue,no_extension,recovered_git_object:tracked,tracked,none_recovery_evidence,unclassified_recovery,unresolved,unique,binary,retain_recovery_evidence_in_reversible_quarantine,118fe651f154ba5affe9aaffe7a7dd6f777a9061748914465c3d27f135cd2ba5,363
REVIEW_QUEUE/7f1295f27ba5b725dc64dc46e840b2eba93d4f,PATH:REVIEW_QUEUE/7f1295f27ba5b725dc64dc46e840b2eba93d4f,path_locator_only,recovery_review_queue,no_extension,recovered_git_object:tracked,tracked,none_recovery_evidence,unclassified_recovery,unresolved,unique,binary,retain_recovery_evidence_in_reversible_quarantine,b1da5bbd93f0a82dfb055d01c261ea1dfd48158fcb72c4f3b4c6ffe9ffbb5335,587
REVIEW_QUEUE/8120187744fa29d7619ff2ba0af167e8a6859e,PATH:REVIEW_QUEUE/8120187744fa29d7619ff2ba0af167e8a6859e,path_locator_only,recovery_review_queue,no_extension,recovered_git_object:tracked,tracked,none_recovery_evidence,unclassified_recovery,unresolved,unique,binary,retain_recovery_evidence_in_reversible_quarantine,c8d3a599b8c6009b78c65c0332d672f6938f81451148182d974ae8be5c0cefe5,64
REVIEW_QUEUE/815443a0296121fdf6b4cd934499c0fe2e32f9,PATH:REVIEW_QUEUE/815443a0296121fdf6b4cd934499c0fe2e32f9,path_locator_only,recovery_review_queue,no_extension,recovered_git_object:tracked,tracked,none_recovery_evidence,unclassified_recovery,unresolved,unique,binary,retain_recovery_evidence_in_reversible_quarantine,10ed2414c5b2073b47e38efe2caef69ef57efcff8965310218d70d0b3b7151ab,150
REVIEW_QUEUE/81b21cecff5a173c7d29ea3c35825513f98ca6,PATH:REVIEW_QUEUE/81b21cecff5a173c7d29ea3c35825513f98ca6,path_locator_only,recovery_review_queue,no_extension,recovered_git_object:tracked,tracked,none_recovery_evidence,unclassified_recovery,unresolved,unique,binary,retain_recovery_evidence_in_reversible_quarantine,c2250437608fb968819109fa33153ffc89d24346086302ce98730c2b4175af30,98
REVIEW_QUEUE/824ec9b0149e48c91dce4fee530335b327c686,PATH:REVIEW_QUEUE/824ec9b0149e48c91dce4fee530335b327c686,path_locator_only,recovery_review_queue,no_extension,recovered_git_object:tracked,tracked,none_recovery_evidence,unclassified_recovery,unresolved,unique,binary,retain_recovery_evidence_in_reversible_quarantine,5de5e8483fc89a0f77e2c580104b829249bfe5d4b5045144bbbb86a9f3c08dd9,66
REVIEW_QUEUE/825655a654e42d68ba2481641e3b110f001909,PATH:REVIEW_QUEUE/825655a654e42d68ba2481641e3b110f001909,path_locator_only,recovery_review_queue,no_extension,recovered_git_object:tracked,tracked,none_recovery_evidence,unclassified_recovery,unresolved,unique,binary,retain_recovery_evidence_in_reversible_quarantine,e9e20bf5c59378d4ea837c69f4dbd163034c8f3551145f688e01ba7849d9dc23,99
REVIEW_QUEUE/826aa4eb9447b0588f8245d7ed01c8dd370e37,PATH:REVIEW_QUEUE/826aa4eb9447b0588f8245d7ed01c8dd370e37,path_locator_only,recovery_review_queue,no_extension,recovered_git_object:tracked,tracked,none_recovery_evidence,unclassified_recovery,unresolved,unique,binary,retain_recovery_evidence_in_reversible_quarantine,977377da9f555df166aaea57cec1d4629108854201742071b79341b268d105ba,806
REVIEW_QUEUE/834fe4220b5b10a8a8bdb7267201a5c9f3b48b,PATH:REVIEW_QUEUE/834fe4220b5b10a8a8bdb7267201a5c9f3b48b,path_locator_only,recovery_review_queue,no_extension,recovered_git_object:tracked,tracked,none_recovery_evidence,unclassified_recovery,unresolved,unique,binary,retain_recovery_evidence_in_reversible_quarantine,bd1cf789bd0aae3f2efe67aa7ff9c1c20acd4f4d8894c5d243763332fdf22138,54
REVIEW_QUEUE/83cfaacd571fac75213cee5449895fd97e824d,PATH:REVIEW_QUEUE/83cfaacd571fac75213cee5449895fd97e824d,path_locator_only,recovery_review_queue,no_extension,recovered_git_object:tracked,tracked,none_recovery_evidence,unclassified_recovery,unresolved,unique,binary,retain_recovery_evidence_in_reversible_quarantine,8da8345db30a4fd5a25e79e0182e417fdf92ba50c9aa2557bebbaec5e222316c,97
REVIEW_QUEUE/8488cb1fac30fdea7ce9f69b5dafba91a3363e,PATH:REVIEW_QUEUE/8488cb1fac30fdea7ce9f69b5dafba91a3363e,path_locator_only,recovery_review_queue,no_extension,recovered_git_object:tracked,tracked,none_recovery_evidence,unclassified_recovery,unresolved,unique,binary,retain_recovery_evidence_in_reversible_quarantine,65804f06a0732cd4192e875dbd0c8e68de2ebfd8ab1c0612b577e161bdcaee5b,510
REVIEW_QUEUE/84e61ff7a0de6f4cf6de763cce6596383f851a,PATH:REVIEW_QUEUE/84e61ff7a0de6f4cf6de763cce6596383f851a,path_locator_only,recovery_review_queue,no_extension,recovered_git_object:tracked,tracked,none_recovery_evidence,unclassified_recovery,unresolved,unique,binary,retain_recovery_evidence_in_reversible_quarantine,3de61d59d0bb6c1d6c2d0c496aa838ac0ab7713adfda867692b80cca953db52b,4195
REVIEW_QUEUE/85c9be719a49b54b93043696c0f3f50e6fe954,PATH:REVIEW_QUEUE/85c9be719a49b54b93043696c0f3f50e6fe954,path_locator_only,recovery_review_queue,no_extension,recovered_git_object:tracked,tracked,none_recovery_evidence,unclassified_recovery,unresolved,unique,binary,retain_recovery_evidence_in_reversible_quarantine,ed509a4369637c557c5f1f0c8b95773b9722af90ae220268e80799255c3185cf,584
REVIEW_QUEUE/8621cb5016ec5ab7b24f6408399b6b2fdc0688,PATH:REVIEW_QUEUE/8621cb5016ec5ab7b24f6408399b6b2fdc0688,path_locator_only,recovery_review_queue,no_extension,recovered_git_object:tracked,tracked,none_recovery_evidence,unclassified_recovery,unresolved,unique,binary,retain_recovery_evidence_in_reversible_quarantine,77cf02ec8f6c9b8862658aeba046f420962e834064b8724dc8f7c0af39712c49,663
REVIEW_QUEUE/865c7feaf70d72788aa382f1d8716853267c7c,PATH:REVIEW_QUEUE/865c7feaf70d72788aa382f1d8716853267c7c,path_locator_only,recovery_review_queue,no_extension,recovered_git_object:tracked,tracked,none_recovery_evidence,unclassified_recovery,unresolved,unique,binary,retain_recovery_evidence_in_reversible_quarantine,7298f12aaf20d7008e485eeb0513717d5c1ad96bfe05015da67f9e3e3f5607ee,81
REVIEW_QUEUE/891d0eacb7a7afa14b18640d5edd6a08c23159,PATH:REVIEW_QUEUE/891d0eacb7a7afa14b18640d5edd6a08c23159,path_locator_only,recovery_review_queue,no_extension,recovered_git_object:tracked,tracked,none_recovery_evidence,unclassified_recovery,unresolved,unique,binary,retain_recovery_evidence_in_reversible_quarantine,1bca015d0a6a8d77deebc0cf99847fc9b09df23ecf0962323a8c871ef87edd7b,101
REVIEW_QUEUE/8a0d448fbf41478541ab04c687c8265267034c,PATH:REVIEW_QUEUE/8a0d448fbf41478541ab04c687c8265267034c,path_locator_only,recovery_review_queue,no_extension,recovered_git_object:tracked,tracked,none_recovery_evidence,unclassified_recovery,unresolved,unique,binary,retain_recovery_evidence_in_reversible_quarantine,09928497f7970d93dad09259eda07ff1902bc785a2bfde5c9a79822eba8d9821,584
REVIEW_QUEUE/8a70fc3f01321cf76e4bd4b0acd385f0228fb9,PATH:REVIEW_QUEUE/8a70fc3f01321cf76e4bd4b0acd385f0228fb9,path_locator_only,recovery_review_queue,no_extension,recovered_git_object:tracked,tracked,none_recovery_evidence,unclassified_recovery,unresolved,unique,binary,retain_recovery_evidence_in_reversible_quarantine,51431be55073ecc9ede7a157423afa4765cf61ce20ed75f275c234597e613ef8,62
REVIEW_QUEUE/8afc50fec66f216a6247ac01ad7d1f99ac8db9,PATH:REVIEW_QUEUE/8afc50fec66f216a6247ac01ad7d1f99ac8db9,path_locator_only,recovery_review_queue,no_extension,recovered_git_object:tracked,tracked,none_recovery_evidence,unclassified_recovery,unresolved,unique,binary,retain_recovery_evidence_in_reversible_quarantine,2e911c598e0a67b81f9e4c9618f5c4f882bcdfafd61de35419b5bdbc62fe31b5,176
REVIEW_QUEUE/8b1a5c67ed4daed53b7924ebfd963fd62a8348,PATH:REVIEW_QUEUE/8b1a5c67ed4daed53b7924ebfd963fd62a8348,path_locator_only,recovery_review_queue,no_extension,recovered_git_object:tracked,tracked,none_recovery_evidence,unclassified_recovery,unresolved,unique,binary,retain_recovery_evidence_in_reversible_quarantine,74178885ca4af0a9954f5900652293862d0af655802d41152b113a3f4fc61c03,79
REVIEW_QUEUE/8b98072a2095216bf7a60f12a7a67b03fd8faa,PATH:REVIEW_QUEUE/8b98072a2095216bf7a60f12a7a67b03fd8faa,path_locator_only,recovery_review_queue,no_extension,recovered_git_object:tracked,tracked,none_recovery_evidence,unclassified_recovery,unresolved,unique,binary,retain_recovery_evidence_in_reversible_quarantine,2e240707837151b75c730b648c8773e7a3e6993afad2de99894f6b9497a5bb3f,430
REVIEW_QUEUE/8be881953dde68c9c4b36196b5da50d24b6187,PATH:REVIEW_QUEUE/8be881953dde68c9c4b36196b5da50d24b6187,path_locator_only,recovery_review_queue,no_extension,recovered_git_object:tracked,tracked,none_recovery_evidence,unclassified_recovery,unresolved,unique,binary,retain_recovery_evidence_in_reversible_quarantine,4a098730da6e71c90b4e393718cebe7d2e8199a919460fbc58440963a9dfcd1e,588
REVIEW_QUEUE/8cc13684244d630193614782f9ddcf83753f18,PATH:REVIEW_QUEUE/8cc13684244d630193614782f9ddcf83753f18,path_locator_only,recovery_review_queue,no_extension,recovered_git_object:tracked,tracked,none_recovery_evidence,unclassified_recovery,unresolved,unique,binary,retain_recovery_evidence_in_reversible_quarantine,d8a0f17960c2de936ebb3cd4d052d8798bf13cc70006a2630d81378aecd11a6c,4582
REVIEW_QUEUE/8cf2025ae513baaaede02b59b30a56b0cdeae8,PATH:REVIEW_QUEUE/8cf2025ae513baaaede02b59b30a56b0cdeae8,path_locator_only,recovery_review_queue,no_extension,recovered_git_object:tracked,tracked,none_recovery_evidence,unclassified_recovery,unresolved,unique,binary,retain_recovery_evidence_in_reversible_quarantine,b101a4ada70ba603e3b50d061eeb34610b78ca5d6da5a7f406406048073e1142,852
REVIEW_QUEUE/8d6c5ddc583b84979c37024aedefc578b4635a,PATH:REVIEW_QUEUE/8d6c5ddc583b84979c37024aedefc578b4635a,path_locator_only,recovery_review_queue,no_extension,recovered_git_object:tracked,tracked,none_recovery_evidence,unclassified_recovery,unresolved,unique,binary,retain_recovery_evidence_in_reversible_quarantine,7495ae6eb01a3000a926b5ad8a288d5d39a458b596526fbb5f0e171da1e80b53,90
REVIEW_QUEUE/8dd6644adc43f4327dd1d07d1103589372e14a,PATH:REVIEW_QUEUE/8dd6644adc43f4327dd1d07d1103589372e14a,path_locator_only,recovery_review_queue,no_extension,recovered_git_object:tracked,tracked,none_recovery_evidence,unclassified_recovery,unresolved,unique,binary,retain_recovery_evidence_in_reversible_quarantine,ed4d6d6cdd65f37e9ab4387ab01951dc439108efa9237355c4a6cda184259fbf,114
REVIEW_QUEUE/8df540a24728676edc27a63c4fe965009b426e,PATH:REVIEW_QUEUE/8df540a24728676edc27a63c4fe965009b426e,path_locator_only,recovery_review_queue,no_extension,recovered_git_object:tracked,tracked,none_recovery_evidence,unclassified_recovery,unresolved,unique,binary,retain_recovery_evidence_in_reversible_quarantine,491f349685054030f7630855fa14fadaf306c9d0e9ac270bccd44d8567020303,65
REVIEW_QUEUE/8e2fc88a10b98d33e28d248838b377deb18a80,PATH:REVIEW_QUEUE/8e2fc88a10b98d33e28d248838b377deb18a80,path_locator_only,recovery_review_queue,no_extension,recovered_git_object:tracked,tracked,none_recovery_evidence,unclassified_recovery,unresolved,unique,binary,retain_recovery_evidence_in_reversible_quarantine,9bfc0af9a21e768541f6128b6845e9ca80d6692e002f6361322e55f239ecbfb0,70
REVIEW_QUEUE/8e3048d29cad613ff749d3166c2c6cda36d99d,PATH:REVIEW_QUEUE/8e3048d29cad613ff749d3166c2c6cda36d99d,path_locator_only,recovery_review_queue,no_extension,recovered_git_object:tracked,tracked,none_recovery_evidence,unclassified_recovery,unresolved,unique,binary,retain_recovery_evidence_in_reversible_quarantine,eb4f9fe4f0e3043c3f97e52d2806fe65ed15a5c46e6ed82da0d074ddbedd8dfd,98
REVIEW_QUEUE/8f2978c1cafb08f565609d6cc7b69972bfe135,PATH:REVIEW_QUEUE/8f2978c1cafb08f565609d6cc7b69972bfe135,path_locator_only,recovery_review_queue,no_extension,recovered_git_object:tracked,tracked,none_recovery_evidence,unclassified_recovery,unresolved,unique,binary,retain_recovery_evidence_in_reversible_quarantine,f0a3fce536736627828cdfb41a36db8522edb6d5224f8ca2fa2c9fb77a405fec,2118
REVIEW_QUEUE/8fa24b921f694a17f933726e961b086b304699,PATH:REVIEW_QUEUE/8fa24b921f694a17f933726e961b086b304699,path_locator_only,recovery_review_queue,no_extension,recovered_git_object:tracked,tracked,none_recovery_evidence,unclassified_recovery,unresolved,unique,binary,retain_recovery_evidence_in_reversible_quarantine,6888ef79457a1088fc91efa178f594b391fda702dc6913c4df405216cdde3050,89
REVIEW_QUEUE/901756642d7f34e6eb1482ed69d0078682e53a,PATH:REVIEW_QUEUE/901756642d7f34e6eb1482ed69d0078682e53a,path_locator_only,recovery_review_queue,no_extension,recovered_git_object:tracked,tracked,none_recovery_evidence,unclassified_recovery,unresolved,unique,binary,retain_recovery_evidence_in_reversible_quarantine,4a02f79864979a5cf454bd885f356df917658800fd1b3a7f93ec20c7eb9eb000,102
REVIEW_QUEUE/90aa4639000ecfb69f0640125a45cb5ba7bb6c,PATH:REVIEW_QUEUE/90aa4639000ecfb69f0640125a45cb5ba7bb6c,path_locator_only,recovery_review_queue,no_extension,recovered_git_object:tracked,tracked,none_recovery_evidence,unclassified_recovery,unresolved,unique,binary,retain_recovery_evidence_in_reversible_quarantine,496132d5ee65055cad2fcd208d86ddfbbed23d13be87b73222991ea1a5ec194b,243
REVIEW_QUEUE/9118dacec67ed11571ca884bc56cd13475711e,PATH:REVIEW_QUEUE/9118dacec67ed11571ca884bc56cd13475711e,path_locator_only,recovery_review_queue,no_extension,recovered_git_object:tracked,tracked,none_recovery_evidence,unclassified_recovery,unresolved,unique,binary_or_unknown_encoding,retain_recovery_evidence_in_reversible_quarantine,1d5647562fd87eb5c408bb97ea815206bc01b560e85a55d217f0b837aaab8c02,519
REVIEW_QUEUE/91897eb35d116698fa3e3f10106da1af4ced22,PATH:REVIEW_QUEUE/91897eb35d116698fa3e3f10106da1af4ced22,path_locator_only,recovery_review_queue,no_extension,recovered_git_object:tracked,tracked,none_recovery_evidence,unclassified_recovery,unresolved,unique,binary,retain_recovery_evidence_in_reversible_quarantine,9f858b5fe4fbc72c8650f9f15785528246bb3f3a0e6f3cc6f90a0eeeb7a756c7,374
REVIEW_QUEUE/91e7cade43e65dd63c3bf01c5d1a7450698d5b,PATH:REVIEW_QUEUE/91e7cade43e65dd63c3bf01c5d1a7450698d5b,path_locator_only,recovery_review_queue,no_extension,recovered_git_object:tracked,tracked,none_recovery_evidence,unclassified_recovery,unresolved,unique,binary,retain_recovery_evidence_in_reversible_quarantine,7eb8063967d863b35e053379eb65ffb3b9d3292205089d128f932e022f1ccb20,165
REVIEW_QUEUE/92c9a0070fc9fec02b516ab57800f2f1e623e3,PATH:REVIEW_QUEUE/92c9a0070fc9fec02b516ab57800f2f1e623e3,path_locator_only,recovery_review_queue,no_extension,recovered_git_object:tracked,tracked,none_recovery_evidence,unclassified_recovery,unresolved,unique,binary,retain_recovery_evidence_in_reversible_quarantine,d8adb66cbff834202dacf8b14b48c484652af8a21a3a79d627b8e6c22afe593b,138
REVIEW_QUEUE/93149c09c0c2119361e1acbfb92be7709e246c,PATH:REVIEW_QUEUE/93149c09c0c2119361e1acbfb92be7709e246c,path_locator_only,recovery_review_queue,no_extension,recovered_git_object:tracked,tracked,none_recovery_evidence,unclassified_recovery,unresolved,unique,binary,retain_recovery_evidence_in_reversible_quarantine,158e02293db3dc743fc64e7bdc020ae0205e7a34873bf37c9ea11d14f0dfaeb9,89
REVIEW_QUEUE/93483ae5338287dd817de161d779015f2864a7,PATH:REVIEW_QUEUE/93483ae5338287dd817de161d779015f2864a7,path_locator_only,recovery_review_queue,no_extension,recovered_git_object:tracked,tracked,none_recovery_evidence,unclassified_recovery,unresolved,unique,binary,retain_recovery_evidence_in_reversible_quarantine,c2be9eb16cfe748964522796048d130d8a352a14e24dfe5d95cf85b607ca45cd,163
REVIEW_QUEUE/943b317e84bb56f5ef344783fb495111db1759,PATH:REVIEW_QUEUE/943b317e84bb56f5ef344783fb495111db1759,path_locator_only,recovery_review_queue,no_extension,recovered_git_object:tracked,tracked,none_recovery_evidence,unclassified_recovery,unresolved,unique,binary,retain_recovery_evidence_in_reversible_quarantine,5e2713249b588fb70daa7f0c5f2b65ee916258a634909a32562f2b74c0d83996,54
REVIEW_QUEUE/94acd1ea5dc697810018cc6bf41ad57fbf54cf,PATH:REVIEW_QUEUE/94acd1ea5dc697810018cc6bf41ad57fbf54cf,path_locator_only,recovery_review_queue,no_extension,recovered_git_object:tracked,tracked,none_recovery_evidence,unclassified_recovery,unresolved,unique,binary,retain_recovery_evidence_in_reversible_quarantine,97701105eb4b55ed6b58d8799188b9a3b115b4d0ce31cf926dd7ea02367c111f,153
REVIEW_QUEUE/95e4688f13e37870cf2410e031bb4ffaa2001d,PATH:REVIEW_QUEUE/95e4688f13e37870cf2410e031bb4ffaa2001d,path_locator_only,recovery_review_queue,no_extension,recovered_git_object:tracked,tracked,none_recovery_evidence,unclassified_recovery,unresolved,unique,binary,retain_recovery_evidence_in_reversible_quarantine,77ed714690afb002002c399bfe4bcab9ba5430cd657840afdf7b76352ebc8b27,756
REVIEW_QUEUE/960226717ccdfd41801dd24247ba06f1eaf4be,PATH:REVIEW_QUEUE/960226717ccdfd41801dd24247ba06f1eaf4be,path_locator_only,recovery_review_queue,no_extension,recovered_git_object:tracked,tracked,none_recovery_evidence,unclassified_recovery,unresolved,unique,binary,retain_recovery_evidence_in_reversible_quarantine,989ddc913eacef2b8838bc86c6492f151c7d36b92e1d0440e4b45ae23f5eab5d,53
REVIEW_QUEUE/9655d92fac054e8cfc3b0b9fef96a1faa205ee,PATH:REVIEW_QUEUE/9655d92fac054e8cfc3b0b9fef96a1faa205ee,path_locator_only,recovery_review_queue,no_extension,recovered_git_object:tracked,tracked,none_recovery_evidence,unclassified_recovery,unresolved,unique,binary,retain_recovery_evidence_in_reversible_quarantine,18d9e0ba9d0edfde9ced8ffe60c2b7c16c8b01cadbc365750584dbfb1e7c52e1,3849
REVIEW_QUEUE/9670a2b04bc8eb100f8d45cff438d68a7f20f2,PATH:REVIEW_QUEUE/9670a2b04bc8eb100f8d45cff438d68a7f20f2,path_locator_only,recovery_review_queue,no_extension,recovered_git_object:tracked,tracked,none_recovery_evidence,unclassified_recovery,unresolved,unique,binary,retain_recovery_evidence_in_reversible_quarantine,8ef74697589b96d4c56867b7abfe5752fce35825a5c403c056e33a835496e6a3,537
REVIEW_QUEUE/981a3347a7736e3c4ee90464f490031184b784,PATH:REVIEW_QUEUE/981a3347a7736e3c4ee90464f490031184b784,path_locator_only,recovery_review_queue,no_extension,recovered_git_object:tracked,tracked,none_recovery_evidence,unclassified_recovery,unresolved,unique,binary,retain_recovery_evidence_in_reversible_quarantine,fb3b64e5c21a89e551f6006bfeaffec9c3fc5ee89e4c76d8a151303fc5f84d6f,54
REVIEW_QUEUE/98989a2a99b92c7e943a4971f80b36d38b0bdd,PATH:REVIEW_QUEUE/98989a2a99b92c7e943a4971f80b36d38b0bdd,path_locator_only,recovery_review_queue,no_extension,recovered_git_object:tracked,tracked,none_recovery_evidence,unclassified_recovery,unresolved,unique,binary,retain_recovery_evidence_in_reversible_quarantine,8b8d58429decfa074c4bb6fc0d6da3e8ad4c5e72380160593a88d6419d81f397,150
REVIEW_QUEUE/99022bf6e05d555e30842bfa69ad48958fb46b,PATH:REVIEW_QUEUE/99022bf6e05d555e30842bfa69ad48958fb46b,path_locator_only,recovery_review_queue,no_extension,recovered_git_object:tracked,tracked,none_recovery_evidence,unclassified_recovery,unresolved,unique,binary,retain_recovery_evidence_in_reversible_quarantine,a925a13e815781611fa7f1ff170e0fd0443804159fed83d51b445312c5cde5b1,97
REVIEW_QUEUE/99182a4f10bb3c8448ea495544eb14b5b05eec,PATH:REVIEW_QUEUE/99182a4f10bb3c8448ea495544eb14b5b05eec,path_locator_only,recovery_review_queue,no_extension,recovered_git_object:tracked,tracked,none_recovery_evidence,unclassified_recovery,unresolved,unique,binary,retain_recovery_evidence_in_reversible_quarantine,ae63a7e3f3f7090af412c6a8d1251bfd7bf33f856fb98b2da5435e0184cf43a4,327
REVIEW_QUEUE/99f802e9324a52848bfc561b867d7ed8628302,PATH:REVIEW_QUEUE/99f802e9324a52848bfc561b867d7ed8628302,path_locator_only,recovery_review_queue,no_extension,recovered_git_object:tracked,tracked,none_recovery_evidence,unclassified_recovery,unresolved,unique,binary,retain_recovery_evidence_in_reversible_quarantine,75c715517822da2f5f8532fd9e6510143e3ee0a7fc06803cc844aafaaf624327,88
REVIEW_QUEUE/9a127ee483a232d603cb5ef9239c6ab07cc337,PATH:REVIEW_QUEUE/9a127ee483a232d603cb5ef9239c6ab07cc337,path_locator_only,recovery_review_queue,no_extension,recovered_git_object:tracked,tracked,none_recovery_evidence,unclassified_recovery,unresolved,unique,binary,retain_recovery_evidence_in_reversible_quarantine,f53a647ecedc50166075cb286da27f460a2424dd0b50a2696c28578ae2290949,629
REVIEW_QUEUE/9b5ebf304ee0f8274892bc8e9b254c94ac74b7,PATH:REVIEW_QUEUE/9b5ebf304ee0f8274892bc8e9b254c94ac74b7,path_locator_only,recovery_review_queue,no_extension,recovered_git_object:tracked,tracked,none_recovery_evidence,unclassified_recovery,unresolved,unique,binary,retain_recovery_evidence_in_reversible_quarantine,b64df8dfba2ce659f1a44f68cb24d9a4c3b39194dff44e787c0b806a90190243,482
REVIEW_QUEUE/9b910f02c829b895889b87abbb0a6be428f651,PATH:REVIEW_QUEUE/9b910f02c829b895889b87abbb0a6be428f651,path_locator_only,recovery_review_queue,no_extension,recovered_git_object:tracked,tracked,none_recovery_evidence,unclassified_recovery,unresolved,unique,binary,retain_recovery_evidence_in_reversible_quarantine,fbc1b4e48673e42ef7d182cad3230f782b960f18d000c50fd1ab25c5147e7cdf,1338
REVIEW_QUEUE/9be57044d0410eb064cfbf0ac8f45ab2839639,PATH:REVIEW_QUEUE/9be57044d0410eb064cfbf0ac8f45ab2839639,path_locator_only,recovery_review_queue,no_extension,recovered_git_object:tracked,tracked,none_recovery_evidence,unclassified_recovery,unresolved,unique,binary,retain_recovery_evidence_in_reversible_quarantine,bc7c1bafe49a4c1be6127d52d1a15e03a84b85e5d622f1df942c85d304a8f8a2,976
REVIEW_QUEUE/9cc492bccef3b37c86a2a96bffa3e3fae81887,PATH:REVIEW_QUEUE/9cc492bccef3b37c86a2a96bffa3e3fae81887,path_locator_only,recovery_review_queue,no_extension,recovered_git_object:tracked,tracked,none_recovery_evidence,unclassified_recovery,unresolved,unique,binary,retain_recovery_evidence_in_reversible_quarantine,5e9c851427329911ea030df95c1782c3ed32ad0e45fe5b118be582d78e3d7b50,54
REVIEW_QUEUE/9d190bf9ef4af6915ad7779917a7881dce222a,PATH:REVIEW_QUEUE/9d190bf9ef4af6915ad7779917a7881dce222a,path_locator_only,recovery_review_queue,no_extension,recovered_git_object:tracked,tracked,none_recovery_evidence,unclassified_recovery,unresolved,unique,binary,retain_recovery_evidence_in_reversible_quarantine,fe5f4f470a9dde929ea926c43938c0b4257ddebf2bd0d547217613d9d12fe713,54
REVIEW_QUEUE/9de29bb2d1d6434b8b29ae775ad8c2e48c5391,PATH:REVIEW_QUEUE/9de29bb2d1d6434b8b29ae775ad8c2e48c5391,path_locator_only,recovery_review_queue,no_extension,recovered_git_object:tracked,tracked,none_recovery_evidence,unclassified_recovery,unresolved,unique,binary,retain_recovery_evidence_in_reversible_quarantine,164c5fa8067facf1a43f09ce3d0e35ebf53a7f5723ecbf15a8667cfc53c26f6c,15
REVIEW_QUEUE/9e7abc1bb64ecc1047ce9bebc9d47445e0539f,PATH:REVIEW_QUEUE/9e7abc1bb64ecc1047ce9bebc9d47445e0539f,path_locator_only,recovery_review_queue,no_extension,recovered_git_object:tracked,tracked,none_recovery_evidence,unclassified_recovery,unresolved,unique,binary,retain_recovery_evidence_in_reversible_quarantine,24dc1932b17bc1ff9a2f7b9905d0e7a3efded82a9bea6839c955c071deda778d,150
REVIEW_QUEUE/9eaca370f3e615272377215d08a434df1dfe3a,PATH:REVIEW_QUEUE/9eaca370f3e615272377215d08a434df1dfe3a,path_locator_only,recovery_review_queue,no_extension,recovered_git_object:tracked,tracked,none_recovery_evidence,unclassified_recovery,unresolved,unique,binary,retain_recovery_evidence_in_reversible_quarantine,4d0e67512bd9a093170485394e48c455e003fe4f29ae5a543ed5195f22bbf413,626
REVIEW_QUEUE/9eada4575d4e2dee6d543baaf5b829cc743a6d,PATH:REVIEW_QUEUE/9eada4575d4e2dee6d543baaf5b829cc743a6d,path_locator_only,recovery_review_queue,no_extension,recovered_git_object:tracked,tracked,none_recovery_evidence,unclassified_recovery,unresolved,unique,binary,retain_recovery_evidence_in_reversible_quarantine,d3391ba174d7267a76802c6d0de5057ab71d310c964f40138b78ef351c0030b9,82
REVIEW_QUEUE/9f087802b6c7653a61522dfd35c0870e5ac7b6,PATH:REVIEW_QUEUE/9f087802b6c7653a61522dfd35c0870e5ac7b6,path_locator_only,recovery_review_queue,no_extension,recovered_git_object:tracked,tracked,none_recovery_evidence,unclassified_recovery,unresolved,unique,binary,retain_recovery_evidence_in_reversible_quarantine,cc036746211410aad06612f7a96f3e92d477c6a41b8aa43adc3e3a974c995d3a,224
REVIEW_QUEUE/9f252ff31ec9d37929a0b50ffc6f375a49f850,PATH:REVIEW_QUEUE/9f252ff31ec9d37929a0b50ffc6f375a49f850,path_locator_only,recovery_review_queue,no_extension,recovered_git_object:tracked,tracked,none_recovery_evidence,unclassified_recovery,unresolved,unique,binary_or_unknown_encoding,retain_recovery_evidence_in_reversible_quarantine,ff5dc5a2f7f67f9c168d7b484ff591b9a215f13ef5723a7118c7baca7cffe50e,210
REVIEW_QUEUE/9f2648365b519f2e10a3a3c3bbf40de88d2698,PATH:REVIEW_QUEUE/9f2648365b519f2e10a3a3c3bbf40de88d2698,path_locator_only,recovery_review_queue,no_extension,recovered_git_object:tracked,tracked,none_recovery_evidence,unclassified_recovery,unresolved,unique,binary,retain_recovery_evidence_in_reversible_quarantine,8d7178062a83a5d706bf78f0402d17d53ac0fd71f6397ecf7ebfbc9d042485cd,53
REVIEW_QUEUE/9f6892a3a8d41974d15276404956f554a62533,PATH:REVIEW_QUEUE/9f6892a3a8d41974d15276404956f554a62533,path_locator_only,recovery_review_queue,no_extension,recovered_git_object:tracked,tracked,none_recovery_evidence,unclassified_recovery,unresolved,unique,binary,retain_recovery_evidence_in_reversible_quarantine,a95d0211b8e9730edcfd21c3aed5f9aa2988a1285bca1a08a310e88ea5cef377,3210
REVIEW_QUEUE/Ai__Venture_Engine.docx,PATH:REVIEW_QUEUE/Ai__Venture_Engine.docx,path_locator_only,recovery_review_queue,docx,recovery_review_material:tracked,tracked,none_recovery_evidence,unclassified_recovery,unresolved,unique,binary,retain_in_review_queue_pending_lineage_and_semantic_review,9267bbf0b4aae484167c527e0ae2e5a6bb2ebe3ba535f0430167d95390c7c130,21037
REVIEW_QUEUE/BREAKPOINT.md,PATH:REVIEW_QUEUE/BREAKPOINT.md,path_locator_only,recovery_review_queue,md,recovery_review_material:tracked,tracked,none_recovery_evidence,unclassified_recovery,unresolved,unique,utf8,retain_in_review_queue_pending_lineage_and_semantic_review,a6cd14f845bb03e8d5af3cd31d89fe827dfa5fd8c48f3a3c6ff268f76de4d7de,2067
REVIEW_QUEUE/COMMIT_EDITMSG,PATH:REVIEW_QUEUE/COMMIT_EDITMSG,path_locator_only,recovery_review_queue,no_extension,recovery_review_material:tracked,tracked,none_recovery_evidence,unclassified_recovery,unresolved,unique,utf8,retain_in_review_queue_pending_lineage_and_semantic_review,629b24bc566aba6a90c75e6e82bb097b0a208a8cb305be21067a1f6835b62740,47
REVIEW_QUEUE/Compliance_Checklist.docx,PATH:REVIEW_QUEUE/Compliance_Checklist.docx,path_locator_only,recovery_review_queue,docx,recovery_review_material:tracked,tracked,none_recovery_evidence,unclassified_recovery,unresolved,unique,binary,retain_in_review_queue_pending_lineage_and_semantic_review,91588ae79a268f091cbde987cd15deb2af173643ec026149c8af1d2ade0005ad,38144
REVIEW_QUEUE/HEAD,PATH:REVIEW_QUEUE/HEAD,path_locator_only,recovery_review_queue,no_extension,recovery_review_material:tracked,tracked,none_recovery_evidence,unclassified_recovery,unresolved,unique,utf8,retain_in_review_queue_pending_lineage_and_semantic_review,f6f2b945f6c411b02ba3da9c7ace88dcf71b6af65ba2e0d89aa82900042b5a10,23
REVIEW_QUEUE/How_to_Run_PLC_1_Discovery.md,PATH:REVIEW_QUEUE/How_to_Run_PLC_1_Discovery.md,path_locator_only,recovery_review_queue,md,recovery_review_material:tracked,tracked,none_recovery_evidence,unclassified_recovery,unresolved,unique,utf8,retain_in_review_queue_pending_lineage_and_semantic_review,1837df9efe2f7289d5243b290d7d96e0dcb096c70ceb1eb9f26b7c3315e9eb9e,8748
REVIEW_QUEUE/MIGRATION_MAP.csv,PATH:REVIEW_QUEUE/MIGRATION_MAP.csv,path_locator_only,recovery_review_queue,csv,recovery_review_material:tracked,tracked,none_recovery_evidence,unclassified_recovery,unresolved,unique,utf8,retain_in_review_queue_pending_lineage_and_semantic_review,bb8de4bd8322f0856a566652dbb0d9d9d72fe5b4a0f6665f9270fcac285c69a4,76848
REVIEW_QUEUE/MIGRATION_REPORT.md,PATH:REVIEW_QUEUE/MIGRATION_REPORT.md,path_locator_only,recovery_review_queue,md,recovery_review_material:tracked,tracked,none_recovery_evidence,unclassified_recovery,unresolved,unique,utf8,retain_in_review_queue_pending_lineage_and_semantic_review,f0cf8cf958450c5346ca925ccef4789a2b66ef0e7dee232d1c38be62cdb0e34e,1255
REVIEW_QUEUE/PKG-INFO,PATH:REVIEW_QUEUE/PKG-INFO,path_locator_only,recovery_review_queue,no_extension,recovery_review_material:tracked,tracked,none_recovery_evidence,unclassified_recovery,unresolved,unique,utf8,retain_in_review_queue_pending_lineage_and_semantic_review,4c252c8877b81c0bd6a5d380cc8ae813a9ffa94f75ff8667b347c6b068aa2fb3,223
REVIEW_QUEUE/PLC_IaaC_1_6_Discovery_Outcomes.md,PATH:REVIEW_QUEUE/PLC_IaaC_1_6_Discovery_Outcomes.md,path_locator_only,recovery_review_queue,md,recovery_review_material:tracked,tracked,none_recovery_evidence,unclassified_recovery,unresolved,unique,utf8,retain_in_review_queue_pending_lineage_and_semantic_review,35c861800ebe41c0454ad60fea9a5f5864b289868c9ad84d95e9b76d35964fe0,11471
REVIEW_QUEUE/PLC_META_1_6_Discovery_Outcomes_Template.md,PATH:REVIEW_QUEUE/PLC_META_1_6_Discovery_Outcomes_Template.md,path_locator_only,recovery_review_queue,md,recovery_review_material:tracked,tracked,none_recovery_evidence,unclassified_recovery,unresolved,unique,utf8,retain_in_review_queue_pending_lineage_and_semantic_review,ef87390bec6bf52a29968ae048f1af14f7a056d8dad95e60967c58c42fa40753,10364
REVIEW_QUEUE/Properties_Dictionary.md,PATH:REVIEW_QUEUE/Properties_Dictionary.md,path_locator_only,recovery_review_queue,md,recovery_review_material:tracked,tracked,none_recovery_evidence,unclassified_recovery,unresolved,unique,utf8,retain_in_review_queue_pending_lineage_and_semantic_review,3fe7c30d545de7f3f97b92f3d656633dac5cd6c83ac8bafb8c919b07dc9ddaca,21544
REVIEW_QUEUE/README.md,PATH:REVIEW_QUEUE/README.md,path_locator_only,recovery_review_queue,md,recovery_review_material:tracked,tracked,none_recovery_evidence,unclassified_recovery,unresolved,unique,utf8,retain_in_review_queue_pending_lineage_and_semantic_review,37401deef069ad00423045c84b04d58a1560687193150791e387279b8b6ab5dc,2096
REVIEW_QUEUE/SOURCES.txt,PATH:REVIEW_QUEUE/SOURCES.txt,path_locator_only,recovery_review_queue,txt,recovery_review_material:tracked,tracked,none_recovery_evidence,unclassified_recovery,unresolved,unique,utf8,retain_in_review_queue_pending_lineage_and_semantic_review,af793c5fd0436e5ab301b64b9167792ce763661854f31ae4a5a4049b0a9a7340,322
REVIEW_QUEUE/SYMK-CHARTER-001_The_SymK_Charter_v0.1.md,SYMK-CHARTER-001,detected_in_content,recovery_review_queue,md,recovery_review_material:tracked,tracked,none_recovery_evidence,declared:Foundational Charter (Draft),unresolved,unique,utf8,retain_in_review_queue_pending_lineage_and_semantic_review,6c903ec49736cdaea14d30bbc61d19b58d2df0884987c8e28b0558f8488a23e8,4509
REVIEW_QUEUE/Session_Starter.docx,PATH:REVIEW_QUEUE/Session_Starter.docx,path_locator_only,recovery_review_queue,docx,recovery_review_material:tracked,tracked,none_recovery_evidence,unclassified_recovery,unresolved,unique,binary,retain_in_review_queue_pending_lineage_and_semantic_review,8ed9ca54a55973586045085a22aa829dc35a71016e38f8b21aa598a0427259d2,22213
REVIEW_QUEUE/Skip_to_content.docx,PATH:REVIEW_QUEUE/Skip_to_content.docx,path_locator_only,recovery_review_queue,docx,recovery_review_material:tracked,tracked,none_recovery_evidence,unclassified_recovery,unresolved,unique,binary,retain_in_review_queue_pending_lineage_and_semantic_review,e120d855b851c61c8a7e60dbb13579d62d95ad71a43b98a127cd6085092dcf69,306972
REVIEW_QUEUE/SymK.iml,PATH:REVIEW_QUEUE/SymK.iml,path_locator_only,recovery_review_queue,iml,recovery_review_material:tracked,tracked,none_recovery_evidence,unclassified_recovery,unresolved,sha256:a7c389405d9f860c,utf8,retain_in_review_queue_pending_lineage_and_semantic_review,a7c389405d9f860c75686c29de05f6e836ab433f77054c81f6598c23909d36dd,653
REVIEW_QUEUE/SymK_Full_Product_Lifecycle_Framework_v1.docx,PATH:REVIEW_QUEUE/SymK_Full_Product_Lifecycle_Framework_v1.docx,path_locator_only,recovery_review_queue,docx,recovery_review_material:tracked,tracked,none_recovery_evidence,unclassified_recovery,unresolved,unique,binary,retain_in_review_queue_pending_lineage_and_semantic_review,1dd33ec5c4d798974357dff1308446fd2f52adee43242fe1a01284648c075c09,25387
REVIEW_QUEUE/SymK_Postgres_JSON_Design_Conversation_2025-12-12.md,PATH:REVIEW_QUEUE/SymK_Postgres_JSON_Design_Conversation_2025-12-12.md,path_locator_only,recovery_review_queue,md,recovery_review_material:tracked,tracked,none_recovery_evidence,unclassified_recovery,unresolved,unique,utf8,retain_in_review_queue_pending_lineage_and_semantic_review,6a94194dd5617277aaa28189a2d82a6a886ef03e850f48fc0dcd4b118dafb8f5,14333
REVIEW_QUEUE/SymK_Product_Designers_Manual.md,PATH:REVIEW_QUEUE/SymK_Product_Designers_Manual.md,path_locator_only,recovery_review_queue,md,recovery_review_material:tracked,tracked,none_recovery_evidence,unclassified_recovery,unresolved,unique,utf8,retain_in_review_queue_pending_lineage_and_semantic_review,cb09c0f6b2bc23d5cfcd202ac87dd4925a884430d022f11651b6d923469219e8,17189
REVIEW_QUEUE/SymK_Product_Designers_Manual.pdf,PATH:REVIEW_QUEUE/SymK_Product_Designers_Manual.pdf,path_locator_only,recovery_review_queue,pdf,recovery_review_material:tracked,tracked,none_recovery_evidence,unclassified_recovery,unresolved,unique,binary,retain_in_review_queue_pending_lineage_and_semantic_review,c6940db909de49cd6fb6207882a1b8c49d147da2b65e0b8cad0898b237563cdb,20040
REVIEW_QUEUE/SymK_Users_Manual.md,PATH:REVIEW_QUEUE/SymK_Users_Manual.md,path_locator_only,recovery_review_queue,md,recovery_review_material:tracked,tracked,none_recovery_evidence,unclassified_recovery,unresolved,unique,utf8,retain_in_review_queue_pending_lineage_and_semantic_review,93639001aa9e234b40f5e73f82338d0459ee311b3d01c318b273fa011e3f55ed,13875
REVIEW_QUEUE/Technical_Install_Manual.docx,PATH:REVIEW_QUEUE/Technical_Install_Manual.docx,path_locator_only,recovery_review_queue,docx,recovery_review_material:tracked,tracked,none_recovery_evidence,unclassified_recovery,unresolved,unique,binary,retain_in_review_queue_pending_lineage_and_semantic_review,faeeac15a628b85f31e65a31ca906f21fe6a0a8b072c45a4ebe8b82636323514,21705
REVIEW_QUEUE/UNCLASSIFIED_TODO.md,PATH:REVIEW_QUEUE/UNCLASSIFIED_TODO.md,path_locator_only,recovery_review_queue,md,recovery_review_material:tracked,tracked,none_recovery_evidence,unclassified_recovery,unresolved,unique,utf8,retain_in_review_queue_pending_lineage_and_semantic_review,0aa2cd091d66937b5d27dc61e20f4d481d2a040fb0440b4b58b90ba9dc14323b,18475
REVIEW_QUEUE/V2_1_CHANGES.md,PATH:REVIEW_QUEUE/V2_1_CHANGES.md,path_locator_only,recovery_review_queue,md,recovery_review_material:tracked,tracked,none_recovery_evidence,unclassified_recovery,unresolved,unique,utf8,retain_in_review_queue_pending_lineage_and_semantic_review,0d79e2231d090ccd1c3584391ace0d9674765e2314048331954386e300a4fe0d,1216
REVIEW_QUEUE/V2_1_MOVE_MAP.csv,PATH:REVIEW_QUEUE/V2_1_MOVE_MAP.csv,path_locator_only,recovery_review_queue,csv,recovery_review_material:tracked,tracked,none_recovery_evidence,unclassified_recovery,unresolved,unique,utf8,retain_in_review_queue_pending_lineage_and_semantic_review,8cf55b1128bd334757ea421b50d7d11549ea875012cc041b4f1cc64bd162c90a,24937
REVIEW_QUEUE/V2_2_CHANGES.md,PATH:REVIEW_QUEUE/V2_2_CHANGES.md,path_locator_only,recovery_review_queue,md,recovery_review_material:tracked,tracked,none_recovery_evidence,unclassified_recovery,unresolved,unique,utf8,retain_in_review_queue_pending_lineage_and_semantic_review,bb56337232de999f2795ed420f2f15c2a773e68308dc084a4e7ef2deacb692b5,901
REVIEW_QUEUE/V2_2_PATCH_MAP.csv,PATH:REVIEW_QUEUE/V2_2_PATCH_MAP.csv,path_locator_only,recovery_review_queue,csv,recovery_review_material:tracked,tracked,none_recovery_evidence,unclassified_recovery,unresolved,unique,utf8,retain_in_review_queue_pending_lineage_and_semantic_review,74773dddadff8487230a30d8496057d590c2e70fcf5e1e0316535a243ef9fec8,364
REVIEW_QUEUE/V2_3_BREAKPOINT_CHANGES.md,PATH:REVIEW_QUEUE/V2_3_BREAKPOINT_CHANGES.md,path_locator_only,recovery_review_queue,md,recovery_review_material:tracked,tracked,none_recovery_evidence,unclassified_recovery,unresolved,unique,utf8,retain_in_review_queue_pending_lineage_and_semantic_review,ddcb9af70ab3cfb429c3e37335f15bbbffa53a968897a29e4c1fcd4d47ddae7e,374
REVIEW_QUEUE/__init__.py,PATH:REVIEW_QUEUE/__init__.py,path_locator_only,recovery_review_queue,py,recovery_review_material:tracked,tracked,none_recovery_evidence,unclassified_recovery,unresolved,unique,utf8,retain_in_review_queue_pending_lineage_and_semantic_review,6676b2ba8346732f687eb03e47d27c7cb2aae05387fbc00bf6f30fce1606e29e,79
REVIEW_QUEUE/__main__.py,PATH:REVIEW_QUEUE/__main__.py,path_locator_only,recovery_review_queue,py,recovery_review_material:tracked,tracked,none_recovery_evidence,unclassified_recovery,unresolved,unique,utf8,retain_in_review_queue_pending_lineage_and_semantic_review,ad7261d12d1f4522d6bb0a48ad4cf36a79c12f3d7db3df337e001fa7f6f77854,127
REVIEW_QUEUE/a16f160179a7204f21ee86b53c5a8f3f28a61c,PATH:REVIEW_QUEUE/a16f160179a7204f21ee86b53c5a8f3f28a61c,path_locator_only,recovery_review_queue,no_extension,recovered_git_object:tracked,tracked,none_recovery_evidence,unclassified_recovery,unresolved,unique,binary,retain_recovery_evidence_in_reversible_quarantine,eecd3e22fa2dcf4b4eb13a26df930c627119e3212b1b7755b1d9d2569693534b,2185
REVIEW_QUEUE/a1948016a5d039ed6864fdd266588ffb1759c7,PATH:REVIEW_QUEUE/a1948016a5d039ed6864fdd266588ffb1759c7,path_locator_only,recovery_review_queue,no_extension,recovered_git_object:tracked,tracked,none_recovery_evidence,unclassified_recovery,unresolved,unique,binary,retain_recovery_evidence_in_reversible_quarantine,9df47b1e902ba3244140b37ebf7ca8c093af3249d04a9cc646079aaccdb2d3f3,95
REVIEW_QUEUE/a25d057e57d293962b3ab833620f2242063e0c,PATH:REVIEW_QUEUE/a25d057e57d293962b3ab833620f2242063e0c,path_locator_only,recovery_review_queue,no_extension,recovered_git_object:tracked,tracked,none_recovery_evidence,unclassified_recovery,unresolved,unique,binary,retain_recovery_evidence_in_reversible_quarantine,9297ab9b040dff905622388340bdc5e7a375bd691767639a8a6f6c562b737dc1,1064
REVIEW_QUEUE/a3dcb0608c8ee0b16862668c3e7dca581cc37b,PATH:REVIEW_QUEUE/a3dcb0608c8ee0b16862668c3e7dca581cc37b,path_locator_only,recovery_review_queue,no_extension,recovered_git_object:tracked,tracked,none_recovery_evidence,unclassified_recovery,unresolved,unique,binary,retain_recovery_evidence_in_reversible_quarantine,c98652938ef032106bce1360214d1f733b018ec6e1c516826ea9430084c47b83,509
REVIEW_QUEUE/a405a170cd9eb2fee3f4f4968888de6047d654,PATH:REVIEW_QUEUE/a405a170cd9eb2fee3f4f4968888de6047d654,path_locator_only,recovery_review_queue,no_extension,recovered_git_object:tracked,tracked,none_recovery_evidence,unclassified_recovery,unresolved,unique,binary,retain_recovery_evidence_in_reversible_quarantine,e11391903c50ae84aeb34e39bda09e1680146d77b2d45a873d700de371bb8356,1143
REVIEW_QUEUE/a44b3dc6df1684ee16bff46caa7855070039eb,PATH:REVIEW_QUEUE/a44b3dc6df1684ee16bff46caa7855070039eb,path_locator_only,recovery_review_queue,no_extension,recovered_git_object:tracked,tracked,none_recovery_evidence,unclassified_recovery,unresolved,unique,binary,retain_recovery_evidence_in_reversible_quarantine,051393fb18839b2cbef17072d95dbde1a22c799e68e74667030c3858b88b8d4a,1194
REVIEW_QUEUE/a71aac5276e1bb2fdd8db7af9db4fa8bf8b3cc,PATH:REVIEW_QUEUE/a71aac5276e1bb2fdd8db7af9db4fa8bf8b3cc,path_locator_only,recovery_review_queue,no_extension,recovered_git_object:tracked,tracked,none_recovery_evidence,unclassified_recovery,unresolved,unique,binary,retain_recovery_evidence_in_reversible_quarantine,087050e5af9f3f54f8297f10200c88b4e8467572471c0299f85744fe050b5fca,717
REVIEW_QUEUE/a7c4a7d3ec4156d71211c46e35d0e222d7cc08,PATH:REVIEW_QUEUE/a7c4a7d3ec4156d71211c46e35d0e222d7cc08,path_locator_only,recovery_review_queue,no_extension,recovered_git_object:tracked,tracked,none_recovery_evidence,unclassified_recovery,unresolved,unique,binary,retain_recovery_evidence_in_reversible_quarantine,35c8c3740ec53e3064a48d5f7fae69ea0ffb922bfd47564192b97b2815603d6b,35745
REVIEW_QUEUE/a82b24ec5cf806213151b78781d5f7b033dce7,PATH:REVIEW_QUEUE/a82b24ec5cf806213151b78781d5f7b033dce7,path_locator_only,recovery_review_queue,no_extension,recovered_git_object:tracked,tracked,none_recovery_evidence,unclassified_recovery,unresolved,unique,binary,retain_recovery_evidence_in_reversible_quarantine,bc0600850f6b15a45895487078084cc1ccc9024c9724c8dc9d522a8fc38c4b72,650
REVIEW_QUEUE/a86c6ba243b878e106d60504f08d807dbfb344,PATH:REVIEW_QUEUE/a86c6ba243b878e106d60504f08d807dbfb344,path_locator_only,recovery_review_queue,no_extension,recovered_git_object:tracked,tracked,none_recovery_evidence,unclassified_recovery,unresolved,unique,binary,retain_recovery_evidence_in_reversible_quarantine,22c71849d3ec4f30689ae75c3fba8512979841a030312b6eba9c51e5bf9e02ad,431
REVIEW_QUEUE/a8c4ae6d398dcef3f96a7965c42867fe144249,PATH:REVIEW_QUEUE/a8c4ae6d398dcef3f96a7965c42867fe144249,path_locator_only,recovery_review_queue,no_extension,recovered_git_object:tracked,tracked,none_recovery_evidence,unclassified_recovery,unresolved,unique,binary,retain_recovery_evidence_in_reversible_quarantine,60eb8bf25d66f940933f5f9a577391779e56d6eb337df9578aca8d55531842f1,164
REVIEW_QUEUE/a8cfbf4fb73690ccd380dcb23940355bef9715,PATH:REVIEW_QUEUE/a8cfbf4fb73690ccd380dcb23940355bef9715,path_locator_only,recovery_review_queue,no_extension,recovered_git_object:tracked,tracked,none_recovery_evidence,unclassified_recovery,unresolved,unique,binary,retain_recovery_evidence_in_reversible_quarantine,a59ff1754159c1f916e29854c95f59f469abecc7f62cbb7943bdd5b5f3f48dae,540
REVIEW_QUEUE/a8f04b0236c8e1b8c4c332896f111dc997ef02,PATH:REVIEW_QUEUE/a8f04b0236c8e1b8c4c332896f111dc997ef02,path_locator_only,recovery_review_queue,no_extension,recovered_git_object:tracked,tracked,none_recovery_evidence,unclassified_recovery,unresolved,unique,binary,retain_recovery_evidence_in_reversible_quarantine,ff13e6360fb982ae04bf5becd1bf14569723ea8739128a0295fad4e99ba3428d,175
REVIEW_QUEUE/a8f95e81d80fbe0e48f1df56d0e53acd991346,PATH:REVIEW_QUEUE/a8f95e81d80fbe0e48f1df56d0e53acd991346,path_locator_only,recovery_review_queue,no_extension,recovered_git_object:tracked,tracked,none_recovery_evidence,unclassified_recovery,unresolved,unique,binary,retain_recovery_evidence_in_reversible_quarantine,f5d6849689971806be1053bc1dae85afc0010e2dca80c887c704e127811e75e9,161
REVIEW_QUEUE/a91c5adeb91028f5e96ccfadab9b6e5e6f2482,PATH:REVIEW_QUEUE/a91c5adeb91028f5e96ccfadab9b6e5e6f2482,path_locator_only,recovery_review_queue,no_extension,recovered_git_object:tracked,tracked,none_recovery_evidence,unclassified_recovery,unresolved,unique,binary,retain_recovery_evidence_in_reversible_quarantine,7731334816ccf8f868cf857a244f7c282aa24e159cf2f049d7bcd0b00098d82f,363
REVIEW_QUEUE/aa2f3d6d42fe23a5598dbcc22b85049a75750c,PATH:REVIEW_QUEUE/aa2f3d6d42fe23a5598dbcc22b85049a75750c,path_locator_only,recovery_review_queue,no_extension,recovered_git_object:tracked,tracked,none_recovery_evidence,unclassified_recovery,unresolved,unique,binary,retain_recovery_evidence_in_reversible_quarantine,a9e5c6c98dbddf7369dbb5bbc29b9f41e56c4d3fa0246877bc69198ba60fb1ae,703
REVIEW_QUEUE/ab54f6282819e4d9224f3abf90066fa652b760,PATH:REVIEW_QUEUE/ab54f6282819e4d9224f3abf90066fa652b760,path_locator_only,recovery_review_queue,no_extension,recovered_git_object:tracked,tracked,none_recovery_evidence,unclassified_recovery,unresolved,unique,binary,retain_recovery_evidence_in_reversible_quarantine,7e2cad11555dc19d165670ca4d1360073f95c11168d4f231379848c46ad00c74,1129
REVIEW_QUEUE/aba537e620845cd4c0f12711cb8319a15831a7,PATH:REVIEW_QUEUE/aba537e620845cd4c0f12711cb8319a15831a7,path_locator_only,recovery_review_queue,no_extension,recovered_git_object:tracked,tracked,none_recovery_evidence,unclassified_recovery,unresolved,unique,binary,retain_recovery_evidence_in_reversible_quarantine,87c9ec8ccc69e131ef931e67a813ee37388d4861169ae2637f4c84701562b993,74
REVIEW_QUEUE/ac8bd16801221359443a4ede40b26c388c26d5,PATH:REVIEW_QUEUE/ac8bd16801221359443a4ede40b26c388c26d5,path_locator_only,recovery_review_queue,no_extension,recovered_git_object:tracked,tracked,none_recovery_evidence,unclassified_recovery,unresolved,unique,binary,retain_recovery_evidence_in_reversible_quarantine,e8fdbd4c220f7393304f851f0fd889af70f5651247ce28e94e1eb1a942f50c70,2629
REVIEW_QUEUE/aca0e5fdc7e1496735c0138602c3a84f7900a1,PATH:REVIEW_QUEUE/aca0e5fdc7e1496735c0138602c3a84f7900a1,path_locator_only,recovery_review_queue,no_extension,recovered_git_object:tracked,tracked,none_recovery_evidence,unclassified_recovery,unresolved,unique,binary,retain_recovery_evidence_in_reversible_quarantine,616b33ddb340506dd9181710cbf53e275462224f0fb4e675005279df8b58bf4c,19497
REVIEW_QUEUE/ad90c69c865b74d3f8f56a43ddb48ed74d71d7,PATH:REVIEW_QUEUE/ad90c69c865b74d3f8f56a43ddb48ed74d71d7,path_locator_only,recovery_review_queue,no_extension,recovered_git_object:tracked,tracked,none_recovery_evidence,unclassified_recovery,unresolved,unique,binary,retain_recovery_evidence_in_reversible_quarantine,f4cc5289f3fa21935cd426a97df3ccb01be708263e897aeab9fa65a007cf76b4,277
REVIEW_QUEUE/adc0b392ccdc12c02414364da6c9722ad8a120,PATH:REVIEW_QUEUE/adc0b392ccdc12c02414364da6c9722ad8a120,path_locator_only,recovery_review_queue,no_extension,recovered_git_object:tracked,tracked,none_recovery_evidence,unclassified_recovery,unresolved,unique,binary,retain_recovery_evidence_in_reversible_quarantine,7303f6ba99643392a46f6552a646c6ec6b4e6f828e51bfe8078d05d5441083a3,362
REVIEW_QUEUE/aed7013dd12e2b708ba91cf7b594b083628526,PATH:REVIEW_QUEUE/aed7013dd12e2b708ba91cf7b594b083628526,path_locator_only,recovery_review_queue,no_extension,recovered_git_object:tracked,tracked,none_recovery_evidence,unclassified_recovery,unresolved,unique,binary,retain_recovery_evidence_in_reversible_quarantine,01ccfbfdacbc66522d5c076eeec8e4bb93bee56b02b968f7afec5d0b2d0488d2,609
REVIEW_QUEUE/aed842407b6df499ca8b8d6be8fcc21b5ca728,PATH:REVIEW_QUEUE/aed842407b6df499ca8b8d6be8fcc21b5ca728,path_locator_only,recovery_review_queue,no_extension,recovered_git_object:tracked,tracked,none_recovery_evidence,unclassified_recovery,unresolved,unique,binary,retain_recovery_evidence_in_reversible_quarantine,ee819c984ffadfefa5e1a1bcc56577a6b68da079ca84a83e48093389682c3ee2,1787
REVIEW_QUEUE/ai_future_translation_ptbr_full.pdf,PATH:REVIEW_QUEUE/ai_future_translation_ptbr_full.pdf,path_locator_only,recovery_review_queue,pdf,recovery_review_material:tracked,tracked,none_recovery_evidence,unclassified_recovery,unresolved,unique,binary,retain_in_review_queue_pending_lineage_and_semantic_review,14177cd3b16d04686ac863ea0910b729979c72880f7d6f415f250339dc836e13,68393
REVIEW_QUEUE/applypatch-msg.sample,PATH:REVIEW_QUEUE/applypatch-msg.sample,path_locator_only,recovery_review_queue,sample,recovery_review_material:tracked,tracked,none_recovery_evidence,unclassified_recovery,unresolved,unique,utf8,retain_in_review_queue_pending_lineage_and_semantic_review,0223497a0b8b033aa58a3a521b8629869386cf7ab0e2f101963d328aa62193f7,478
REVIEW_QUEUE/b0ab4e21299eed9d8abf27f23f473df5ebe421,PATH:REVIEW_QUEUE/b0ab4e21299eed9d8abf27f23f473df5ebe421,path_locator_only,recovery_review_queue,no_extension,recovered_git_object:tracked,tracked,none_recovery_evidence,unclassified_recovery,unresolved,unique,binary,retain_recovery_evidence_in_reversible_quarantine,226661d7c7f3e2d5580606b74aafbda2b6a8552e15e3940cad43a80f6c4adfbb,6419
REVIEW_QUEUE/b0d79b1ca589ff80e74bf96ea6356a395c3abb,PATH:REVIEW_QUEUE/b0d79b1ca589ff80e74bf96ea6356a395c3abb,path_locator_only,recovery_review_queue,no_extension,recovered_git_object:tracked,tracked,none_recovery_evidence,unclassified_recovery,unresolved,unique,binary,retain_recovery_evidence_in_reversible_quarantine,b87a97e80587c48b0e2b25948ea2719402437dfc07d5d1f9d380a9d6547b05f9,583
REVIEW_QUEUE/b118d63d995004fa3580f3078ca4d734c96183,PATH:REVIEW_QUEUE/b118d63d995004fa3580f3078ca4d734c96183,path_locator_only,recovery_review_queue,no_extension,recovered_git_object:tracked,tracked,none_recovery_evidence,unclassified_recovery,unresolved,unique,binary,retain_recovery_evidence_in_reversible_quarantine,68ddfb344ecfb25e80d8c60191a6c63561e20dd8d3f4b927f880cbcbfdb3a511,90
REVIEW_QUEUE/b16ff852f4225101e8ae343b85f2e7f8018f1a,PATH:REVIEW_QUEUE/b16ff852f4225101e8ae343b85f2e7f8018f1a,path_locator_only,recovery_review_queue,no_extension,recovered_git_object:tracked,tracked,none_recovery_evidence,unclassified_recovery,unresolved,unique,binary,retain_recovery_evidence_in_reversible_quarantine,b8cc065406eceb8e57832491db00b08c6d0c548bbaaa52cfec6f8e21f67d3e48,147
REVIEW_QUEUE/b35370202e5a9d614effd0be2117282a1901ac,PATH:REVIEW_QUEUE/b35370202e5a9d614effd0be2117282a1901ac,path_locator_only,recovery_review_queue,no_extension,recovered_git_object:tracked,tracked,none_recovery_evidence,unclassified_recovery,unresolved,unique,binary,retain_recovery_evidence_in_reversible_quarantine,66a86ffde6a291894767f23c80a951311066a2348e254224ddaafb7320982073,481
REVIEW_QUEUE/b4318876be8998ee70f78aab491de171941a83,PATH:REVIEW_QUEUE/b4318876be8998ee70f78aab491de171941a83,path_locator_only,recovery_review_queue,no_extension,recovered_git_object:tracked,tracked,none_recovery_evidence,unclassified_recovery,unresolved,unique,binary,retain_recovery_evidence_in_reversible_quarantine,9b8042210089ccd97583e0014a255cbaf25e1b8683ecf18f3caf5d459402129f,70
REVIEW_QUEUE/b4ccb99f4c8220798b13750907c1d0a5a948c5,PATH:REVIEW_QUEUE/b4ccb99f4c8220798b13750907c1d0a5a948c5,path_locator_only,recovery_review_queue,no_extension,recovered_git_object:tracked,tracked,none_recovery_evidence,unclassified_recovery,unresolved,unique,binary,retain_recovery_evidence_in_reversible_quarantine,d54cd0378658856b0504097a7ebcc4eeb37d3e9da3aea4621424e5181b613514,973
REVIEW_QUEUE/b522c62cc2deeba38105274dcf1dcc1b29b7ee,PATH:REVIEW_QUEUE/b522c62cc2deeba38105274dcf1dcc1b29b7ee,path_locator_only,recovery_review_queue,no_extension,recovered_git_object:tracked,tracked,none_recovery_evidence,unclassified_recovery,unresolved,unique,binary,retain_recovery_evidence_in_reversible_quarantine,95fe1c369f72c6dc32262a274a4d17f116090bad8c4bb98e3a113d48cfdaec3e,584
REVIEW_QUEUE/b643b01446faafd2216a90d3e96cbca24121cc,PATH:REVIEW_QUEUE/b643b01446faafd2216a90d3e96cbca24121cc,path_locator_only,recovery_review_queue,no_extension,recovered_git_object:tracked,tracked,none_recovery_evidence,unclassified_recovery,unresolved,unique,binary,retain_recovery_evidence_in_reversible_quarantine,b0bafcc70b469045772f18821f558fadf6e7db7be4f7a33c37fc892478fdc1d6,582
REVIEW_QUEUE/b6ccf95109cae06ad1acb995cd7701bf72b506,PATH:REVIEW_QUEUE/b6ccf95109cae06ad1acb995cd7701bf72b506,path_locator_only,recovery_review_queue,no_extension,recovered_git_object:tracked,tracked,none_recovery_evidence,unclassified_recovery,unresolved,unique,binary,retain_recovery_evidence_in_reversible_quarantine,f582ffe90270145094f343c1c08d91ae3475f626a716cd4309d952f0dd3f81a7,365
REVIEW_QUEUE/b6f4cdb742152798c6d278a9eb063cefe8d778,PATH:REVIEW_QUEUE/b6f4cdb742152798c6d278a9eb063cefe8d778,path_locator_only,recovery_review_queue,no_extension,recovered_git_object:tracked,tracked,none_recovery_evidence,unclassified_recovery,unresolved,unique,binary,retain_recovery_evidence_in_reversible_quarantine,aadd271bebc437c8054d44d69f3630c7c79fa3766f72eaae3f4e385b92d8b1dd,586
REVIEW_QUEUE/b800dd18b1d754a65b1b17f49ad5bb0f268748,PATH:REVIEW_QUEUE/b800dd18b1d754a65b1b17f49ad5bb0f268748,path_locator_only,recovery_review_queue,no_extension,recovered_git_object:tracked,tracked,none_recovery_evidence,unclassified_recovery,unresolved,unique,binary,retain_recovery_evidence_in_reversible_quarantine,1319e06504cd92b3dc0bdf94f05d1ef4e38df85057f4c8b876da62171dbc5667,151
REVIEW_QUEUE/b82d39ffe10f22c4dcf225db094cf0236340e3,PATH:REVIEW_QUEUE/b82d39ffe10f22c4dcf225db094cf0236340e3,path_locator_only,recovery_review_queue,no_extension,recovered_git_object:tracked,tracked,none_recovery_evidence,unclassified_recovery,unresolved,unique,binary,retain_recovery_evidence_in_reversible_quarantine,7a974da55dd675c02f85e334ccc34f2559ef62981d980fc19acf56a55234ec89,7640
REVIEW_QUEUE/b8b756a616c195ade582a5911e87c4244b8bb8,PATH:REVIEW_QUEUE/b8b756a616c195ade582a5911e87c4244b8bb8,path_locator_only,recovery_review_queue,no_extension,recovered_git_object:tracked,tracked,none_recovery_evidence,unclassified_recovery,unresolved,unique,binary,retain_recovery_evidence_in_reversible_quarantine,845a405b30b044efd6c3986a35eef6cb77d27b2fb2258a4af58b9cfdda6f48a4,77
REVIEW_QUEUE/b9c70f326d9913174adf30846da00b7f47f908,PATH:REVIEW_QUEUE/b9c70f326d9913174adf30846da00b7f47f908,path_locator_only,recovery_review_queue,no_extension,recovered_git_object:tracked,tracked,none_recovery_evidence,unclassified_recovery,unresolved,unique,binary,retain_recovery_evidence_in_reversible_quarantine,bb229b5a213ec652fd88f3c2419ba1ad19ff682945ac7b201e76e6b77dff4740,29
REVIEW_QUEUE/b9ff0c26b0bd326c129f8ac4389b218eb8de16,PATH:REVIEW_QUEUE/b9ff0c26b0bd326c129f8ac4389b218eb8de16,path_locator_only,recovery_review_queue,no_extension,recovered_git_object:tracked,tracked,none_recovery_evidence,unclassified_recovery,unresolved,unique,binary,retain_recovery_evidence_in_reversible_quarantine,19d5530f360fb7d38f5b339f26f321d7ab390ffbc436a60e41ffb8478da5155b,509
REVIEW_QUEUE/bad5d20c36a4f629fbe0c69c42290207197b38,PATH:REVIEW_QUEUE/bad5d20c36a4f629fbe0c69c42290207197b38,path_locator_only,recovery_review_queue,no_extension,recovered_git_object:tracked,tracked,none_recovery_evidence,unclassified_recovery,unresolved,unique,binary,retain_recovery_evidence_in_reversible_quarantine,59debe09d2dde1f4370d644f901671a85b6f6b3298d45c6a525b0b3a5f1e3b8c,309
REVIEW_QUEUE/bb025ed219c99d5ed2a1658e8ac68034ee94e2,PATH:REVIEW_QUEUE/bb025ed219c99d5ed2a1658e8ac68034ee94e2,path_locator_only,recovery_review_queue,no_extension,recovered_git_object:tracked,tracked,none_recovery_evidence,unclassified_recovery,unresolved,unique,binary,retain_recovery_evidence_in_reversible_quarantine,609d4257dae45dd0910be3ca73584e574ff501e1c69aae33752c9c8fefb055c8,268
REVIEW_QUEUE/bb4732e0f76779fea2437a6939829c255ee393,PATH:REVIEW_QUEUE/bb4732e0f76779fea2437a6939829c255ee393,path_locator_only,recovery_review_queue,no_extension,recovered_git_object:tracked,tracked,none_recovery_evidence,unclassified_recovery,unresolved,unique,binary,retain_recovery_evidence_in_reversible_quarantine,cafa2be31f67b75e692748e5c35f4da4f79d5f10c0b61cdae78239aabb513f9a,54
REVIEW_QUEUE/bcd188e030bc2a237d4c8bc9ee7e7c69a97edd,PATH:REVIEW_QUEUE/bcd188e030bc2a237d4c8bc9ee7e7c69a97edd,path_locator_only,recovery_review_queue,no_extension,recovered_git_object:tracked,tracked,none_recovery_evidence,unclassified_recovery,unresolved,unique,binary,retain_recovery_evidence_in_reversible_quarantine,de9ac1ecfe3152fa268ec05a13cc436a5af19c50965a1a715b75ec1b5b84d636,108
REVIEW_QUEUE/bdc31d92b603756834b94d04daab8a4c74653d,PATH:REVIEW_QUEUE/bdc31d92b603756834b94d04daab8a4c74653d,path_locator_only,recovery_review_queue,no_extension,recovered_git_object:tracked,tracked,none_recovery_evidence,unclassified_recovery,unresolved,unique,binary,retain_recovery_evidence_in_reversible_quarantine,2624c29c159a37d028a6e43c5273b6d50dda1f7dbda62cb479d8b3834e46119e,1774
REVIEW_QUEUE/be044d505dbab489b7963adc44fdeeca5391ea,PATH:REVIEW_QUEUE/be044d505dbab489b7963adc44fdeeca5391ea,path_locator_only,recovery_review_queue,no_extension,recovered_git_object:tracked,tracked,none_recovery_evidence,unclassified_recovery,unresolved,unique,binary,retain_recovery_evidence_in_reversible_quarantine,38be9a77423bf6b6876d1660d4a402cf2cc1fd4cac3a4e3a7007218408e33a36,95
REVIEW_QUEUE/be98eae852461cd9433125a4478f7a82444d45,PATH:REVIEW_QUEUE/be98eae852461cd9433125a4478f7a82444d45,path_locator_only,recovery_review_queue,no_extension,recovered_git_object:tracked,tracked,none_recovery_evidence,unclassified_recovery,unresolved,unique,binary,retain_recovery_evidence_in_reversible_quarantine,b44272e437fbfea6972f3ecbffa932e6a71753f0b1a55483d5a923bbcf1ca988,4671
REVIEW_QUEUE/beafabfa74c3cc86e3bdf63e29843fc011d9b5,PATH:REVIEW_QUEUE/beafabfa74c3cc86e3bdf63e29843fc011d9b5,path_locator_only,recovery_review_queue,no_extension,recovered_git_object:tracked,tracked,none_recovery_evidence,unclassified_recovery,unresolved,unique,binary,retain_recovery_evidence_in_reversible_quarantine,416ecf6215267de9b328482953f332e1970fa9f1b62769229f29e8d25b162600,4404
REVIEW_QUEUE/beef726f40eb3af619a7bfcac8bdc16276b5e8,PATH:REVIEW_QUEUE/beef726f40eb3af619a7bfcac8bdc16276b5e8,path_locator_only,recovery_review_queue,no_extension,recovered_git_object:tracked,tracked,none_recovery_evidence,unclassified_recovery,unresolved,unique,binary,retain_recovery_evidence_in_reversible_quarantine,1706f3581a54286b6e0289109b1a41bceef740e2a852c77a2219a2cf2181b919,93
REVIEW_QUEUE/c0af99142e3e564a80d6821110a403224de02d,PATH:REVIEW_QUEUE/c0af99142e3e564a80d6821110a403224de02d,path_locator_only,recovery_review_queue,no_extension,recovered_git_object:tracked,tracked,none_recovery_evidence,unclassified_recovery,unresolved,unique,binary,retain_recovery_evidence_in_reversible_quarantine,dff7bb40a89ba7caa6f20ca712b711b3129f1e23ebee0ebf0dfef3958d1f39d1,200
REVIEW_QUEUE/c103f068e9e40b7a87836a739b2ddfe23cf21e,PATH:REVIEW_QUEUE/c103f068e9e40b7a87836a739b2ddfe23cf21e,path_locator_only,recovery_review_queue,no_extension,recovered_git_object:tracked,tracked,none_recovery_evidence,unclassified_recovery,unresolved,unique,binary,retain_recovery_evidence_in_reversible_quarantine,3642ae9585425fd8a83360aa325cc9e0e4f64c736ac7f01b288fd63e5aac12d1,34741
REVIEW_QUEUE/c12d19d062974945bed8ba22f55ac1d2024b0e,PATH:REVIEW_QUEUE/c12d19d062974945bed8ba22f55ac1d2024b0e,path_locator_only,recovery_review_queue,no_extension,recovered_git_object:tracked,tracked,none_recovery_evidence,unclassified_recovery,unresolved,unique,binary,retain_recovery_evidence_in_reversible_quarantine,5018d4ccd0037e91ccc0624fd5dc73b1bd1e2e0d814cc4eea1c0aee8af35beb0,3580
REVIEW_QUEUE/c133051aa114e296f9688836eaa9bbd18016db,PATH:REVIEW_QUEUE/c133051aa114e296f9688836eaa9bbd18016db,path_locator_only,recovery_review_queue,no_extension,recovered_git_object:tracked,tracked,none_recovery_evidence,unclassified_recovery,unresolved,unique,binary,retain_recovery_evidence_in_reversible_quarantine,2432033cd44d2383e4909716f87c6a08670da726b029859c8eb0f9e230605052,187
REVIEW_QUEUE/c20b2b2a01d3e34ee85769dd44da37ca2d889f,PATH:REVIEW_QUEUE/c20b2b2a01d3e34ee85769dd44da37ca2d889f,path_locator_only,recovery_review_queue,no_extension,recovered_git_object:tracked,tracked,none_recovery_evidence,unclassified_recovery,unresolved,unique,binary,retain_recovery_evidence_in_reversible_quarantine,0c3dcb0959fddd72ecc7391219a4c7d2092e924683aa5b66c9e8d3a7f19cd3ee,54
REVIEW_QUEUE/c271d8443f64836a1d31fef7cb4892cd92c3ee,PATH:REVIEW_QUEUE/c271d8443f64836a1d31fef7cb4892cd92c3ee,path_locator_only,recovery_review_queue,no_extension,recovered_git_object:tracked,tracked,none_recovery_evidence,unclassified_recovery,unresolved,unique,binary,retain_recovery_evidence_in_reversible_quarantine,90764d048602f61f648c3f24aa169dc46d80c324e4a675be310a529058823e1d,7293
REVIEW_QUEUE/c2949a0de8013796d2a83d4d0b3ef5e6ff1a66,PATH:REVIEW_QUEUE/c2949a0de8013796d2a83d4d0b3ef5e6ff1a66,path_locator_only,recovery_review_queue,no_extension,recovered_git_object:tracked,tracked,none_recovery_evidence,unclassified_recovery,unresolved,unique,binary,retain_recovery_evidence_in_reversible_quarantine,0177cdc31d8ea7ec1a76889aae0bda1b2f5d35968c827a9e33a5544cb65ef8a1,507
REVIEW_QUEUE/c29b4b56342c5f96ad1a7733f144daa2239b68,PATH:REVIEW_QUEUE/c29b4b56342c5f96ad1a7733f144daa2239b68,path_locator_only,recovery_review_queue,no_extension,recovered_git_object:tracked,tracked,none_recovery_evidence,unclassified_recovery,unresolved,unique,binary,retain_recovery_evidence_in_reversible_quarantine,d952a91a88f9bdfdc4ac856ba8f1bc875c7dfa5ba1166178b030d6b838c83cfc,141
REVIEW_QUEUE/c2bb282a84e64b08fc58d4bbb598b27e2f06e5,PATH:REVIEW_QUEUE/c2bb282a84e64b08fc58d4bbb598b27e2f06e5,path_locator_only,recovery_review_queue,no_extension,recovered_git_object:tracked,tracked,none_recovery_evidence,unclassified_recovery,unresolved,unique,binary_or_unknown_encoding,retain_recovery_evidence_in_reversible_quarantine,578b62dd39ac85ef20c6d2383966aace3c2cce5cc6750dc3668c3dc1f6b608a2,184
REVIEW_QUEUE/c2d12ed5ac0fa8bee787df14aa96c110fd211c,PATH:REVIEW_QUEUE/c2d12ed5ac0fa8bee787df14aa96c110fd211c,path_locator_only,recovery_review_queue,no_extension,recovered_git_object:tracked,tracked,none_recovery_evidence,unclassified_recovery,unresolved,unique,binary,retain_recovery_evidence_in_reversible_quarantine,b627bf5eab11c72e5f75622b838d1a430337f39a7ff4c9e57b6a14aa9c1ad39a,20967
REVIEW_QUEUE/c32e196f931be2db85bd2a06b6cb49fa487f0a,PATH:REVIEW_QUEUE/c32e196f931be2db85bd2a06b6cb49fa487f0a,path_locator_only,recovery_review_queue,no_extension,recovered_git_object:tracked,tracked,none_recovery_evidence,unclassified_recovery,unresolved,unique,binary,retain_recovery_evidence_in_reversible_quarantine,a68a9dd7d74ccba6de77b0e3048da9211459151a0144eacfcd92ea75a6a7bef2,53557
REVIEW_QUEUE/c3c7b1e2e691073dc22c4079395300bb871d45,PATH:REVIEW_QUEUE/c3c7b1e2e691073dc22c4079395300bb871d45,path_locator_only,recovery_review_queue,no_extension,recovered_git_object:tracked,tracked,none_recovery_evidence,unclassified_recovery,unresolved,unique,binary,retain_recovery_evidence_in_reversible_quarantine,6081a78cba41933fbc56a59c82e143005297f0396dae60b5c5f78b81b116bddd,62
REVIEW_QUEUE/c44a9f76ba77f57ff3ee78284881d3943193ac,PATH:REVIEW_QUEUE/c44a9f76ba77f57ff3ee78284881d3943193ac,path_locator_only,recovery_review_queue,no_extension,recovered_git_object:tracked,tracked,none_recovery_evidence,unclassified_recovery,unresolved,unique,binary,retain_recovery_evidence_in_reversible_quarantine,c2ad0c20bc2bbc2afde53dd97ef1cc07fb8f8bc66e3b9de34bdee31cb9c19f7e,694
REVIEW_QUEUE/c4bfc25a2040d08861a7f55674ad42ecac73fa,PATH:REVIEW_QUEUE/c4bfc25a2040d08861a7f55674ad42ecac73fa,path_locator_only,recovery_review_queue,no_extension,recovered_git_object:tracked,tracked,none_recovery_evidence,unclassified_recovery,unresolved,unique,binary,retain_recovery_evidence_in_reversible_quarantine,721664ec6e709e5b3f379b729fd60617abdd5b61543ccb9ace88cb2832af2e50,3731
REVIEW_QUEUE/c4cc8e16fc7fdced987f59c614b5c3e0fc7067,PATH:REVIEW_QUEUE/c4cc8e16fc7fdced987f59c614b5c3e0fc7067,path_locator_only,recovery_review_queue,no_extension,recovered_git_object:tracked,tracked,none_recovery_evidence,unclassified_recovery,unresolved,unique,binary,retain_recovery_evidence_in_reversible_quarantine,6baf6109ca9cf24081c07e90efce20707a457701dc78ccd00e820b60e9225c79,92
REVIEW_QUEUE/c4f38325e743c15f1df0d8d13f8ccb07c129a5,PATH:REVIEW_QUEUE/c4f38325e743c15f1df0d8d13f8ccb07c129a5,path_locator_only,recovery_review_queue,no_extension,recovered_git_object:tracked,tracked,none_recovery_evidence,unclassified_recovery,unresolved,unique,binary,retain_recovery_evidence_in_reversible_quarantine,440dcfc57e197ac30ea559ce9d8a0925b1782e4d257dee970e80413fb1426de4,300
REVIEW_QUEUE/c5de9e2c430f9f659c069c2c1c72210ba8abee,PATH:REVIEW_QUEUE/c5de9e2c430f9f659c069c2c1c72210ba8abee,path_locator_only,recovery_review_queue,no_extension,recovered_git_object:tracked,tracked,none_recovery_evidence,unclassified_recovery,unresolved,unique,binary,retain_recovery_evidence_in_reversible_quarantine,1a7805903796cfe14c7f6ba63c5a9f31b917bc5650786fb6b90708e7b872e88b,53
REVIEW_QUEUE/c6b5f3338b6b1bc93ad326bcf60bca212b0b89,PATH:REVIEW_QUEUE/c6b5f3338b6b1bc93ad326bcf60bca212b0b89,path_locator_only,recovery_review_queue,no_extension,recovered_git_object:tracked,tracked,none_recovery_evidence,unclassified_recovery,unresolved,unique,binary,retain_recovery_evidence_in_reversible_quarantine,fe99b7509a34b3e2114e8256317695a2a8906b07e9d4be60c171535c28ff211c,66
REVIEW_QUEUE/c6cf6eaea02c7b0df2990f31dedd56a39d9dc1,PATH:REVIEW_QUEUE/c6cf6eaea02c7b0df2990f31dedd56a39d9dc1,path_locator_only,recovery_review_queue,no_extension,recovered_git_object:tracked,tracked,none_recovery_evidence,unclassified_recovery,unresolved,unique,binary,retain_recovery_evidence_in_reversible_quarantine,1861ecfeaa65c458a18a2bddc6851274a0467c4d00c93847f3b8524ba7c13839,165
REVIEW_QUEUE/c6f018ffd6276ae20fd66fff7ea4a6055b3516,PATH:REVIEW_QUEUE/c6f018ffd6276ae20fd66fff7ea4a6055b3516,path_locator_only,recovery_review_queue,no_extension,recovered_git_object:tracked,tracked,none_recovery_evidence,unclassified_recovery,unresolved,unique,binary,retain_recovery_evidence_in_reversible_quarantine,d2bfe050d338ed40dddbe03cd5a5ef17fa8a4299424c3a6c0f16338660c53853,449
REVIEW_QUEUE/c91e6ae1f869c1776e254a98ed29eefa2d1317,PATH:REVIEW_QUEUE/c91e6ae1f869c1776e254a98ed29eefa2d1317,path_locator_only,recovery_review_queue,no_extension,recovered_git_object:tracked,tracked,none_recovery_evidence,unclassified_recovery,unresolved,unique,binary,retain_recovery_evidence_in_reversible_quarantine,a0d0341a0adfe8316fc897b2e7f4408f9af93512177890e490490f2978d445b1,53
REVIEW_QUEUE/c96997eee058774ba6c27f805aeeade28310c8,PATH:REVIEW_QUEUE/c96997eee058774ba6c27f805aeeade28310c8,path_locator_only,recovery_review_queue,no_extension,recovered_git_object:tracked,tracked,none_recovery_evidence,unclassified_recovery,unresolved,unique,binary,retain_recovery_evidence_in_reversible_quarantine,dd2d4f21269896ad8cfe5455ad4585986c8abf286bdd7b9a5d7788baf89a1b77,1494
REVIEW_QUEUE/c984d01987d460310ffd7a4574a18807686bca,PATH:REVIEW_QUEUE/c984d01987d460310ffd7a4574a18807686bca,path_locator_only,recovery_review_queue,no_extension,recovered_git_object:tracked,tracked,none_recovery_evidence,unclassified_recovery,unresolved,unique,binary,retain_recovery_evidence_in_reversible_quarantine,29de71c2fbd3cd75043f4109e4f517b8191625eba8ca2a3ef48e69ca95c2be37,585
REVIEW_QUEUE/c9b90a8843e9afa60592d973b01e86c4cd50f9,PATH:REVIEW_QUEUE/c9b90a8843e9afa60592d973b01e86c4cd50f9,path_locator_only,recovery_review_queue,no_extension,recovered_git_object:tracked,tracked,none_recovery_evidence,unclassified_recovery,unresolved,unique,binary,retain_recovery_evidence_in_reversible_quarantine,2de244fd381bc9fdde89cb5c801d2d8cbf93d628346c055bf4cf2dbf3d2989dc,3454
REVIEW_QUEUE/ca465715907880f5e3f71e40ac4b676c1a22c8,PATH:REVIEW_QUEUE/ca465715907880f5e3f71e40ac4b676c1a22c8,path_locator_only,recovery_review_queue,no_extension,recovered_git_object:tracked,tracked,none_recovery_evidence,unclassified_recovery,unresolved,unique,binary,retain_recovery_evidence_in_reversible_quarantine,ef9868949eb517b9e5aa48818c99c538257f7f4cb2d5f036d7d66f6adeafd38b,54
REVIEW_QUEUE/ca9c5c93bb8f0770f741b312dea45aa60911e7,PATH:REVIEW_QUEUE/ca9c5c93bb8f0770f741b312dea45aa60911e7,path_locator_only,recovery_review_queue,no_extension,recovered_git_object:tracked,tracked,none_recovery_evidence,unclassified_recovery,unresolved,unique,binary,retain_recovery_evidence_in_reversible_quarantine,cb0acfc814f4356308acb3e8a6fc7e43a4aa3949ca3c8eee818a19fbf5822563,1854
REVIEW_QUEUE/cad6308fbd0a2a348b1de41ef930c95572e062,PATH:REVIEW_QUEUE/cad6308fbd0a2a348b1de41ef930c95572e062,path_locator_only,recovery_review_queue,no_extension,recovered_git_object:tracked,tracked,none_recovery_evidence,unclassified_recovery,unresolved,unique,binary,retain_recovery_evidence_in_reversible_quarantine,4121b3832f090c39d9309f97730f92866532abe48349e6246d6a8af646609c37,194
REVIEW_QUEUE/cb03a52c32ecf66a05af256f2927507ebcb281,PATH:REVIEW_QUEUE/cb03a52c32ecf66a05af256f2927507ebcb281,path_locator_only,recovery_review_queue,no_extension,recovered_git_object:tracked,tracked,none_recovery_evidence,unclassified_recovery,unresolved,unique,binary,retain_recovery_evidence_in_reversible_quarantine,c0746426d2fa3add8e63b4262ffc286c3943bf17eb9027cb41726c1fe39c34c7,54
REVIEW_QUEUE/cb3b6618aee263a12abd43e388464a294d917e,PATH:REVIEW_QUEUE/cb3b6618aee263a12abd43e388464a294d917e,path_locator_only,recovery_review_queue,no_extension,recovered_git_object:tracked,tracked,none_recovery_evidence,unclassified_recovery,unresolved,unique,binary,retain_recovery_evidence_in_reversible_quarantine,555df1beba14aa41942b84354526c159bc4e32ead36f43fd2b3cfe3ce8ca719e,82
REVIEW_QUEUE/cb9579df02446452e9d2df0b4a90cc05fb3a2b,PATH:REVIEW_QUEUE/cb9579df02446452e9d2df0b4a90cc05fb3a2b,path_locator_only,recovery_review_queue,no_extension,recovered_git_object:tracked,tracked,none_recovery_evidence,unclassified_recovery,unresolved,unique,binary,retain_recovery_evidence_in_reversible_quarantine,01f635831f2b21ed3c9d244d067ae5e81d74c8963ad85f1baf637c9dbc031b53,584
REVIEW_QUEUE/cbefecfd50a13ed848fdc02d895002e06d9a10,PATH:REVIEW_QUEUE/cbefecfd50a13ed848fdc02d895002e06d9a10,path_locator_only,recovery_review_queue,no_extension,recovered_git_object:tracked,tracked,none_recovery_evidence,unclassified_recovery,unresolved,unique,binary,retain_recovery_evidence_in_reversible_quarantine,0931ee4f2770be97a399da2384728c8169450c63c2a5235422424a04565b94b7,1941
REVIEW_QUEUE/cd2a2d7ce2314c1957c11e9dbd608d1918b2da,PATH:REVIEW_QUEUE/cd2a2d7ce2314c1957c11e9dbd608d1918b2da,path_locator_only,recovery_review_queue,no_extension,recovered_git_object:tracked,tracked,none_recovery_evidence,unclassified_recovery,unresolved,unique,binary,retain_recovery_evidence_in_reversible_quarantine,82fff02aeeb68a0745c6a7661a7cb76d7d9f76fe3b292c8b79e34dc274ab41d8,140
REVIEW_QUEUE/cd86b9a30c738670dce75af29ed9851259dd81,PATH:REVIEW_QUEUE/cd86b9a30c738670dce75af29ed9851259dd81,path_locator_only,recovery_review_queue,no_extension,recovered_git_object:tracked,tracked,none_recovery_evidence,unclassified_recovery,unresolved,unique,binary,retain_recovery_evidence_in_reversible_quarantine,6512426935a9dbb6850f8498544557dbcf2ab0d18a3316dc831272a9c16f5025,75
REVIEW_QUEUE/cdd800b4fc7988b6c2de414b3b0a72356e7251,PATH:REVIEW_QUEUE/cdd800b4fc7988b6c2de414b3b0a72356e7251,path_locator_only,recovery_review_queue,no_extension,recovered_git_object:tracked,tracked,none_recovery_evidence,unclassified_recovery,unresolved,unique,binary,retain_recovery_evidence_in_reversible_quarantine,4fbd458133c959d7ff5fed7e923490546211509144a2e243540845691d63048f,692
REVIEW_QUEUE/ce284efb097f13172273272eb27051bca4f723,PATH:REVIEW_QUEUE/ce284efb097f13172273272eb27051bca4f723,path_locator_only,recovery_review_queue,no_extension,recovered_git_object:tracked,tracked,none_recovery_evidence,unclassified_recovery,unresolved,unique,binary,retain_recovery_evidence_in_reversible_quarantine,8ed17ddecfa8880ddd9ab3c3f0d8394555698dc2fe9d866144d98a39a5612a2d,1848
REVIEW_QUEUE/ce2ccc3215eceaf9cd63bf08f89b2fe35a4a62,PATH:REVIEW_QUEUE/ce2ccc3215eceaf9cd63bf08f89b2fe35a4a62,path_locator_only,recovery_review_queue,no_extension,recovered_git_object:tracked,tracked,none_recovery_evidence,unclassified_recovery,unresolved,unique,binary,retain_recovery_evidence_in_reversible_quarantine,82f08612caecc23fd2ec614668750fc7269fc2d738d29c0d853259eff0b0bb68,2278
REVIEW_QUEUE/ce872331a6f5db79bc63f2349f5a82bc40a855,PATH:REVIEW_QUEUE/ce872331a6f5db79bc63f2349f5a82bc40a855,path_locator_only,recovery_review_queue,no_extension,recovered_git_object:tracked,tracked,none_recovery_evidence,unclassified_recovery,unresolved,unique,binary,retain_recovery_evidence_in_reversible_quarantine,8aa808d609d9c82877ffd0c02889abd9ef42cea22e8653479f47ea983734be64,54
REVIEW_QUEUE/cf78077b9f248a5fdb45f791d71bbbefa50339,PATH:REVIEW_QUEUE/cf78077b9f248a5fdb45f791d71bbbefa50339,path_locator_only,recovery_review_queue,no_extension,recovered_git_object:tracked,tracked,none_recovery_evidence,unclassified_recovery,unresolved,unique,binary,retain_recovery_evidence_in_reversible_quarantine,d8ab4cb6eaa551ce76b60e1eb77e87706fd153dc8b4d55554224e7feb132862c,667
REVIEW_QUEUE/cli.json,PATH:REVIEW_QUEUE/cli.json,path_locator_only,recovery_review_queue,json,recovery_review_material:tracked,tracked,none_recovery_evidence,unclassified_recovery,unresolved,unique,utf8,retain_in_review_queue_pending_lineage_and_semantic_review,fecc175e6b0264b117f66f57267fa7f52a95a29ef7e6c440b70f7a013dcdafb3,2432
REVIEW_QUEUE/cli.py,PATH:REVIEW_QUEUE/cli.py,path_locator_only,recovery_review_queue,py,recovery_review_material:tracked,tracked,none_recovery_evidence,unclassified_recovery,unresolved,unique,utf8,retain_in_review_queue_pending_lineage_and_semantic_review,0c73ca55d3dfc3d79d3059bb2bace8bd3e96996965927a0a935581a095334e33,4736
REVIEW_QUEUE/cli_copy.py,PATH:REVIEW_QUEUE/cli_copy.py,path_locator_only,recovery_review_queue,py,recovery_review_material:tracked,tracked,none_recovery_evidence,unclassified_recovery,unresolved,unique,utf8,retain_in_review_queue_pending_lineage_and_semantic_review,a9fb16b765b3563fc1b61d888da8d0a768616d955aac4b93bd63eb8e4d4b0c40,26441
REVIEW_QUEUE/cli_monilitic.py,PATH:REVIEW_QUEUE/cli_monilitic.py,path_locator_only,recovery_review_queue,py,recovery_review_material:tracked,tracked,none_recovery_evidence,unclassified_recovery,unresolved,unique,utf8,retain_in_review_queue_pending_lineage_and_semantic_review,bfd319e24ce91d03660bd9fa8a2a84867ea8e60a13ff1d6759323a39bc0f2fa2,29001
REVIEW_QUEUE/cli_old.py,PATH:REVIEW_QUEUE/cli_old.py,path_locator_only,recovery_review_queue,py,recovery_review_material:tracked,tracked,none_recovery_evidence,unclassified_recovery,unresolved,unique,utf8,retain_in_review_queue_pending_lineage_and_semantic_review,4047030ea656d9e63c61073eedca933eb89983fe547cba58c6e0ee588eb1a6db,21386
REVIEW_QUEUE/commit-msg.sample,PATH:REVIEW_QUEUE/commit-msg.sample,path_locator_only,recovery_review_queue,sample,recovery_review_material:tracked,tracked,none_recovery_evidence,unclassified_recovery,unresolved,unique,utf8,retain_in_review_queue_pending_lineage_and_semantic_review,1f74d5e9292979b573ebd59741d46cb93ff391acdd083d340b94370753d92437,896
REVIEW_QUEUE/config,PATH:REVIEW_QUEUE/config,path_locator_only,recovery_review_queue,no_extension,recovery_review_material:tracked,tracked,none_recovery_evidence,unclassified_recovery,unresolved,unique,utf8,retain_in_review_queue_pending_lineage_and_semantic_review,cc2054e6e6dd3ca9353e8e2797dd09ecbe6cc5f22bb642f0d679edbb94596e0d,313
REVIEW_QUEUE/d0e6d03018a35483fa010c1b6a15817a79cd81,PATH:REVIEW_QUEUE/d0e6d03018a35483fa010c1b6a15817a79cd81,path_locator_only,recovery_review_queue,no_extension,recovered_git_object:tracked,tracked,none_recovery_evidence,unclassified_recovery,unresolved,unique,binary,retain_recovery_evidence_in_reversible_quarantine,59e49d8f89af8cba555e1cf04dcbd579c847d3488d58b3b2e479a01c2461665b,51
REVIEW_QUEUE/d15213b850e0d10ebe5141c4e0ef7cb7f7b658,PATH:REVIEW_QUEUE/d15213b850e0d10ebe5141c4e0ef7cb7f7b658,path_locator_only,recovery_review_queue,no_extension,recovered_git_object:tracked,tracked,none_recovery_evidence,unclassified_recovery,unresolved,unique,binary,retain_recovery_evidence_in_reversible_quarantine,351c0157de2f1ca24115dc6e15eeb521b8b461e32f47786879899de029f1025b,4389
REVIEW_QUEUE/d2576d62d82f8bffbd155f9c439ab2cb399745,PATH:REVIEW_QUEUE/d2576d62d82f8bffbd155f9c439ab2cb399745,path_locator_only,recovery_review_queue,no_extension,recovered_git_object:tracked,tracked,none_recovery_evidence,unclassified_recovery,unresolved,unique,binary,retain_recovery_evidence_in_reversible_quarantine,0900272ae315b4291306fb41064775ba21eb540e72799b37c0f8e3b5e95533c3,185
REVIEW_QUEUE/d2bccc49915b5dbbfea01937b94fb20feadc3e,PATH:REVIEW_QUEUE/d2bccc49915b5dbbfea01937b94fb20feadc3e,path_locator_only,recovery_review_queue,no_extension,recovered_git_object:tracked,tracked,none_recovery_evidence,unclassified_recovery,unresolved,unique,binary,retain_recovery_evidence_in_reversible_quarantine,b24d34aef9fa0f3b517619b93dc0ac88eda2e101aa784d583cc247f8292b0804,507
REVIEW_QUEUE/d2e36dbed94732bf7097029b45d0a23337e93d,PATH:REVIEW_QUEUE/d2e36dbed94732bf7097029b45d0a23337e93d,path_locator_only,recovery_review_queue,no_extension,recovered_git_object:tracked,tracked,none_recovery_evidence,unclassified_recovery,unresolved,unique,binary,retain_recovery_evidence_in_reversible_quarantine,4e41fd169f425a77b642a4fa948d43917b4a6c89b37a61a769e51933b11f00f2,54
REVIEW_QUEUE/d3b6ae0f3ead2751c4c90db8210e0293fc9bdb,PATH:REVIEW_QUEUE/d3b6ae0f3ead2751c4c90db8210e0293fc9bdb,path_locator_only,recovery_review_queue,no_extension,recovered_git_object:tracked,tracked,none_recovery_evidence,unclassified_recovery,unresolved,unique,binary_or_unknown_encoding,retain_recovery_evidence_in_reversible_quarantine,9feb72211a348a88d0b247252cc581913ef1ab2e22d36eb68b8b8eed105c5f71,354
REVIEW_QUEUE/d426ac11416cbb96cd2f8714c7ade3b69aef46,PATH:REVIEW_QUEUE/d426ac11416cbb96cd2f8714c7ade3b69aef46,path_locator_only,recovery_review_queue,no_extension,recovered_git_object:tracked,tracked,none_recovery_evidence,unclassified_recovery,unresolved,unique,binary,retain_recovery_evidence_in_reversible_quarantine,8953683ba7b592b0a5ee3b46a99a94020aa32dda1a8e0ce9148faab152f8d29c,80
REVIEW_QUEUE/d50c696d43ca7e19e7d1b92d3c5a483b8ce74b,PATH:REVIEW_QUEUE/d50c696d43ca7e19e7d1b92d3c5a483b8ce74b,path_locator_only,recovery_review_queue,no_extension,recovered_git_object:tracked,tracked,none_recovery_evidence,unclassified_recovery,unresolved,unique,binary,retain_recovery_evidence_in_reversible_quarantine,fdaf916708a3313a4a513ca7c80639ee3df0aae1c1318152488f2dc7b5331971,196
REVIEW_QUEUE/d5d8a22232662d057f11ec0016913d83403f0d,PATH:REVIEW_QUEUE/d5d8a22232662d057f11ec0016913d83403f0d,path_locator_only,recovery_review_queue,no_extension,recovered_git_object:tracked,tracked,none_recovery_evidence,unclassified_recovery,unresolved,unique,binary_or_unknown_encoding,retain_recovery_evidence_in_reversible_quarantine,12532079c9c874142107c4328e416d153de3964f76374f826d43d773cd6f9cc1,457
REVIEW_QUEUE/d5e1afac964dc0b5887a8d51ec853e798a599f,PATH:REVIEW_QUEUE/d5e1afac964dc0b5887a8d51ec853e798a599f,path_locator_only,recovery_review_queue,no_extension,recovered_git_object:tracked,tracked,none_recovery_evidence,unclassified_recovery,unresolved,unique,binary,retain_recovery_evidence_in_reversible_quarantine,07ba3bab72a2cd953889f218aca239ff3e9a6b241ab8296e78c07c7e592b99b1,3840
REVIEW_QUEUE/d6b1a85208945820b29fa512e40f6c09bf8b41,PATH:REVIEW_QUEUE/d6b1a85208945820b29fa512e40f6c09bf8b41,path_locator_only,recovery_review_queue,no_extension,recovered_git_object:tracked,tracked,none_recovery_evidence,unclassified_recovery,unresolved,unique,binary,retain_recovery_evidence_in_reversible_quarantine,956043373ed1373cd84238a20b8f8fac2f6c576bb7c72884711a1ad258af7088,176
REVIEW_QUEUE/d71b5b5323cf3dca04f7b5775289d506792c7f,PATH:REVIEW_QUEUE/d71b5b5323cf3dca04f7b5775289d506792c7f,path_locator_only,recovery_review_queue,no_extension,recovered_git_object:tracked,tracked,none_recovery_evidence,unclassified_recovery,unresolved,unique,binary,retain_recovery_evidence_in_reversible_quarantine,c98b45a9eaf991ffc68fb2edd07527cd088033441009d173e1dc7882cc1581c7,5580
REVIEW_QUEUE/d742605648eaa3872ec583661b538faec4483f,PATH:REVIEW_QUEUE/d742605648eaa3872ec583661b538faec4483f,path_locator_only,recovery_review_queue,no_extension,recovered_git_object:tracked,tracked,none_recovery_evidence,unclassified_recovery,unresolved,unique,binary,retain_recovery_evidence_in_reversible_quarantine,41dba8b6a93d9c8d14f4df28aac99fafa07b0121f5f6a8bd61afed31cf6055e6,102
REVIEW_QUEUE/d7acfe9d053819663dca6ed7ab4989d6c4a827,PATH:REVIEW_QUEUE/d7acfe9d053819663dca6ed7ab4989d6c4a827,path_locator_only,recovery_review_queue,no_extension,recovered_git_object:tracked,tracked,none_recovery_evidence,unclassified_recovery,unresolved,unique,binary,retain_recovery_evidence_in_reversible_quarantine,eb823866b7fb8a1eb302041d3229b5fa589a480468f6b712502ecbd500aa325f,863
REVIEW_QUEUE/d7c4d4e46889da6462527abdb9a9b80250e956,PATH:REVIEW_QUEUE/d7c4d4e46889da6462527abdb9a9b80250e956,path_locator_only,recovery_review_queue,no_extension,recovered_git_object:tracked,tracked,none_recovery_evidence,unclassified_recovery,unresolved,unique,binary,retain_recovery_evidence_in_reversible_quarantine,7405969bfd0e732b2b0107ea545325593fa5c2a77ec7b3f30638f791b4eae97b,508
REVIEW_QUEUE/d9106d384ca6aba50189e117fea3874ebe1570,PATH:REVIEW_QUEUE/d9106d384ca6aba50189e117fea3874ebe1570,path_locator_only,recovery_review_queue,no_extension,recovered_git_object:tracked,tracked,none_recovery_evidence,unclassified_recovery,unresolved,unique,binary,retain_recovery_evidence_in_reversible_quarantine,bd845ae968856be17ee3761a4e8da88cbe75956f0a7f6d3e62c20462102fc6e6,112
REVIEW_QUEUE/d92d54b27a2ffa7fab3b7ec4c8592a2eba445c,PATH:REVIEW_QUEUE/d92d54b27a2ffa7fab3b7ec4c8592a2eba445c,path_locator_only,recovery_review_queue,no_extension,recovered_git_object:tracked,tracked,none_recovery_evidence,unclassified_recovery,unresolved,unique,binary,retain_recovery_evidence_in_reversible_quarantine,a6144b9198d5ea4857ca91b669ed5ef913098ec38e56cb7e34c27297a2d40c81,1496
REVIEW_QUEUE/d965ba3be8f9ce79a5bb2d5a0c4ebbc65a621d,PATH:REVIEW_QUEUE/d965ba3be8f9ce79a5bb2d5a0c4ebbc65a621d,path_locator_only,recovery_review_queue,no_extension,recovered_git_object:tracked,tracked,none_recovery_evidence,unclassified_recovery,unresolved,unique,binary_or_unknown_encoding,retain_recovery_evidence_in_reversible_quarantine,a30caccbffa9c24f23da01a830c79a27575bb10b3ad3e9b75dc3552a35d79713,91
REVIEW_QUEUE/d9dcb72d30702b9ed0549a03d09c1dd83bf396,PATH:REVIEW_QUEUE/d9dcb72d30702b9ed0549a03d09c1dd83bf396,path_locator_only,recovery_review_queue,no_extension,recovered_git_object:tracked,tracked,none_recovery_evidence,unclassified_recovery,unresolved,unique,binary,retain_recovery_evidence_in_reversible_quarantine,7085f4be1b8330e09b79c864010f54ae3e468006b0cc52790a47ea0392df0000,951
REVIEW_QUEUE/daafe9f481b36a7dea7d1b966705faeb810d1e,PATH:REVIEW_QUEUE/daafe9f481b36a7dea7d1b966705faeb810d1e,path_locator_only,recovery_review_queue,no_extension,recovered_git_object:tracked,tracked,none_recovery_evidence,unclassified_recovery,unresolved,unique,binary,retain_recovery_evidence_in_reversible_quarantine,b62ce7abcb4ab01c66f68f03cb6127e8f117d3901163a45bc4bcb10eb9d65ef2,54
REVIEW_QUEUE/dacf6521b6766b4cc62981dac0f8d59d33088b,PATH:REVIEW_QUEUE/dacf6521b6766b4cc62981dac0f8d59d33088b,path_locator_only,recovery_review_queue,no_extension,recovered_git_object:tracked,tracked,none_recovery_evidence,unclassified_recovery,unresolved,unique,binary,retain_recovery_evidence_in_reversible_quarantine,1517128aa6c5cb5dbea3f2445c2321f7b053acc37cc50a360bf2b54987b3c849,7081
REVIEW_QUEUE/db38f38bd7afa8fa5ebbe48b4ba6b9b5e5d052,PATH:REVIEW_QUEUE/db38f38bd7afa8fa5ebbe48b4ba6b9b5e5d052,path_locator_only,recovery_review_queue,no_extension,recovered_git_object:tracked,tracked,none_recovery_evidence,unclassified_recovery,unresolved,unique,binary,retain_recovery_evidence_in_reversible_quarantine,27b7260a947f0798b8325ab49d958a5c427256ea42cd7406bdce730190a57373,77
REVIEW_QUEUE/dc8dd9d780c825531b44b3403315619b6b0275,PATH:REVIEW_QUEUE/dc8dd9d780c825531b44b3403315619b6b0275,path_locator_only,recovery_review_queue,no_extension,recovered_git_object:tracked,tracked,none_recovery_evidence,unclassified_recovery,unresolved,unique,binary,retain_recovery_evidence_in_reversible_quarantine,b585441cfd2e1a387fc7d7ef342a5236a95f5c16d633a624e69b4cfe64acaf3e,315
REVIEW_QUEUE/dcae7043bfec3418d5fd3cfb2b4692a7e36485,PATH:REVIEW_QUEUE/dcae7043bfec3418d5fd3cfb2b4692a7e36485,path_locator_only,recovery_review_queue,no_extension,recovered_git_object:tracked,tracked,none_recovery_evidence,unclassified_recovery,unresolved,unique,binary,retain_recovery_evidence_in_reversible_quarantine,1313efb57e1f608a58d4cd3b46b0cb6ec74ef684952b005552082d4c0c20ae0f,97
REVIEW_QUEUE/dd38d6ec80a6a98c8fd49315416819ed6cbc67,PATH:REVIEW_QUEUE/dd38d6ec80a6a98c8fd49315416819ed6cbc67,path_locator_only,recovery_review_queue,no_extension,recovered_git_object:tracked,tracked,none_recovery_evidence,unclassified_recovery,unresolved,unique,binary,retain_recovery_evidence_in_reversible_quarantine,2d6d120eb07cee514558fd50148b914b043af13e46bb93fcd34180ba3aeba0f2,1741
REVIEW_QUEUE/ddc757dab405f88655a810d587a388e23d6e61,PATH:REVIEW_QUEUE/ddc757dab405f88655a810d587a388e23d6e61,path_locator_only,recovery_review_queue,no_extension,recovered_git_object:tracked,tracked,none_recovery_evidence,unclassified_recovery,unresolved,unique,binary,retain_recovery_evidence_in_reversible_quarantine,253b91ee6521995d92af50520390b8c47d3618c6a316abc8b89540a5e963af17,59203
REVIEW_QUEUE/decorate_enforcer.py,PATH:REVIEW_QUEUE/decorate_enforcer.py,path_locator_only,recovery_review_queue,py,recovery_review_material:tracked,tracked,none_recovery_evidence,unclassified_recovery,unresolved,unique,utf8,retain_in_review_queue_pending_lineage_and_semantic_review,04e37ff03477bf927be5479e90a7b56569acb370f4ddbba6947470f07c0652e9,19765
REVIEW_QUEUE/dependency_links.txt,PATH:REVIEW_QUEUE/dependency_links.txt,path_locator_only,recovery_review_queue,txt,recovery_review_material:tracked,tracked,none_recovery_evidence,unclassified_recovery,unresolved,unique,utf8,retain_in_review_queue_pending_lineage_and_semantic_review,01ba4719c80b6fe911b091a7c05124b64eeece964e09c058ef8f9805daca546b,1
REVIEW_QUEUE/description,PATH:REVIEW_QUEUE/description,path_locator_only,recovery_review_queue,no_extension,recovery_review_material:tracked,tracked,none_recovery_evidence,unclassified_recovery,unresolved,unique,utf8,retain_in_review_queue_pending_lineage_and_semantic_review,85ab6c163d43a17ea9cf7788308bca1466f1b0a8d1cc92e26e9bf63da4062aee,73
REVIEW_QUEUE/dev_environment.schema.yaml,PATH:REVIEW_QUEUE/dev_environment.schema.yaml,path_locator_only,recovery_review_queue,yaml,recovery_review_material:tracked,tracked,none_recovery_evidence,unclassified_recovery,unresolved,unique,utf8,retain_in_review_queue_pending_lineage_and_semantic_review,fe69502e2f7c0451d530ab3729a2d59dce4045dbf56698721f2e8f6a4ab04b4f,516
REVIEW_QUEUE/df3f424b12aae7f58cb080a870ca2e397f61b3,PATH:REVIEW_QUEUE/df3f424b12aae7f58cb080a870ca2e397f61b3,path_locator_only,recovery_review_queue,no_extension,recovered_git_object:tracked,tracked,none_recovery_evidence,unclassified_recovery,unresolved,unique,binary,retain_recovery_evidence_in_reversible_quarantine,13d64e7c77ce8a10d57a142d01470317ffad9a773e435e09530f3d1513dd68dd,61
REVIEW_QUEUE/discovery_viability_analysis.md,PATH:REVIEW_QUEUE/discovery_viability_analysis.md,path_locator_only,recovery_review_queue,md,recovery_review_material:tracked,tracked,none_recovery_evidence,unclassified_recovery,unresolved,unique,utf8,retain_in_review_queue_pending_lineage_and_semantic_review,3b591b0f70c030e3ea4768a8298d1ad2de4544e18751d72b0706e4ec8d103a10,8630
REVIEW_QUEUE/e00937ed2f84149c3ce23ff2d14d40d3915fd0,PATH:REVIEW_QUEUE/e00937ed2f84149c3ce23ff2d14d40d3915fd0,path_locator_only,recovery_review_queue,no_extension,recovered_git_object:tracked,tracked,none_recovery_evidence,unclassified_recovery,unresolved,unique,binary,retain_recovery_evidence_in_reversible_quarantine,a6237bde4079d8fdb2f4ab5fce3950b146351e83fa04eb1b074e5f5de3fd046b,81
REVIEW_QUEUE/e159582a77ad7303a8facdc1c7ba69b378cd0f,PATH:REVIEW_QUEUE/e159582a77ad7303a8facdc1c7ba69b378cd0f,path_locator_only,recovery_review_queue,no_extension,recovered_git_object:tracked,tracked,none_recovery_evidence,unclassified_recovery,unresolved,unique,binary,retain_recovery_evidence_in_reversible_quarantine,97d5081ac70d78a0983b7418e198d61d95469d275a60f0b503c1a3bde0a27dd8,35833
REVIEW_QUEUE/e18bd476cb0acf1d92e1799bfbf10cc1d732c5,PATH:REVIEW_QUEUE/e18bd476cb0acf1d92e1799bfbf10cc1d732c5,path_locator_only,recovery_review_queue,no_extension,recovered_git_object:tracked,tracked,none_recovery_evidence,unclassified_recovery,unresolved,unique,binary,retain_recovery_evidence_in_reversible_quarantine,b2bee1242538b572578c882781d789efd56b9f22d30211581b6e850be6a61ce3,127
REVIEW_QUEUE/e19ce331496856c7612169241e285e4adaa53e,PATH:REVIEW_QUEUE/e19ce331496856c7612169241e285e4adaa53e,path_locator_only,recovery_review_queue,no_extension,recovered_git_object:tracked,tracked,none_recovery_evidence,unclassified_recovery,unresolved,unique,binary,retain_recovery_evidence_in_reversible_quarantine,f9401efc8eac3f98b0734bc89dfa94328274bc4ce115d66a3caa9aab9f82fc5d,91
REVIEW_QUEUE/e1feba787ebaa36703afa81fba046c7b3ef480,PATH:REVIEW_QUEUE/e1feba787ebaa36703afa81fba046c7b3ef480,path_locator_only,recovery_review_queue,no_extension,recovered_git_object:tracked,tracked,none_recovery_evidence,unclassified_recovery,unresolved,unique,binary,retain_recovery_evidence_in_reversible_quarantine,c07dc6efbcf9108a84a9b9b8445040ccea1a646e5af62aa9e15069a787b2f586,3743
REVIEW_QUEUE/e20b22f479f31a59df5867686bc32a4f5800a4,PATH:REVIEW_QUEUE/e20b22f479f31a59df5867686bc32a4f5800a4,path_locator_only,recovery_review_queue,no_extension,recovered_git_object:tracked,tracked,none_recovery_evidence,unclassified_recovery,unresolved,unique,binary,retain_recovery_evidence_in_reversible_quarantine,91391185deace623a51367e6dcf6f4ebbce446e0f365781d2edeffc3c9cdb466,1606
REVIEW_QUEUE/e22ec9436a31095ad2e80aacfcdb84f4aa8d43,PATH:REVIEW_QUEUE/e22ec9436a31095ad2e80aacfcdb84f4aa8d43,path_locator_only,recovery_review_queue,no_extension,recovered_git_object:tracked,tracked,none_recovery_evidence,unclassified_recovery,unresolved,unique,binary,retain_recovery_evidence_in_reversible_quarantine,9aaf19061233efed813031abd3d0a7ac9922895bd6d54bbb960c73c5fb4d3d23,2063
REVIEW_QUEUE/e25a3b8680c3075a641ebc3062f18dedabb06f,PATH:REVIEW_QUEUE/e25a3b8680c3075a641ebc3062f18dedabb06f,path_locator_only,recovery_review_queue,no_extension,recovered_git_object:tracked,tracked,none_recovery_evidence,unclassified_recovery,unresolved,unique,binary,retain_recovery_evidence_in_reversible_quarantine,dfdcb7a39ac99f3c6690db87b2d001abda11f9cde7dbf664c3b909a570440e7b,8046
REVIEW_QUEUE/e2f90f66a4b49263e067993c5d54c957f651d3,PATH:REVIEW_QUEUE/e2f90f66a4b49263e067993c5d54c957f651d3,path_locator_only,recovery_review_queue,no_extension,recovered_git_object:tracked,tracked,none_recovery_evidence,unclassified_recovery,unresolved,unique,binary,retain_recovery_evidence_in_reversible_quarantine,5aefa290bfa7ace41252911615f3bf6738682b65133327476071fb3cd69cd33a,168
REVIEW_QUEUE/e4685bba3cb4bcc90561cefc2a46226acf1783,PATH:REVIEW_QUEUE/e4685bba3cb4bcc90561cefc2a46226acf1783,path_locator_only,recovery_review_queue,no_extension,recovered_git_object:tracked,tracked,none_recovery_evidence,unclassified_recovery,unresolved,unique,binary,retain_recovery_evidence_in_reversible_quarantine,90f2f11b90648372ca4a0377424a5325d6761f6b86aa8e3951d7f2e1374a0697,839
REVIEW_QUEUE/e688f26895fdb0edd59b5ecac3385808d1d452,PATH:REVIEW_QUEUE/e688f26895fdb0edd59b5ecac3385808d1d452,path_locator_only,recovery_review_queue,no_extension,recovered_git_object:tracked,tracked,none_recovery_evidence,unclassified_recovery,unresolved,unique,binary,retain_recovery_evidence_in_reversible_quarantine,f2049b0cf36506c0f02dd357ae07aae554dc02602a5e57fbd7107c617dcbd484,355
REVIEW_QUEUE/e6ab87748614987c0050fab0e750d0200fd948,PATH:REVIEW_QUEUE/e6ab87748614987c0050fab0e750d0200fd948,path_locator_only,recovery_review_queue,no_extension,recovered_git_object:tracked,tracked,none_recovery_evidence,unclassified_recovery,unresolved,unique,binary,retain_recovery_evidence_in_reversible_quarantine,b5180e4f2741b5c37b63de8436828a9c8a386438791fa4b5d2e95b78290c61e7,98
REVIEW_QUEUE/e726fc2f658406b8a45f18fd4fee3c868ad168,PATH:REVIEW_QUEUE/e726fc2f658406b8a45f18fd4fee3c868ad168,path_locator_only,recovery_review_queue,no_extension,recovered_git_object:tracked,tracked,none_recovery_evidence,unclassified_recovery,unresolved,unique,binary,retain_recovery_evidence_in_reversible_quarantine,14e84c1f19966a7ad23d0f710d4d6bb88e22e5b6550da4e64de50fe3bb61003f,816
REVIEW_QUEUE/e83dd01c8d6e2f00adb26cc40c18d9d426f3da,PATH:REVIEW_QUEUE/e83dd01c8d6e2f00adb26cc40c18d9d426f3da,path_locator_only,recovery_review_queue,no_extension,recovered_git_object:tracked,tracked,none_recovery_evidence,unclassified_recovery,unresolved,unique,binary,retain_recovery_evidence_in_reversible_quarantine,6c5eb113599db15d1ad54bdfcefe07e5e6e7c03cd7cad46c3721fb4b26ed176b,191
REVIEW_QUEUE/e93e9b4be25d9a555f619253002b0cbc0588f4,PATH:REVIEW_QUEUE/e93e9b4be25d9a555f619253002b0cbc0588f4,path_locator_only,recovery_review_queue,no_extension,recovered_git_object:tracked,tracked,none_recovery_evidence,unclassified_recovery,unresolved,unique,binary,retain_recovery_evidence_in_reversible_quarantine,b349e82490bf7f6ced1b519e3d4cbff0361c954530db2d3c70f0e6c624d5a4de,127
REVIEW_QUEUE/ea46890052f5110c732b12228a1fea23122dc0,PATH:REVIEW_QUEUE/ea46890052f5110c732b12228a1fea23122dc0,path_locator_only,recovery_review_queue,no_extension,recovered_git_object:tracked,tracked,none_recovery_evidence,unclassified_recovery,unresolved,unique,binary_or_unknown_encoding,retain_recovery_evidence_in_reversible_quarantine,4a075d3049140d1ff79c33b010232a280591ae1bf9d63da6b44d53e21ebd512c,153
REVIEW_QUEUE/eb6434ae641b68c4d6fb2d28e122f1a7d792a3,PATH:REVIEW_QUEUE/eb6434ae641b68c4d6fb2d28e122f1a7d792a3,path_locator_only,recovery_review_queue,no_extension,recovered_git_object:tracked,tracked,none_recovery_evidence,unclassified_recovery,unresolved,unique,binary,retain_recovery_evidence_in_reversible_quarantine,d63ba1508dbe425f49d7905253059e9e3b26deabda5fccd5b3718cbb688275d8,114
REVIEW_QUEUE/eb769a4fe398dc19d6511616f154f3ce3e0ddb,PATH:REVIEW_QUEUE/eb769a4fe398dc19d6511616f154f3ce3e0ddb,path_locator_only,recovery_review_queue,no_extension,recovered_git_object:tracked,tracked,none_recovery_evidence,unclassified_recovery,unresolved,unique,binary,retain_recovery_evidence_in_reversible_quarantine,466d5c025e0af8002416d39ac329991506c5c8b461d26be62d302e8efff9a338,54
REVIEW_QUEUE/ebc52291535c10d194be6cb057d61932749bd8,PATH:REVIEW_QUEUE/ebc52291535c10d194be6cb057d61932749bd8,path_locator_only,recovery_review_queue,no_extension,recovered_git_object:tracked,tracked,none_recovery_evidence,unclassified_recovery,unresolved,unique,binary,retain_recovery_evidence_in_reversible_quarantine,c853785091719b56d38e2c645cbe587a5e76850c68d69a9fcd7a3a4e2006dbc7,7402
REVIEW_QUEUE/ebcd14f1ddc2877afb464c020da3be6f2ba3cc,PATH:REVIEW_QUEUE/ebcd14f1ddc2877afb464c020da3be6f2ba3cc,path_locator_only,recovery_review_queue,no_extension,recovered_git_object:tracked,tracked,none_recovery_evidence,unclassified_recovery,unresolved,unique,binary,retain_recovery_evidence_in_reversible_quarantine,a9222558a7c3b45c0d62563b2ac19c264a820885e203ebfe89b3722088255f40,482
REVIEW_QUEUE/ec76edc829dedb48d449ad4d9583a14130df38,PATH:REVIEW_QUEUE/ec76edc829dedb48d449ad4d9583a14130df38,path_locator_only,recovery_review_queue,no_extension,recovered_git_object:tracked,tracked,none_recovery_evidence,unclassified_recovery,unresolved,unique,binary,retain_recovery_evidence_in_reversible_quarantine,2a54fa202d49ae793e40cd3375df5e2361ecdae937e89eba043137418e4d02ec,54
REVIEW_QUEUE/ee8781c330d0adeea3d92e47a36a71adbec4d1,PATH:REVIEW_QUEUE/ee8781c330d0adeea3d92e47a36a71adbec4d1,path_locator_only,recovery_review_queue,no_extension,recovered_git_object:tracked,tracked,none_recovery_evidence,unclassified_recovery,unresolved,unique,binary,retain_recovery_evidence_in_reversible_quarantine,846cf2865813370cf88756e4547cab5416fa29d1b212776b30220d02cf4bec17,5461
REVIEW_QUEUE/eee6b461412d677822f0b01e2b05b2bd88b04c,PATH:REVIEW_QUEUE/eee6b461412d677822f0b01e2b05b2bd88b04c,path_locator_only,recovery_review_queue,no_extension,recovered_git_object:tracked,tracked,none_recovery_evidence,unclassified_recovery,unresolved,unique,binary,retain_recovery_evidence_in_reversible_quarantine,bf5485f6e4214c08adf24e10a921bb2cc86325f6b4dec7bf3c6eaa1411b429f5,48580
REVIEW_QUEUE/ef811bd42dd12277835f786c5f3ec9f3832367,PATH:REVIEW_QUEUE/ef811bd42dd12277835f786c5f3ec9f3832367,path_locator_only,recovery_review_queue,no_extension,recovered_git_object:tracked,tracked,none_recovery_evidence,unclassified_recovery,unresolved,unique,binary,retain_recovery_evidence_in_reversible_quarantine,71cb23044c1963b4bfa585479f862b6640bb8a24f01dafd21ad12565afeefda0,5064
REVIEW_QUEUE/efc3532c68110fca9fdfb6b579110d7593f2b8,PATH:REVIEW_QUEUE/efc3532c68110fca9fdfb6b579110d7593f2b8,path_locator_only,recovery_review_queue,no_extension,recovered_git_object:tracked,tracked,none_recovery_evidence,unclassified_recovery,unresolved,unique,binary_or_unknown_encoding,retain_recovery_evidence_in_reversible_quarantine,6f110a02b8bbdc8d465afd442669a5a41999458b12d9f6b013fa8aa66737fe67,144
REVIEW_QUEUE/entry_points.txt,PATH:REVIEW_QUEUE/entry_points.txt,path_locator_only,recovery_review_queue,txt,recovery_review_material:tracked,tracked,none_recovery_evidence,unclassified_recovery,unresolved,unique,utf8,retain_in_review_queue_pending_lineage_and_semantic_review,b347fcf8a8b34f75cf5275de51ff9437371fbc92715280c60e305cae6696dbac,52
REVIEW_QUEUE/envelope.py,PATH:REVIEW_QUEUE/envelope.py,path_locator_only,recovery_review_queue,py,recovery_review_material:tracked,tracked,none_recovery_evidence,unclassified_recovery,unresolved,unique,utf8,retain_in_review_queue_pending_lineage_and_semantic_review,cdb0559998d08dc8bfefebc194aaecf1efaf8eb66d5fa69e7ac8c20033c7070d,7278
REVIEW_QUEUE/exclude,PATH:REVIEW_QUEUE/exclude,path_locator_only,recovery_review_queue,no_extension,recovery_review_material:tracked,tracked,none_recovery_evidence,unclassified_recovery,unresolved,unique,utf8,retain_in_review_queue_pending_lineage_and_semantic_review,32953b95e260eb278b682b8e965007b60e92e241ad65bc1773ccce74cbfd2499,250
REVIEW_QUEUE/f007ce6076b739a60ba737b661b08e9caa39af,PATH:REVIEW_QUEUE/f007ce6076b739a60ba737b661b08e9caa39af,path_locator_only,recovery_review_queue,no_extension,recovered_git_object:tracked,tracked,none_recovery_evidence,unclassified_recovery,unresolved,unique,binary,retain_recovery_evidence_in_reversible_quarantine,445926437fb6addef38616ccd322e4e54e250f588a36d64758049fac8699b01d,2924
REVIEW_QUEUE/f0f26213734fdd815cf1684b3070978d920ca6,PATH:REVIEW_QUEUE/f0f26213734fdd815cf1684b3070978d920ca6,path_locator_only,recovery_review_queue,no_extension,recovered_git_object:tracked,tracked,none_recovery_evidence,unclassified_recovery,unresolved,unique,binary,retain_recovery_evidence_in_reversible_quarantine,934308046b116075fc8c637ba907a1401ec9e0d3d305436ee04e3bb683327775,93
REVIEW_QUEUE/f12fb5f3e227663e7996e8ed80f747806d0ef5,PATH:REVIEW_QUEUE/f12fb5f3e227663e7996e8ed80f747806d0ef5,path_locator_only,recovery_review_queue,no_extension,recovered_git_object:tracked,tracked,none_recovery_evidence,unclassified_recovery,unresolved,unique,binary,retain_recovery_evidence_in_reversible_quarantine,061c2e0aa5c942d539e6192a026b314ad9a1391cebb8b5273806157f98eba5f4,1344
REVIEW_QUEUE/f1409bc97f3d39418666535dbccaf2601a42b0,PATH:REVIEW_QUEUE/f1409bc97f3d39418666535dbccaf2601a42b0,path_locator_only,recovery_review_queue,no_extension,recovered_git_object:tracked,tracked,none_recovery_evidence,unclassified_recovery,unresolved,unique,binary,retain_recovery_evidence_in_reversible_quarantine,57b9a25784436d9d07265a2599c7881c2f0f3304ac92e215a13cb1a15d9131b4,86
REVIEW_QUEUE/f153a9614b7e088b37c5e03bef0b20fb2bc69b,PATH:REVIEW_QUEUE/f153a9614b7e088b37c5e03bef0b20fb2bc69b,path_locator_only,recovery_review_queue,no_extension,recovered_git_object:tracked,tracked,none_recovery_evidence,unclassified_recovery,unresolved,unique,binary,retain_recovery_evidence_in_reversible_quarantine,ee8ccb888826c331518ebdf11590ce00f5b18da919185a8562ca46e9bb166883,2038
REVIEW_QUEUE/f153fe00492de9b0bbedd38c47764b5697ee17,PATH:REVIEW_QUEUE/f153fe00492de9b0bbedd38c47764b5697ee17,path_locator_only,recovery_review_queue,no_extension,recovered_git_object:tracked,tracked,none_recovery_evidence,unclassified_recovery,unresolved,unique,binary,retain_recovery_evidence_in_reversible_quarantine,95d7cff19f49bf967cf6a76c13610ed077a8f4ff80341872053423890c4d3d98,3545
REVIEW_QUEUE/f163f5f6fa08cc635513c5196d9fbffd48e65d,PATH:REVIEW_QUEUE/f163f5f6fa08cc635513c5196d9fbffd48e65d,path_locator_only,recovery_review_queue,no_extension,recovered_git_object:tracked,tracked,none_recovery_evidence,unclassified_recovery,unresolved,unique,binary,retain_recovery_evidence_in_reversible_quarantine,102d145b13365554e72f72248d02eb2818f964baf79a864d5b1480ee36d7dd57,84
REVIEW_QUEUE/f424d968845ef915e3fbccf7650afa7ce657ed,PATH:REVIEW_QUEUE/f424d968845ef915e3fbccf7650afa7ce657ed,path_locator_only,recovery_review_queue,no_extension,recovered_git_object:tracked,tracked,none_recovery_evidence,unclassified_recovery,unresolved,unique,binary,retain_recovery_evidence_in_reversible_quarantine,280034692e53047bb307b3654e6430c7ed385e9150cb2eaf5543cf2b77d9c8b1,162
REVIEW_QUEUE/f4ba57a5eaa7f54201ae99fee7ed7e6fb465bb,PATH:REVIEW_QUEUE/f4ba57a5eaa7f54201ae99fee7ed7e6fb465bb,path_locator_only,recovery_review_queue,no_extension,recovered_git_object:tracked,tracked,none_recovery_evidence,unclassified_recovery,unresolved,unique,binary,retain_recovery_evidence_in_reversible_quarantine,305a984c5c39e5fc1924a233b34bfca4fbc93a711923645775a202ce4448dd9a,18243
REVIEW_QUEUE/f56d07d52c9e0f6dd5e8beed47ab47601caf64,PATH:REVIEW_QUEUE/f56d07d52c9e0f6dd5e8beed47ab47601caf64,path_locator_only,recovery_review_queue,no_extension,recovered_git_object:tracked,tracked,none_recovery_evidence,unclassified_recovery,unresolved,unique,binary,retain_recovery_evidence_in_reversible_quarantine,bea816d95e5b885e112346300c5af8c1cf60892e5c65977a906b84f7d02a87d6,65
REVIEW_QUEUE/f71979720aab0f08d45d2b4a4221d574fe0290,PATH:REVIEW_QUEUE/f71979720aab0f08d45d2b4a4221d574fe0290,path_locator_only,recovery_review_queue,no_extension,recovered_git_object:tracked,tracked,none_recovery_evidence,unclassified_recovery,unresolved,unique,binary,retain_recovery_evidence_in_reversible_quarantine,439c89be17caf7c448b7c23774ddc8198c126a06902ca8df906c2054f8f6792b,56
REVIEW_QUEUE/f7f2278dba2888a927ddcd242e38628a77d1a4,PATH:REVIEW_QUEUE/f7f2278dba2888a927ddcd242e38628a77d1a4,path_locator_only,recovery_review_queue,no_extension,recovered_git_object:tracked,tracked,none_recovery_evidence,unclassified_recovery,unresolved,unique,binary,retain_recovery_evidence_in_reversible_quarantine,8b3fd4d49b873ed1e26d3d93dd956c36458c5b9d0c8903b47f0c8e9dca41a078,239
REVIEW_QUEUE/f8925c2a54afd06134a6dbee3bd006420eeb67,PATH:REVIEW_QUEUE/f8925c2a54afd06134a6dbee3bd006420eeb67,path_locator_only,recovery_review_queue,no_extension,recovered_git_object:tracked,tracked,none_recovery_evidence,unclassified_recovery,unresolved,unique,binary,retain_recovery_evidence_in_reversible_quarantine,25c79be3d0a633a94f7f47b741cba12772f72777f866c2d37c00b6599eb1d042,22159
REVIEW_QUEUE/f89f24aa88e6600710b17b7703dd5e4910cca8,PATH:REVIEW_QUEUE/f89f24aa88e6600710b17b7703dd5e4910cca8,path_locator_only,recovery_review_queue,no_extension,recovered_git_object:tracked,tracked,none_recovery_evidence,unclassified_recovery,unresolved,unique,binary,retain_recovery_evidence_in_reversible_quarantine,c53d08d1d19e7ed2465b5eec791da8f95f44bb3ff26dd34a6f49780fc0807188,59
REVIEW_QUEUE/f8f7606b12038b4a617f2910d823da471e0436,PATH:REVIEW_QUEUE/f8f7606b12038b4a617f2910d823da471e0436,path_locator_only,recovery_review_queue,no_extension,recovered_git_object:tracked,tracked,none_recovery_evidence,unclassified_recovery,unresolved,unique,binary,retain_recovery_evidence_in_reversible_quarantine,274863f7599720e204ca3cb5792614bd8933addba1d1e8af56d335c024bda449,584
REVIEW_QUEUE/f93645fb1644659ce83f4da661c80234245801,PATH:REVIEW_QUEUE/f93645fb1644659ce83f4da661c80234245801,path_locator_only,recovery_review_queue,no_extension,recovered_git_object:tracked,tracked,none_recovery_evidence,unclassified_recovery,unresolved,unique,binary,retain_recovery_evidence_in_reversible_quarantine,40feef4d9baa979ea0cd81d4793d9527cbdc1250d04aa4f04eabd7d35fc8d30f,723
REVIEW_QUEUE/f9d896a42609074540054356bb7cb690049b42,PATH:REVIEW_QUEUE/f9d896a42609074540054356bb7cb690049b42,path_locator_only,recovery_review_queue,no_extension,recovered_git_object:tracked,tracked,none_recovery_evidence,unclassified_recovery,unresolved,unique,binary,retain_recovery_evidence_in_reversible_quarantine,e57e72cfec2a226b9d88cd55b68a307ff00a12d4506a6ad6fd9224da6acecad0,54
REVIEW_QUEUE/fb0290fa46e780e31cc904bb9eaddf810cfea6,PATH:REVIEW_QUEUE/fb0290fa46e780e31cc904bb9eaddf810cfea6,path_locator_only,recovery_review_queue,no_extension,recovered_git_object:tracked,tracked,none_recovery_evidence,unclassified_recovery,unresolved,unique,binary,retain_recovery_evidence_in_reversible_quarantine,3766ae1a30c0ae51e27788f75d5557a7a55e2d30c9d9124de7e83bf3b1452934,86
REVIEW_QUEUE/fba9e906f7c920f7aece6b4fa491e37817d4d2,PATH:REVIEW_QUEUE/fba9e906f7c920f7aece6b4fa491e37817d4d2,path_locator_only,recovery_review_queue,no_extension,recovered_git_object:tracked,tracked,none_recovery_evidence,unclassified_recovery,unresolved,unique,binary,retain_recovery_evidence_in_reversible_quarantine,410072bf231425186073a8c529b18fe2a29fde2db05ccbb354901f98f090f285,6673
REVIEW_QUEUE/fdde899e14d21def00df08833649465bc1e93c,PATH:REVIEW_QUEUE/fdde899e14d21def00df08833649465bc1e93c,path_locator_only,recovery_review_queue,no_extension,recovered_git_object:tracked,tracked,none_recovery_evidence,unclassified_recovery,unresolved,unique,binary,retain_recovery_evidence_in_reversible_quarantine,a16c3fb0cac549691d90560a952cf3ab76986b1985e5c25966db0782dd57d7a3,100
REVIEW_QUEUE/fdf8833a2e3205ab94e3031416447c30e2e1f3,PATH:REVIEW_QUEUE/fdf8833a2e3205ab94e3031416447c30e2e1f3,path_locator_only,recovery_review_queue,no_extension,recovered_git_object:tracked,tracked,none_recovery_evidence,unclassified_recovery,unresolved,unique,binary,retain_recovery_evidence_in_reversible_quarantine,100b9f35f724c81fcd7a6a15ccd2346bf74bb7437eee5b560555ab1be4b81d09,914
REVIEW_QUEUE/fe0f728b7b75e27fc5338a74fad9af426abe8e,PATH:REVIEW_QUEUE/fe0f728b7b75e27fc5338a74fad9af426abe8e,path_locator_only,recovery_review_queue,no_extension,recovered_git_object:tracked,tracked,none_recovery_evidence,unclassified_recovery,unresolved,unique,binary,retain_recovery_evidence_in_reversible_quarantine,f22e363fe42fdecf6e9676212fed1d0fd1957d6dac7629ac34d6eea133ab3b99,86
REVIEW_QUEUE/ff3241d4bb356b9055765e99d58ba65a7ca072,PATH:REVIEW_QUEUE/ff3241d4bb356b9055765e99d58ba65a7ca072,path_locator_only,recovery_review_queue,no_extension,recovered_git_object:tracked,tracked,none_recovery_evidence,unclassified_recovery,unresolved,unique,binary,retain_recovery_evidence_in_reversible_quarantine,7de01ccb05c8761bf8ce1d13e1bcda3e53731a09cb3a067d8bf7a47875b29c86,587
REVIEW_QUEUE/ffdb92de5a3f3d0517ea7550679b09b9a96994,PATH:REVIEW_QUEUE/ffdb92de5a3f3d0517ea7550679b09b9a96994,path_locator_only,recovery_review_queue,no_extension,recovered_git_object:tracked,tracked,none_recovery_evidence,unclassified_recovery,unresolved,unique,binary,retain_recovery_evidence_in_reversible_quarantine,e09c31cf6a399a10b30bd828a52093e22b576473853c065247f67f33d711762b,86
REVIEW_QUEUE/fsmonitor-watchman.sample,PATH:REVIEW_QUEUE/fsmonitor-watchman.sample,path_locator_only,recovery_review_queue,sample,recovery_review_material:tracked,tracked,none_recovery_evidence,unclassified_recovery,unresolved,unique,utf8,retain_in_review_queue_pending_lineage_and_semantic_review,f3c0228d8e827f1c5260ac59fdd92c3d425c46e54711ef713c5a54ae0a4db2b4,4655
REVIEW_QUEUE/github_action.yml,PATH:REVIEW_QUEUE/github_action.yml,path_locator_only,recovery_review_queue,yml,recovery_review_material:tracked,tracked,none_recovery_evidence,unclassified_recovery,unresolved,unique,utf8,retain_in_review_queue_pending_lineage_and_semantic_review,e6ff39c805bb62dadf9a73d28d1f21a2484ba437748b71765ce47b070004540f,540
REVIEW_QUEUE/index,PATH:REVIEW_QUEUE/index,path_locator_only,recovery_review_queue,no_extension,recovery_review_material:tracked,tracked,none_recovery_evidence,unclassified_recovery,unresolved,unique,binary,retain_in_review_queue_pending_lineage_and_semantic_review,5fdb01709504f5a69ca01c0b1703dfe9b53b1bceb036228a495b70de23cfe5a0,36338
REVIEW_QUEUE/main.py,PATH:REVIEW_QUEUE/main.py,path_locator_only,recovery_review_queue,py,recovery_review_material:tracked,tracked,none_recovery_evidence,unclassified_recovery,unresolved,unique,utf8,retain_in_review_queue_pending_lineage_and_semantic_review,4ba051d0acb795bd009c1ee2cde1dffb15a17d70f5af16ea9f7c1c64bcef43df,5085
REVIEW_QUEUE/master,PATH:REVIEW_QUEUE/master,path_locator_only,recovery_review_queue,no_extension,recovery_review_material:tracked,tracked,none_recovery_evidence,unclassified_recovery,unresolved,unique,utf8,retain_in_review_queue_pending_lineage_and_semantic_review,fafb1e598fbf502d6d06081ff76c3e0ad49552bf3190c3438722d48f87c31b13,41
REVIEW_QUEUE/meta_plc.json,PATH:REVIEW_QUEUE/meta_plc.json,path_locator_only,recovery_review_queue,json,recovery_review_material:tracked,tracked,none_recovery_evidence,unclassified_recovery,unresolved,unique,utf8,retain_in_review_queue_pending_lineage_and_semantic_review,4262673e86337a927598e8bc28ec6241abea207f89e0baa06c98260c93c1f314,24621
REVIEW_QUEUE/misc.xml,PATH:REVIEW_QUEUE/misc.xml,path_locator_only,recovery_review_queue,xml,recovery_review_material:tracked,tracked,none_recovery_evidence,unclassified_recovery,unresolved,sha256:22afd100c8c4558f,utf8,retain_in_review_queue_pending_lineage_and_semantic_review,22afd100c8c4558f4fbbfe2e9f28e4ea05bd5e8f8ec1b8773d680e0e5d84876b,720
REVIEW_QUEUE/modules.xml,PATH:REVIEW_QUEUE/modules.xml,path_locator_only,recovery_review_queue,xml,recovery_review_material:tracked,tracked,none_recovery_evidence,unclassified_recovery,unresolved,sha256:5f5f4b725f253660,utf8,retain_in_review_queue_pending_lineage_and_semantic_review,5f5f4b725f253660d70837a546bc26ce071dbebdeea0709ddbdd6b7e72af68a9,260
REVIEW_QUEUE/phase_template.json,PATH:REVIEW_QUEUE/phase_template.json,path_locator_only,recovery_review_queue,json,recovery_review_material:tracked,tracked,none_recovery_evidence,unclassified_recovery,unresolved,unique,utf8,retain_in_review_queue_pending_lineage_and_semantic_review,94df27cddcdf96f8f5f170cbd63bda58ad91ddb4e934c0ed9a83a0c585e6668e,861
REVIEW_QUEUE/plc.py,PATH:REVIEW_QUEUE/plc.py,path_locator_only,recovery_review_queue,py,recovery_review_material:tracked,tracked,none_recovery_evidence,unclassified_recovery,unresolved,unique,utf8,retain_in_review_queue_pending_lineage_and_semantic_review,469e05fa9369f49ce0eeb58eb1ed152e794b92082b09b6f5215046c4f80b7d03,3389
REVIEW_QUEUE/plc_scaffold_from_meta.py,PATH:REVIEW_QUEUE/plc_scaffold_from_meta.py,path_locator_only,recovery_review_queue,py,recovery_review_material:tracked,tracked,none_recovery_evidence,unclassified_recovery,unresolved,unique,utf8,retain_in_review_queue_pending_lineage_and_semantic_review,94aa0bebc7dea5fcb305b31013c0c4fab84f67a68de0986835320bbc03043954,14980
REVIEW_QUEUE/post-update.sample,PATH:REVIEW_QUEUE/post-update.sample,path_locator_only,recovery_review_queue,sample,recovery_review_material:tracked,tracked,none_recovery_evidence,unclassified_recovery,unresolved,unique,utf8,retain_in_review_queue_pending_lineage_and_semantic_review,81765af2daef323061dcbc5e61fc16481cb74b3bac9ad8a174b186523586f6c5,189
REVIEW_QUEUE/pre-applypatch.sample,PATH:REVIEW_QUEUE/pre-applypatch.sample,path_locator_only,recovery_review_queue,sample,recovery_review_material:tracked,tracked,none_recovery_evidence,unclassified_recovery,unresolved,unique,utf8,retain_in_review_queue_pending_lineage_and_semantic_review,e15c5b469ea3e0a695bea6f2c82bcf8e62821074939ddd85b77e0007ff165475,424
REVIEW_QUEUE/pre-commit.sample,PATH:REVIEW_QUEUE/pre-commit.sample,path_locator_only,recovery_review_queue,sample,recovery_review_material:tracked,tracked,none_recovery_evidence,unclassified_recovery,unresolved,unique,utf8,retain_in_review_queue_pending_lineage_and_semantic_review,f9af7d95eb1231ecf2eba9770fedfa8d4797a12b02d7240e98d568201251244a,1643
REVIEW_QUEUE/pre-commit.yaml,PATH:REVIEW_QUEUE/pre-commit.yaml,path_locator_only,recovery_review_queue,yaml,recovery_review_material:tracked,tracked,none_recovery_evidence,unclassified_recovery,unresolved,unique,utf8,retain_in_review_queue_pending_lineage_and_semantic_review,5cbea89ee64eaceae93f6c9ce1e3569df68bb0a3140b07338b46ea2d7bb28b39,197
REVIEW_QUEUE/pre-merge-commit.sample,PATH:REVIEW_QUEUE/pre-merge-commit.sample,path_locator_only,recovery_review_queue,sample,recovery_review_material:tracked,tracked,none_recovery_evidence,unclassified_recovery,unresolved,unique,utf8,retain_in_review_queue_pending_lineage_and_semantic_review,d3825a70337940ebbd0a5c072984e13245920cdf8898bd225c8d27a6dfc9cb53,416
REVIEW_QUEUE/pre-push.sample,PATH:REVIEW_QUEUE/pre-push.sample,path_locator_only,recovery_review_queue,sample,recovery_review_material:tracked,tracked,none_recovery_evidence,unclassified_recovery,unresolved,unique,utf8,retain_in_review_queue_pending_lineage_and_semantic_review,ecce9c7e04d3f5dd9d8ada81753dd1d549a9634b26770042b58dda00217d086a,1374
REVIEW_QUEUE/pre-rebase.sample,PATH:REVIEW_QUEUE/pre-rebase.sample,path_locator_only,recovery_review_queue,sample,recovery_review_material:tracked,tracked,none_recovery_evidence,unclassified_recovery,unresolved,unique,utf8,retain_in_review_queue_pending_lineage_and_semantic_review,4febce867790052338076f4e66cc47efb14879d18097d1d61c8261859eaaa7b3,4898
REVIEW_QUEUE/pre-receive.sample,PATH:REVIEW_QUEUE/pre-receive.sample,path_locator_only,recovery_review_queue,sample,recovery_review_material:tracked,tracked,none_recovery_evidence,unclassified_recovery,unresolved,unique,utf8,retain_in_review_queue_pending_lineage_and_semantic_review,a4c3d2b9c7bb3fd8d1441c31bd4ee71a595d66b44fcf49ddb310252320169989,544
REVIEW_QUEUE/prepare-commit-msg.sample,PATH:REVIEW_QUEUE/prepare-commit-msg.sample,path_locator_only,recovery_review_queue,sample,recovery_review_material:tracked,tracked,none_recovery_evidence,unclassified_recovery,unresolved,unique,utf8,retain_in_review_queue_pending_lineage_and_semantic_review,e9ddcaa4189fddd25ed97fc8c789eca7b6ca16390b2392ae3276f0c8e1aa4619,1492
REVIEW_QUEUE/profiles_settings.xml,PATH:REVIEW_QUEUE/profiles_settings.xml,path_locator_only,recovery_review_queue,xml,recovery_review_material:tracked,tracked,none_recovery_evidence,unclassified_recovery,unresolved,sha256:6172c5997eeb3cd1,utf8,retain_in_review_queue_pending_lineage_and_semantic_review,6172c5997eeb3cd19c9ca2b5b97d6e2983cdd1fa60b2460d7bbb74055edcaa46,174
REVIEW_QUEUE/project_init.zip,PATH:REVIEW_QUEUE/project_init.zip,path_locator_only,recovery_review_queue,zip,archive_container:ignored,ignored,none_archive_container,archive_classified_separately,unresolved,unique,binary,retain_under_archive_classification_no_live_authority,5b15a9c55583ca7622da47c7bcc593a689eded024fae4fe66ed8560460fb43a9,57477
REVIEW_QUEUE/property-dictionary_old.md,PATH:REVIEW_QUEUE/property-dictionary_old.md,path_locator_only,recovery_review_queue,md,recovery_review_material:tracked,tracked,none_recovery_evidence,unclassified_recovery,unresolved,unique,utf8,retain_in_review_queue_pending_lineage_and_semantic_review,75a76cd8de50b97d7ffa0915e6dd71bc72674304f1d4ff62c016e4a1c23ea7ee,6236
REVIEW_QUEUE/push-to-checkout.sample,PATH:REVIEW_QUEUE/push-to-checkout.sample,path_locator_only,recovery_review_queue,sample,recovery_review_material:tracked,tracked,none_recovery_evidence,unclassified_recovery,unresolved,unique,utf8,retain_in_review_queue_pending_lineage_and_semantic_review,a53d0741798b287c6dd7afa64aee473f305e65d3f49463bb9d7408ec3b12bf5f,2783
REVIEW_QUEUE/pycharm_env.py,PATH:REVIEW_QUEUE/pycharm_env.py,path_locator_only,recovery_review_queue,py,recovery_review_material:tracked,tracked,none_recovery_evidence,unclassified_recovery,unresolved,unique,utf8,retain_in_review_queue_pending_lineage_and_semantic_review,1432c4397499a206d13eb2730df5097e572b86d79fb6ba98bff1af7e5e090263,2005
REVIEW_QUEUE/pyproject.toml,PATH:REVIEW_QUEUE/pyproject.toml,path_locator_only,recovery_review_queue,toml,recovery_review_material:tracked,tracked,none_recovery_evidence,unclassified_recovery,unresolved,unique,utf8,retain_in_review_queue_pending_lineage_and_semantic_review,f34adfdd3675b8225cd281052e44b0f0588fbf584e674f4a2d27f4324f210d85,375
REVIEW_QUEUE/python_code_init.py,PATH:REVIEW_QUEUE/python_code_init.py,path_locator_only,recovery_review_queue,py,recovery_review_material:tracked,tracked,none_recovery_evidence,unclassified_recovery,unresolved,unique,utf8,retain_in_review_queue_pending_lineage_and_semantic_review,055a16f11dddf18a4b4a168c68f421dc204457d08cd81b04e7b6bda9d9ad2f71,10431
REVIEW_QUEUE/python_heading_template.txt,PATH:REVIEW_QUEUE/python_heading_template.txt,path_locator_only,recovery_review_queue,txt,recovery_review_material:tracked,tracked,none_recovery_evidence,unclassified_recovery,unresolved,unique,utf8,retain_in_review_queue_pending_lineage_and_semantic_review,c144f94bd5a7924327b154d2061ad2cb14c446110745dd3935f5042625443ba2,2273
REVIEW_QUEUE/scaffold.py,PATH:REVIEW_QUEUE/scaffold.py,path_locator_only,recovery_review_queue,py,recovery_review_material:tracked,tracked,none_recovery_evidence,unclassified_recovery,unresolved,unique,utf8,retain_in_review_queue_pending_lineage_and_semantic_review,7a8c6662f9d1ecc4387198d4cd22dfd2a8fb2afd001426e77d37395d23842585,5067
REVIEW_QUEUE/scaffold_plc.py,PATH:REVIEW_QUEUE/scaffold_plc.py,path_locator_only,recovery_review_queue,py,recovery_review_material:tracked,tracked,none_recovery_evidence,unclassified_recovery,unresolved,unique,utf8,retain_in_review_queue_pending_lineage_and_semantic_review,536845e2149bc559a0728ae551cbb89864c53cfa1d595c4d149be468d1f1cbe6,10822
REVIEW_QUEUE/semantic_consistency_bibliography.md,PATH:REVIEW_QUEUE/semantic_consistency_bibliography.md,path_locator_only,recovery_review_queue,md,recovery_review_material:tracked,tracked,none_recovery_evidence,unclassified_recovery,unresolved,unique,utf8,retain_in_review_queue_pending_lineage_and_semantic_review,a6d801f631693184a37e28fd695d82c98c09b6e9155a8e421109af8e571b43f8,9215
REVIEW_QUEUE/services.schema.yaml,PATH:REVIEW_QUEUE/services.schema.yaml,path_locator_only,recovery_review_queue,yaml,recovery_review_material:tracked,tracked,none_recovery_evidence,unclassified_recovery,unresolved,unique,utf8,retain_in_review_queue_pending_lineage_and_semantic_review,a89d85c986a3183601a171063d197f9711a21999fdc28a06328cafd779d6fc93,2200
REVIEW_QUEUE/services.topology.schema.yaml,PATH:REVIEW_QUEUE/services.topology.schema.yaml,path_locator_only,recovery_review_queue,yaml,recovery_review_material:tracked,tracked,none_recovery_evidence,unclassified_recovery,unresolved,unique,utf8,retain_in_review_queue_pending_lineage_and_semantic_review,f9e7916c265bf7490c1844b3b87e634aa9dc5a3a15e06eaa0e99bd87292509f2,1946
REVIEW_QUEUE/session_prompt.md,PATH:REVIEW_QUEUE/session_prompt.md,path_locator_only,recovery_review_queue,md,recovery_review_material:tracked,tracked,none_recovery_evidence,unclassified_recovery,unresolved,unique,utf8,retain_in_review_queue_pending_lineage_and_semantic_review,68d683e0ddbe441ef34848efb1b657c2e9d7638eacdfe7e8cf0041fef8061ea1,2822
REVIEW_QUEUE/symbiotic.yaml,PATH:REVIEW_QUEUE/symbiotic.yaml,path_locator_only,recovery_review_queue,yaml,recovery_review_material:tracked,tracked,none_recovery_evidence,unclassified_recovery,unresolved,unique,utf8,retain_in_review_queue_pending_lineage_and_semantic_review,aa0f485b5f532c1ba31f3ba015cab832a318e8f2c2a930ebe4dcb54d4093f9fc,366
REVIEW_QUEUE/symbiotic_checks.py,PATH:REVIEW_QUEUE/symbiotic_checks.py,path_locator_only,recovery_review_queue,py,recovery_review_material:tracked,tracked,none_recovery_evidence,unclassified_recovery,unresolved,unique,utf8,retain_in_review_queue_pending_lineage_and_semantic_review,4a7f3002af1f9fae81df7a2f5f027d0de4576652356a0001667c7e2033dc88fa,14172
REVIEW_QUEUE/symk_md2pdf_runner.py,PATH:REVIEW_QUEUE/symk_md2pdf_runner.py,path_locator_only,recovery_review_queue,py,recovery_review_material:tracked,tracked,none_recovery_evidence,unclassified_recovery,unresolved,unique,utf8,retain_in_review_queue_pending_lineage_and_semantic_review,ed9f071545c7a041bd45f817209855e68dda3acc0a9e4f327fe1e73b56728b99,1666
REVIEW_QUEUE/symk_md2pdf_runner.textClipping,PATH:REVIEW_QUEUE/symk_md2pdf_runner.textClipping,path_locator_only,recovery_review_queue,textclipping,recovery_review_material:ignored,ignored,none_recovery_evidence,unclassified_recovery,unresolved,unique,binary,retain_in_review_queue_pending_lineage_and_semantic_review,090d6a6678260bb6dc929df46bdf7dc8f0cad3dda7ea9aa5b26a4693b92730a8,239
REVIEW_QUEUE/templates.py,PATH:REVIEW_QUEUE/templates.py,path_locator_only,recovery_review_queue,py,recovery_review_material:tracked,tracked,none_recovery_evidence,unclassified_recovery,unresolved,unique,utf8,retain_in_review_queue_pending_lineage_and_semantic_review,dcd246017d115eb4cefa58c1b71b8c44b5bc0b6be342281edcffcf73db162865,14285
REVIEW_QUEUE/top_level.txt,PATH:REVIEW_QUEUE/top_level.txt,path_locator_only,recovery_review_queue,txt,recovery_review_material:tracked,tracked,none_recovery_evidence,unclassified_recovery,unresolved,unique,utf8,retain_in_review_queue_pending_lineage_and_semantic_review,aabefc5b22668a9031f4e0886f5361c65800154242098b9655fac68da8eefcdf,13
REVIEW_QUEUE/update.sample,PATH:REVIEW_QUEUE/update.sample,path_locator_only,recovery_review_queue,sample,recovery_review_material:tracked,tracked,none_recovery_evidence,unclassified_recovery,unresolved,unique,utf8,retain_in_review_queue_pending_lineage_and_semantic_review,8d5f2fa83e103cf08b57eaa67521df9194f45cbdbcb37da52ad586097a14d106,3650
REVIEW_QUEUE/utils.py,PATH:REVIEW_QUEUE/utils.py,path_locator_only,recovery_review_queue,py,recovery_review_material:tracked,tracked,none_recovery_evidence,unclassified_recovery,unresolved,unique,utf8,retain_in_review_queue_pending_lineage_and_semantic_review,636724ec3dc9db67c5e131dc3f435fb8c9a4d813d90234682fbd41f623e829d6,1378
REVIEW_QUEUE/vcs.xml,PATH:REVIEW_QUEUE/vcs.xml,path_locator_only,recovery_review_queue,xml,recovery_review_material:tracked,tracked,none_recovery_evidence,unclassified_recovery,unresolved,sha256:55768f1f84fb117f,utf8,retain_in_review_queue_pending_lineage_and_semantic_review,55768f1f84fb117f1d0fc383e180b5d0aa5e5e6584c8c4a2995c15b4237f0972,180
REVIEW_QUEUE/workspace.xml,SYMK-CHARTER-001_The_SymK_Charter_v0.1.md,detected_in_content,recovery_review_queue,xml,recovery_review_material:tracked,tracked,none_recovery_evidence,unclassified_recovery,unresolved,unique,utf8,retain_in_review_queue_pending_lineage_and_semantic_review,d91febf3c0e6704cfa7303dcb265a4e508b1bb592ede71a15baa3a2825457416,7476
REVIEW_QUEUE/~$ssion_Starter.docx,PATH:REVIEW_QUEUE/~$ssion_Starter.docx,path_locator_only,recovery_review_queue,docx,recovery_review_material:ignored,ignored,none_recovery_evidence,unclassified_recovery,unresolved,unique,binary,retain_in_review_queue_pending_lineage_and_semantic_review,cea461fbcf0fd029cf276d8d96180ee63963d54f284ec7a11917f7bf30e6e1e3,162
SymK 2.x Evolution history/.DS_Store,PATH:SymK 2.x Evolution history/.DS_Store,path_locator_only,evolution/root,no_extension,local_tool_or_os_metadata:ignored,ignored,none_nonsemantic_metadata,non_corpus_technical,unresolved,unique,binary,exclude_from_semantic_corpus_reversible_cleanup_candidate,9ad8845dfaa79ceb7ef0274dd234f09e182ca70d0b1c41b72ccf9b024327b770,6148
SymK 2.x Evolution history/00_CONTROL/EVOLUTION_GOVERNANCE.md,PATH:SymK 2.x Evolution history/00_CONTROL/EVOLUTION_GOVERNANCE.md,path_locator_only,evolution/00_CONTROL,md,live_repository_path:tracked,tracked,unverified_no_authority_inferred,not_assessed_at_m0,unresolved,unique,utf8,preserve_in_place_pending_later_semantic_disposition,dff161304f5fae7bd6227c5590cdf6ab0f2ffdb7eb5ca8ccf619a773517c3aa4,2838
SymK 2.x Evolution history/00_CONTROL/PROGRAM_REGISTERS.md,SYMK-2X-DR-nnn,detected_in_content,evolution/00_CONTROL,md,live_repository_path:tracked,tracked,unverified_no_authority_inferred,not_assessed_at_m0,unresolved,unique,utf8,preserve_in_place_pending_later_semantic_disposition,4512a189ca0eba6a4af63eb3bea008babdb839cd2ebbf801d4010c3714c91e3e,808
SymK 2.x Evolution history/00_CONTROL/STATUS_MODEL.md,PATH:SymK 2.x Evolution history/00_CONTROL/STATUS_MODEL.md,path_locator_only,evolution/00_CONTROL,md,live_repository_path:tracked,tracked,unverified_no_authority_inferred,not_assessed_at_m0,unresolved,unique,utf8,preserve_in_place_pending_later_semantic_disposition,bc7d2f7ca6fb6ba293fadfa096c0098483fe114432370661c5aeecd755c9ae8b,1030
SymK 2.x Evolution history/00_CONTROL/VERSIONING_POLICY.md,PATH:SymK 2.x Evolution history/00_CONTROL/VERSIONING_POLICY.md,path_locator_only,evolution/00_CONTROL,md,live_repository_path:tracked,tracked,unverified_no_authority_inferred,not_assessed_at_m0,unresolved,unique,utf8,preserve_in_place_pending_later_semantic_disposition,fca59db69d8277b3ad281f2a4eb32f995ddc88f0f8ab3a905ef8182e9f1700da,1208
SymK 2.x Evolution history/01_ROADMAP/STAGE_GATES.md,PATH:SymK 2.x Evolution history/01_ROADMAP/STAGE_GATES.md,path_locator_only,evolution/01_ROADMAP,md,live_repository_path:tracked,tracked,unverified_no_authority_inferred,not_assessed_at_m0,unresolved,unique,utf8,preserve_in_place_pending_later_semantic_disposition,49a995a9dac427d396a224dc3523241134fbb1bb13af7d5b58602753d8b35590,632
SymK 2.x Evolution history/01_ROADMAP/SYMK-2X-PLAN-002_Migration_and_Consolidation_Plan_v0.1.md,SYMK-2X-PLAN-002,declared_in_content,evolution/01_ROADMAP,md,live_repository_path:tracked,tracked,declared_non_normative,declared:Proposed — awaiting project-steward review,unresolved,unique,utf8,preserve_in_place_pending_later_semantic_disposition,56d7a597e72c9a23e30ec69e6034fffcf959cdf37f14f74553f64914f3f6fda0,39743
SymK 2.x Evolution history/01_ROADMAP/SYMK_2X_ROADMAP.md,SYMK-P,detected_in_content,evolution/01_ROADMAP,md,live_repository_path:tracked,tracked,unverified_no_authority_inferred,not_assessed_at_m0,unresolved,unique,utf8,preserve_in_place_pending_later_semantic_disposition,01b8b8a95dfb92d6c695889a3850edf741c72070c4396cbaad3df18d75c4f508,2617
SymK 2.x Evolution history/2.0/2.0.1_Identity_Analysis.md,SYMK-2X-DR-001,detected_in_content,evolution/2.0,md,live_repository_path:tracked,tracked,declared_program_authority,declared:Stage-Accepted,unresolved,unique,utf8,preserve_in_place_pending_later_semantic_disposition,9b1d0d25834324bd5246041047b8438cbb76a3645be5596ac899d0e400443452,16658
SymK 2.x Evolution history/2.0/2.0.2_Purpose_Analysis.md,SYMK-2X-DR-002,detected_in_content,evolution/2.0,md,live_repository_path:tracked,tracked,declared_program_authority,declared:Stage-Accepted,unresolved,unique,utf8,preserve_in_place_pending_later_semantic_disposition,47eee627078e57bbbbbe27af8371e82af3bfbb1c186092fa2bf6df580347203d,16902
SymK 2.x Evolution history/2.0/2.0.3_Jurisdiction_Analysis.md,SYMK-2X-DR-003,detected_in_content,evolution/2.0,md,live_repository_path:tracked,tracked,declared_program_authority,declared:Stage-Accepted,unresolved,unique,utf8,preserve_in_place_pending_later_semantic_disposition,75a641fd8bf604553e81ffb15dc654f7cefe46118cc4ec6bbf348340cb21f30b,23388
SymK 2.x Evolution history/2.0/2.0.4.1_Layer_Model.md,SYMK-2X-DR-005,detected_in_content,evolution/2.0,md,live_repository_path:tracked,tracked,unverified_no_authority_inferred,declared:Substep-Accepted,unresolved,unique,utf8,preserve_in_place_pending_later_semantic_disposition,1cb37a1b22f2f367ba27c3f65340cc6c31a71f6158a7a41b91c1355506208324,12861
SymK 2.x Evolution history/2.0/2.0.4.2_Ownership_and_Placement.md,SYMK-2X-DR-005,detected_in_content,evolution/2.0,md,live_repository_path:tracked,tracked,unverified_no_authority_inferred,declared:Substep-Accepted,unresolved,unique,utf8,preserve_in_place_pending_later_semantic_disposition,e9751b37a6af09c646b73fcce8099dc39bb7356b472f19ad50714c388910cbdd,13684
SymK 2.x Evolution history/2.0/2.0.4.3_Interlayer_Relationships.md,SYMK-2X-DR-005,detected_in_content,evolution/2.0,md,live_repository_path:tracked,tracked,unverified_no_authority_inferred,declared:Substep-Accepted,unresolved,unique,utf8,preserve_in_place_pending_later_semantic_disposition,b7de4eeee907b1b2349ad1fc87e89bd9ea58a2bd06024a730acd9a969ec2f3f2,12451
SymK 2.x Evolution history/2.0/2.0.4.4_Conflict_and_Feedback_Direction.md,SYMK-2X-DR-005,detected_in_content,evolution/2.0,md,live_repository_path:tracked,tracked,unverified_no_authority_inferred,declared:Substep-Accepted,unresolved,unique,utf8,preserve_in_place_pending_later_semantic_disposition,6b2a9a9f86d21001f3cfec794827b5c91e34c0be5c25bd6dd4fb0de56f9c54f9,13782
SymK 2.x Evolution history/2.0/2.0.4.5_Placement_Tests_and_Decision.md,SYMK-2X-DR-005,detected_in_content,evolution/2.0,md,live_repository_path:tracked,tracked,unverified_no_authority_inferred,declared:Substep-Accepted,unresolved,unique,utf8,preserve_in_place_pending_later_semantic_disposition,bf3462f220debbd9b64443b2de1b171f276269115662a37222979766fbee2c3b,18832
SymK 2.x Evolution history/2.0/2.0.4_Layer_Boundary_Analysis.md,SYMK-2X-DR-005,detected_in_content,evolution/2.0,md,live_repository_path:tracked,tracked,declared_program_authority,declared:Stage-Accepted,unresolved,unique,utf8,preserve_in_place_pending_later_semantic_disposition,58ecfb61dc0a53cbe4bae648ddef4d595c161e58c16c79e9a7ec95405240ac70,7988
SymK 2.x Evolution history/2.0/2.0.5.1_Tension_Inventory.md,SYMK-2X-DR-001,detected_in_content,evolution/2.0,md,live_repository_path:tracked,tracked,unverified_no_authority_inferred,declared:Substep-Accepted,unresolved,unique,utf8,preserve_in_place_pending_later_semantic_disposition,52ad5faff29e45a425d83a5924b4d435c6f2473f8ebd59e725624204e93294d1,10304
SymK 2.x Evolution history/2.0/2.0.5.2_Classification_and_Jurisdiction.md,SYMK-2X-DR-006,detected_in_content,evolution/2.0,md,live_repository_path:tracked,tracked,unverified_no_authority_inferred,declared:Substep-Accepted,unresolved,unique,utf8,preserve_in_place_pending_later_semantic_disposition,5c8536429afe3b0ea402acaa5a4dc5d06ea0924d9ddba9ba6fb0dde3b29c8d20,14739
SymK 2.x Evolution history/2.0/2.0.5.3_Minimum_SymK_Disposition.md,SYMK-2X-DR-006,detected_in_content,evolution/2.0,md,live_repository_path:tracked,tracked,unverified_no_authority_inferred,declared:Substep-Accepted,unresolved,unique,utf8,preserve_in_place_pending_later_semantic_disposition,29211c933aa1e3cdaf9331343b286d441d523126015f7211abf7ae8febf58c51,15675
SymK 2.x Evolution history/2.0/2.0.5.4_Complex_Tension_Dossiers.md,SYMK-2X-DR-006,detected_in_content,evolution/2.0,md,live_repository_path:tracked,tracked,unverified_no_authority_inferred,declared:Substep-Accepted,unresolved,unique,utf8,preserve_in_place_pending_later_semantic_disposition,f1655fea8fa31b60121df242bd436bbf8da3c9293b120d450016f7b70f3a606a,24019
SymK 2.x Evolution history/2.0/2.0.5.5_Consolidated_Tension_Register.md,SYMK-2X-DR-006,detected_in_content,evolution/2.0,md,live_repository_path:tracked,tracked,unverified_no_authority_inferred,declared:Substep-Accepted,unresolved,unique,utf8,preserve_in_place_pending_later_semantic_disposition,641044659d0b4045a868f4be74397b882ceac2f13631fb492f6633e859b3d944,14581
SymK 2.x Evolution history/2.0/2.0.5_Tension_Register.md,SYMK-2X-DR-006,detected_in_content,evolution/2.0,md,live_repository_path:tracked,tracked,declared_program_authority,declared:Stage-Accepted,unresolved,unique,utf8,preserve_in_place_pending_later_semantic_disposition,80957c8f81b39c104fefb43c48f34345ab27d5d2f99177f4b5db8d54d3b1439c,3736
SymK 2.x Evolution history/2.0/2.0.6.1_Cross_Document_Consistency_Audit.md,SYMK-2X-DR-007,detected_in_content,evolution/2.0,md,live_repository_path:tracked,tracked,unverified_no_authority_inferred,declared:Completed,unresolved,unique,utf8,preserve_in_place_pending_later_semantic_disposition,160df095faf7bb17a1726de674f24ca7a051d851b2aac7a1d19d2a484b2bc3fa,9364
SymK 2.x Evolution history/2.0/2.0.6.2_Final_Stage_Acceptance.md,SYMK-2X-DR-008,detected_in_content,evolution/2.0,md,live_repository_path:tracked,tracked,declared_program_authority,declared:Stage-Accepted,unresolved,unique,utf8,preserve_in_place_pending_later_semantic_disposition,7c72c34ef289b85c115bc93cbde0215425a1d1265284d5ae6843e8db46dc90d5,5419
SymK 2.x Evolution history/2.0/2.0.6_Consolidated_Baseline.md,SYMK-2X-DR-007,detected_in_content,evolution/2.0,md,live_repository_path:tracked,tracked,declared_program_authority,declared:Stage-Accepted final baseline,unresolved,unique,utf8,preserve_in_place_pending_later_semantic_disposition,d760ce70a25a70af7a29675d61817b3dcd5336b5556a990851510d6315fda252,27671
SymK 2.x Evolution history/2.0/CHANGE_LOG.md,SYMK-2X-CH-001,detected_in_content,evolution/2.0,md,live_repository_path:tracked,tracked,unverified_no_authority_inferred,not_assessed_at_m0,unresolved,unique,utf8,preserve_in_place_pending_later_semantic_disposition,b81d4255ca6264e584d4b8cc8b77d67a04ea95f657c082e0dbd2e448dc81f8a2,10641
SymK 2.x Evolution history/2.0/DECISION_REGISTER.md,SYMK-2X-DR-001,detected_in_content,evolution/2.0,md,live_repository_path:tracked,tracked,unverified_no_authority_inferred,not_assessed_at_m0,unresolved,unique,utf8,preserve_in_place_pending_later_semantic_disposition,064daad22ba81a18155db8a7420954e50c7c7da29ce2a96524c9ba8881f9eb90,5973
SymK 2.x Evolution history/2.0/DEFERRED_QUESTIONS.md,SYMK-2X-DQ-001,detected_in_content,evolution/2.0,md,live_repository_path:tracked,tracked,unverified_no_authority_inferred,not_assessed_at_m0,unresolved,unique,utf8,preserve_in_place_pending_later_semantic_disposition,b0e7978c0704d57a31d5fb55ab7425b6b1aa70733f47d3836991deb53e65d466,6157
SymK 2.x Evolution history/2.0/EVIDENCE_REGISTER.md,SYMK-2X-EV-001,detected_in_content,evolution/2.0,md,live_repository_path:tracked,tracked,unverified_no_authority_inferred,not_assessed_at_m0,unresolved,unique,utf8,preserve_in_place_pending_later_semantic_disposition,a80d785971344ce36fb7e81ea0400c678b8b040f7dfded0ec2c3c98ee41c4102,18675
SymK 2.x Evolution history/2.0/README.md,DR-001,detected_in_content,evolution/2.0,md,live_repository_path:tracked,tracked,declared_program_authority,declared:Stage-Accepted,unresolved,unique,utf8,preserve_in_place_pending_later_semantic_disposition,d874f59feb1e64d3ed3a57d08776a1602c1e09b0239bd404ee19782c66a1969c,2813
SymK 2.x Evolution history/2.0/Summary.md,SYMK-2X-DR-008,detected_in_content,evolution/2.0,md,live_repository_path:tracked,tracked,declared_program_authority,declared:Stage-Accepted,unresolved,unique,utf8,preserve_in_place_pending_later_semantic_disposition,bf8fd5a24e4b8260ced52c6bfad3cd782a89d910061b46c5fdf3955549d18085,5256
SymK 2.x Evolution history/2.1.zip,PATH:SymK 2.x Evolution history/2.1.zip,path_locator_only,evolution/root,zip,archive_container:ignored,ignored,none_archive_container,archive_classified_separately,unresolved,unique,binary,retain_under_archive_classification_no_live_authority,e8ac2cc410af4a122b6099e46a5883a34de16d2387d3e4e07d91b2024d371799,60983
SymK 2.x Evolution history/2.1/2.1.10_Foundation_Papers_v0.2_and_Human_Communication.md,PATH:SymK 2.x Evolution history/2.1/2.1.10_Foundation_Papers_v0.2_and_Human_Communication.md,path_locator_only,evolution/2.1,md,live_repository_path:tracked,tracked,declared_non_normative,declared:Planned,unresolved,unique,utf8,preserve_in_place_pending_later_semantic_disposition,2bf697e1a19b276d6b5064d000a07e4b4ca27f66ed963347449e73c0b0ec7b89,4384
SymK 2.x Evolution history/2.1/2.1.11.1_Cross_Document_Consistency_Audit.md,PATH:SymK 2.x Evolution history/2.1/2.1.11.1_Cross_Document_Consistency_Audit.md,path_locator_only,evolution/2.1,md,live_repository_path:tracked,tracked,declared_non_normative,declared:Planned,unresolved,unique,utf8,preserve_in_place_pending_later_semantic_disposition,74301331885edfaae375fa692b43e5360b73850ccf8ca70ceed2fb9d50285bcc,1047
SymK 2.x Evolution history/2.1/2.1.11.2_Final_Stage_Acceptance.md,PATH:SymK 2.x Evolution history/2.1/2.1.11.2_Final_Stage_Acceptance.md,path_locator_only,evolution/2.1,md,live_repository_path:tracked,tracked,declared_non_normative,declared:Planned,unresolved,unique,utf8,preserve_in_place_pending_later_semantic_disposition,426144b5dd370b4f003a1826f89ded142d11ea64154b5b9f03033d9a0d158a53,1072
SymK 2.x Evolution history/2.1/2.1.11_Final_Consistency_Audit_and_Stage_Acceptance.md,PATH:SymK 2.x Evolution history/2.1/2.1.11_Final_Consistency_Audit_and_Stage_Acceptance.md,path_locator_only,evolution/2.1,md,live_repository_path:tracked,tracked,declared_non_normative,declared:Planned,unresolved,unique,utf8,preserve_in_place_pending_later_semantic_disposition,33a288a09e03e1c3a4d9380e095f450cbd591b5937905d64cab57cbc686145e5,887
SymK 2.x Evolution history/2.1/2.1.1_Stage_Frame_and_Concept_Governance.md,SYMK-2X-DR-009,detected_in_content,evolution/2.1,md,live_repository_path:tracked,tracked,declared_program_authority,declared:Stage-Accepted for continuation of SymK 2.1,unresolved,unique,utf8,preserve_in_place_pending_later_semantic_disposition,21d01ffd05aca2c088e318a00b18258d12bb485c674e0cf038c25ead4a9514e9,30671
SymK 2.x Evolution history/2.1/2.1.2_Concept_Inventory_and_Structural_Boundaries.md,SYMK-2X-DR-010,detected_in_content,evolution/2.1,md,live_repository_path:tracked,tracked,declared_program_authority,declared:Stage-Accepted for continuation of SymK 2.1,unresolved,unique,utf8,preserve_in_place_pending_later_semantic_disposition,1ac156d6db81267fd79ea1f4415242e26d9385e1e59964fcc9150abee801f4d9,36437
SymK 2.x Evolution history/2.1/2.1.3_Knowledge_and_Intelligence_Reciprocal_Core.md,SYMK-2X-DR-011,detected_in_content,evolution/2.1,md,live_repository_path:tracked,tracked,declared_non_normative,declared:Planned — explicitly not started at the 2.1.2 pause checkpoint,unresolved,unique,utf8,preserve_in_place_pending_later_semantic_disposition,dbaa17ff31e51577baafee36d7622672b6bcbbeac9bd7de4840ef2ca62bb9aed,2562
SymK 2.x Evolution history/2.1/2.1.4_Knowledge_Engineering_Epistemic_Conditions_and_Representation.md,DQ-018,detected_in_content,evolution/2.1,md,live_repository_path:tracked,tracked,declared_non_normative,declared:Planned,unresolved,unique,utf8,preserve_in_place_pending_later_semantic_disposition,7a156ea826a5f7306bb0e317599bca186bb22816853a49379a23d0675ab4f225,1801
SymK 2.x Evolution history/2.1/2.1.5_Cooperation_and_Cooperative_Formation.md,DQ-003,detected_in_content,evolution/2.1,md,live_repository_path:tracked,tracked,declared_non_normative,declared:Planned,unresolved,unique,utf8,preserve_in_place_pending_later_semantic_disposition,71e59af85b2b7ece26ce88fdee054a7c08a44f93b865cf346bda4048d8c64264,1622
SymK 2.x Evolution history/2.1/2.1.6_Responsibility_Agency_and_Authority.md,DQ-005,detected_in_content,evolution/2.1,md,live_repository_path:tracked,tracked,declared_non_normative,declared:Planned,unresolved,unique,utf8,preserve_in_place_pending_later_semantic_disposition,4cb4cc305dc7fd68713f9ee8e78c1b40f42aa7506906a585e4e734be948508d4,1614
SymK 2.x Evolution history/2.1/2.1.7_Amplified_Intelligence_and_Domain_Intelligence_Amplifiers.md,DQ-011,detected_in_content,evolution/2.1,md,live_repository_path:tracked,tracked,declared_non_normative,declared:Planned,unresolved,unique,utf8,preserve_in_place_pending_later_semantic_disposition,6a00f67d83464b700d527675de2cbaf031d1370580ebd55bb230b73f68b12a32,1657
SymK 2.x Evolution history/2.1/2.1.8_Reasoning_Answers_Value_and_Feedback.md,DQ-014,detected_in_content,evolution/2.1,md,live_repository_path:tracked,tracked,declared_non_normative,declared:Planned,unresolved,unique,utf8,preserve_in_place_pending_later_semantic_disposition,32ae3a508a09bc809383c95b5d2b93463bb7facea04d43c2b8aa8ad3e934ef91,1855
SymK 2.x Evolution history/2.1/2.1.9_Integrated_Conceptual_Baseline_Candidate.md,PATH:SymK 2.x Evolution history/2.1/2.1.9_Integrated_Conceptual_Baseline_Candidate.md,path_locator_only,evolution/2.1,md,live_repository_path:tracked,tracked,declared_non_normative,declared:Planned,unresolved,unique,utf8,preserve_in_place_pending_later_semantic_disposition,946b2b4d9b4836d0fb3fa98000be76ceb5e11997fc922f7b0524cab26ec59267,1504
SymK 2.x Evolution history/2.1/CHANGE_LOG.md,SYMK-2X-CH-041,detected_in_content,evolution/2.1,md,live_repository_path:tracked,tracked,unverified_no_authority_inferred,not_assessed_at_m0,unresolved,unique,utf8,preserve_in_place_pending_later_semantic_disposition,18c101affd6d571af6d3432b721529af980e1e84fb5486c89be22bc66a55c8d8,3099
SymK 2.x Evolution history/2.1/CONCEPT_REGISTER.md,SYMK-2X-DR-009,detected_in_content,evolution/2.1,md,live_repository_path:tracked,tracked,declared_program_authority,declared:Complete routed inventory; governance method Stage-Accepted through `SYMK-2X-DR-009`; structural dispositions Stage-Accepted through `SYMK-2X-DR-010`,unresolved,unique,utf8,preserve_in_place_pending_later_semantic_disposition,81d919962a6ba1be3a0025f0b0511c07237b9af167e02584d5dd27bbb9be6381,5850
SymK 2.x Evolution history/2.1/DECISION_REGISTER.md,DR-010,detected_in_content,evolution/2.1,md,live_repository_path:tracked,tracked,unverified_no_authority_inferred,not_assessed_at_m0,unresolved,unique,utf8,preserve_in_place_pending_later_semantic_disposition,ebe1d084682dcaacf41474e659c450d55a9a4e93263621119f68d7202bca1e82,7740
SymK 2.x Evolution history/2.1/DEFERRED_QUESTIONS.md,SYMK-2X-DQ-001,detected_in_content,evolution/2.1,md,live_repository_path:tracked,tracked,unverified_no_authority_inferred,not_assessed_at_m0,unresolved,unique,utf8,preserve_in_place_pending_later_semantic_disposition,0c52d96e9ef74b428f33af56d467eadfe0d7d94649fb8cb7fbeb5d8b3bd3310f,3565
SymK 2.x Evolution history/2.1/EVIDENCE_REGISTER.md,SYMK-2X-EV-002,detected_in_content,evolution/2.1,md,live_repository_path:tracked,tracked,unverified_no_authority_inferred,not_assessed_at_m0,unresolved,unique,utf8,preserve_in_place_pending_later_semantic_disposition,a3f9b45f7f03fec4788ecc8035879e348ca60eb6b6ca6682b3de66cc70282ea4,8519
SymK 2.x Evolution history/2.1/FOUNDATION_PAPER_REVISION_LEDGER.md,DR-009,detected_in_content,evolution/2.1,md,live_repository_path:tracked,tracked,unverified_no_authority_inferred,declared:Active impact ledger,unresolved,unique,utf8,preserve_in_place_pending_later_semantic_disposition,31d7cc966016a81cfab886cbbff63a3ce248105b0c50f6c75fe7ab2efe1f4e64,4787
SymK 2.x Evolution history/2.1/M0_EVIDENCE_MANIFEST_2026-08-18.sha256,SYMK-2X-PLAN-002_Migration_and_Consolidation_Plan_v0.1.md,detected_in_content,evolution/2.1,sha256,live_repository_path:tracked,tracked,unverified_no_authority_inferred,not_assessed_at_m0,unresolved,unique,utf8,preserve_in_place_pending_later_semantic_disposition,4874e04f729f82204c7faa0338b76bf1b55909b748fd88887b549b4bf7d498b1,4602
SymK 2.x Evolution history/2.1/M0_PAUSE_CHECKPOINT_2026-08-18.md,SYMK-2X-EV-081,detected_in_content,evolution/2.1,md,live_repository_path:tracked,tracked,unverified_no_authority_inferred,declared:Recorded closure checkpoint,unresolved,unique,utf8,preserve_in_place_pending_later_semantic_disposition,d6558b7472aad5b554a3ea0c78381beab6ee3c4ecff97096d4e0e8a8a86aa11d,5856
SymK 2.x Evolution history/2.1/MATURATION_NOTES_2.1.2_PAUSE.md,SYMK-2X-DR-009,detected_in_content,evolution/2.1,md,live_repository_path:tracked,tracked,declared_non_normative,declared:Observed-only evidence inbox,unresolved,unique,utf8,preserve_in_place_pending_later_semantic_disposition,1d1123722e309e22ba434635b18a5353745ba0ba4062d8dec03491e61c2e2f15,12210
SymK 2.x Evolution history/2.1/README.md,SYMK-2X-DR-008,detected_in_content,evolution/2.1,md,live_repository_path:tracked,tracked,declared_program_authority,declared:Active — 2.1.1 and 2.1.2 Stage-Accepted; M0 corpus-control completion proposed before 2.1.3,"SymK `2.0`, Stage-Accepted through `SYMK-2X-DR-008` on 18 August 2026",unique,utf8,preserve_in_place_pending_later_semantic_disposition,4a34370311e9866be61c794953e75e17b8904e13dc22b9d4fb0fd79b8ba44c4a,8781
SymK 2.x Evolution history/2.1/Summary.md,DR-009,detected_in_content,evolution/2.1,md,live_repository_path:tracked,tracked,declared_program_authority,declared:Active — DR-009 and DR-010 Stage-Accepted; M0 corpus-control completion proposed before 2.1.3,unresolved,unique,utf8,preserve_in_place_pending_later_semantic_disposition,d0ad37fd209004be970b95f115b5a1a7f4b9971cf8ba054d04c483f7c1b9aa90,2726
SymK 2.x Evolution history/2.1/TENSION_REGISTER.md,SYMK-2X-TN-001,detected_in_content,evolution/2.1,md,live_repository_path:tracked,tracked,unverified_no_authority_inferred,not_assessed_at_m0,unresolved,unique,utf8,preserve_in_place_pending_later_semantic_disposition,934506bddc60941e58cba399d48c2bc00ca8bdefd32eb3dce7559a7234fb214b,2053
SymK 2.x Evolution history/Overview.md,SYMK-P,detected_in_content,evolution/root,md,live_repository_path:tracked,tracked,unverified_no_authority_inferred,not_assessed_at_m0,unresolved,unique,utf8,preserve_in_place_pending_later_semantic_disposition,230b9a1bc2bc4103404cf143896bcfa4ff9190699ae22336068f56902bf479d2,3572
SymK 2.x Evolution history/README.md,PATH:SymK 2.x Evolution history/README.md,path_locator_only,evolution/root,md,live_repository_path:tracked,tracked,unverified_no_authority_inferred,declared:Active evolution-control workspace,unresolved,unique,utf8,preserve_in_place_pending_later_semantic_disposition,2170537d41916802a8e83ce5e7f8e41590b608e34b193b704246cf71227bd9d9,3007
SymK/.idea/.gitignore,PATH:SymK/.idea/.gitignore,path_locator_only,nested_legacy_or_migrated_symk,no_extension,live_repository_path:ignored,ignored,unverified_no_authority_inferred,not_assessed_at_m0,unresolved,sha256:0a5548b173aac0ef,utf8,preserve_in_place_pending_later_semantic_disposition,0a5548b173aac0ef943bbb3af850d676f7b651ddedb9f8d7f06735bc2809b3db,176
SymK/docs/.DS_Store,PATH:SymK/docs/.DS_Store,path_locator_only,nested_legacy_or_migrated_symk,no_extension,local_tool_or_os_metadata:ignored,ignored,none_nonsemantic_metadata,non_corpus_technical,unresolved,unique,binary,exclude_from_semantic_corpus_reversible_cleanup_candidate,4a7649d8f05ad58e94fe61728a1aebc08c0940aec668763293e9a587e508df50,10244
SymK/docs/90_ARCHIVE/1_Discovery/README.md,PATH:SymK/docs/90_ARCHIVE/1_Discovery/README.md,path_locator_only,nested_legacy_or_migrated_symk,md,live_repository_path:tracked,tracked,unverified_no_authority_inferred,not_assessed_at_m0,unresolved,unique,utf8,preserve_in_place_pending_later_semantic_disposition,02767607b4b78b04ef0bfb2c5ba282814659dca1acde1b5473fcfc13b86729b9,177
SymK/docs/90_ARCHIVE/PLC-Product_Life_Cycle/10_Documentation/10.1_Technical_Docs/README.md,PATH:SymK/docs/90_ARCHIVE/PLC-Product_Life_Cycle/10_Documentation/10.1_Technical_Docs/README.md,path_locator_only,nested_legacy_or_migrated_symk,md,live_repository_path:tracked,tracked,unverified_no_authority_inferred,not_assessed_at_m0,unresolved,unique,utf8,preserve_in_place_pending_later_semantic_disposition,ec38250fbdb63bcb67c1408fd280d7bbd5b609320fc3b60d4bbb8bec55c3581b,93
SymK/docs/90_ARCHIVE/PLC-Product_Life_Cycle/10_Documentation/10.2_User_Docs/README.md,PATH:SymK/docs/90_ARCHIVE/PLC-Product_Life_Cycle/10_Documentation/10.2_User_Docs/README.md,path_locator_only,nested_legacy_or_migrated_symk,md,live_repository_path:tracked,tracked,unverified_no_authority_inferred,not_assessed_at_m0,unresolved,unique,utf8,preserve_in_place_pending_later_semantic_disposition,2d8fd0080d50bcde9632bb055ef68cbbd937285ecc4726bcff9d7e7662480bee,83
SymK/docs/90_ARCHIVE/PLC-Product_Life_Cycle/10_Documentation/README.md,PATH:SymK/docs/90_ARCHIVE/PLC-Product_Life_Cycle/10_Documentation/README.md,path_locator_only,nested_legacy_or_migrated_symk,md,live_repository_path:tracked,tracked,unverified_no_authority_inferred,not_assessed_at_m0,unresolved,unique,utf8,preserve_in_place_pending_later_semantic_disposition,6fa8790f319d5d63f63c002874975f6eb3db1edf5135d7b6b136bdae36110ad8,88
SymK/docs/90_ARCHIVE/PLC-Product_Life_Cycle/1_Discovery/1.1_Product_Vision/README.md,PATH:SymK/docs/90_ARCHIVE/PLC-Product_Life_Cycle/1_Discovery/1.1_Product_Vision/README.md,path_locator_only,nested_legacy_or_migrated_symk,md,live_repository_path:tracked,tracked,unverified_no_authority_inferred,not_assessed_at_m0,unresolved,unique,utf8,preserve_in_place_pending_later_semantic_disposition,fe999f63c76fdb516697aa312f6286db1bb6d303126acf2e9a3af339b8a7a15e,7374
SymK/docs/90_ARCHIVE/PLC-Product_Life_Cycle/1_Discovery/1.3_Stakeholder_Map/README.md,PATH:SymK/docs/90_ARCHIVE/PLC-Product_Life_Cycle/1_Discovery/1.3_Stakeholder_Map/README.md,path_locator_only,nested_legacy_or_migrated_symk,md,live_repository_path:tracked,tracked,unverified_no_authority_inferred,not_assessed_at_m0,unresolved,unique,utf8,preserve_in_place_pending_later_semantic_disposition,4cacb2e2c0f1fb57e47a048d171168dbf0ae654b69ceb224a0eb858af0a521b8,94
SymK/docs/90_ARCHIVE/PLC-Product_Life_Cycle/1_Discovery/README.md,PATH:SymK/docs/90_ARCHIVE/PLC-Product_Life_Cycle/1_Discovery/README.md,path_locator_only,nested_legacy_or_migrated_symk,md,live_repository_path:tracked,tracked,unverified_no_authority_inferred,not_assessed_at_m0,unresolved,unique,utf8,preserve_in_place_pending_later_semantic_disposition,09188d4909225d372309b52697ffde05f68dec2d8dcbd8cdc52e79d1364e77f4,9978
SymK/docs/90_ARCHIVE/PLC-Product_Life_Cycle/2_Architecture/2.1_System_Blueprints/README.md,PATH:SymK/docs/90_ARCHIVE/PLC-Product_Life_Cycle/2_Architecture/2.1_System_Blueprints/README.md,path_locator_only,nested_legacy_or_migrated_symk,md,live_repository_path:tracked,tracked,unverified_no_authority_inferred,not_assessed_at_m0,unresolved,unique,utf8,preserve_in_place_pending_later_semantic_disposition,ad69bd28071e9f3f672f5b78f23186d1be2ffa868b4732962585dd61f5d31835,98
SymK/docs/90_ARCHIVE/PLC-Product_Life_Cycle/2_Architecture/2.3_Security_Model/README.md,PATH:SymK/docs/90_ARCHIVE/PLC-Product_Life_Cycle/2_Architecture/2.3_Security_Model/README.md,path_locator_only,nested_legacy_or_migrated_symk,md,live_repository_path:tracked,tracked,unverified_no_authority_inferred,not_assessed_at_m0,unresolved,unique,utf8,preserve_in_place_pending_later_semantic_disposition,903625ed28081eb214f6e0b695c9f968916f3dade1208750e50b072ba7f56110,92
SymK/docs/90_ARCHIVE/PLC-Product_Life_Cycle/2_Architecture/README.md,PATH:SymK/docs/90_ARCHIVE/PLC-Product_Life_Cycle/2_Architecture/README.md,path_locator_only,nested_legacy_or_migrated_symk,md,live_repository_path:tracked,tracked,unverified_no_authority_inferred,not_assessed_at_m0,unresolved,unique,utf8,preserve_in_place_pending_later_semantic_disposition,6da71b12f9b260703058b79057b2b520082ee821a5f41c452b093b0f42da56f8,84
SymK/docs/90_ARCHIVE/PLC-Product_Life_Cycle/3_Planning/3.2_Release_Trains/README.md,PATH:SymK/docs/90_ARCHIVE/PLC-Product_Life_Cycle/3_Planning/3.2_Release_Trains/README.md,path_locator_only,nested_legacy_or_migrated_symk,md,live_repository_path:tracked,tracked,unverified_no_authority_inferred,not_assessed_at_m0,unresolved,unique,utf8,preserve_in_place_pending_later_semantic_disposition,e5ddd10d53f8d3b204696b19ffea6a3a2c00ce896314a3d68057bc4e17e5b5b7,92
SymK/docs/90_ARCHIVE/PLC-Product_Life_Cycle/3_Planning/3.3_Scope_Definition/README.md,PATH:SymK/docs/90_ARCHIVE/PLC-Product_Life_Cycle/3_Planning/3.3_Scope_Definition/README.md,path_locator_only,nested_legacy_or_migrated_symk,md,live_repository_path:tracked,tracked,unverified_no_authority_inferred,not_assessed_at_m0,unresolved,unique,utf8,preserve_in_place_pending_later_semantic_disposition,1e2e4fd947f086007dcfdec6ee631bf3a4a164a3dac378a023f634b4cdb92034,96
SymK/docs/90_ARCHIVE/PLC-Product_Life_Cycle/3_Planning/README.md,PATH:SymK/docs/90_ARCHIVE/PLC-Product_Life_Cycle/3_Planning/README.md,path_locator_only,nested_legacy_or_migrated_symk,md,live_repository_path:tracked,tracked,unverified_no_authority_inferred,not_assessed_at_m0,unresolved,unique,utf8,preserve_in_place_pending_later_semantic_disposition,622aca4154d3294d11fbaffc1199b3effad8bcc79c1fa459812fb899c9f0aa24,76
SymK/docs/90_ARCHIVE/PLC-Product_Life_Cycle/4_Design/4.1_UX_Flows/README.md,PATH:SymK/docs/90_ARCHIVE/PLC-Product_Life_Cycle/4_Design/4.1_UX_Flows/README.md,path_locator_only,nested_legacy_or_migrated_symk,md,live_repository_path:tracked,tracked,unverified_no_authority_inferred,not_assessed_at_m0,unresolved,unique,utf8,preserve_in_place_pending_later_semantic_disposition,9773086332104b5444c1b81b5ba9bdc60448d2e13f159485fd7a5762add04805,80
SymK/docs/90_ARCHIVE/PLC-Product_Life_Cycle/4_Design/4.2_IA_Diagrams/README.md,PATH:SymK/docs/90_ARCHIVE/PLC-Product_Life_Cycle/4_Design/4.2_IA_Diagrams/README.md,path_locator_only,nested_legacy_or_migrated_symk,md,live_repository_path:tracked,tracked,unverified_no_authority_inferred,not_assessed_at_m0,unresolved,unique,utf8,preserve_in_place_pending_later_semantic_disposition,1a923214863c4cbe947e455577126412f4ff52f2aefb53437ffaa546dcfa9cb1,86
SymK/docs/90_ARCHIVE/PLC-Product_Life_Cycle/4_Design/4.3_Design_System/README.md,PATH:SymK/docs/90_ARCHIVE/PLC-Product_Life_Cycle/4_Design/4.3_Design_System/README.md,path_locator_only,nested_legacy_or_migrated_symk,md,live_repository_path:tracked,tracked,unverified_no_authority_inferred,not_assessed_at_m0,unresolved,unique,utf8,preserve_in_place_pending_later_semantic_disposition,d168fd7f5536cb7061db99a37b70cd2a2846319af9847a130f86b65250b9dce4,90
SymK/docs/90_ARCHIVE/PLC-Product_Life_Cycle/4_Design/README.md,PATH:SymK/docs/90_ARCHIVE/PLC-Product_Life_Cycle/4_Design/README.md,path_locator_only,nested_legacy_or_migrated_symk,md,live_repository_path:tracked,tracked,unverified_no_authority_inferred,not_assessed_at_m0,unresolved,unique,utf8,preserve_in_place_pending_later_semantic_disposition,4b607cbf0621a399192db48c6ff1f3ccec241120823a01cf30511dbc498cc3b3,72
SymK/docs/90_ARCHIVE/PLC-Product_Life_Cycle/5_Development/5.1_Backend/README.md,PATH:SymK/docs/90_ARCHIVE/PLC-Product_Life_Cycle/5_Development/5.1_Backend/README.md,path_locator_only,nested_legacy_or_migrated_symk,md,live_repository_path:tracked,tracked,unverified_no_authority_inferred,not_assessed_at_m0,unresolved,unique,utf8,preserve_in_place_pending_later_semantic_disposition,053860219ffe986a9179d7d184f5cfb47e96510e47bed1bed9e7d6e16e02be23,78
SymK/docs/90_ARCHIVE/PLC-Product_Life_Cycle/5_Development/5.2_Frontend/README.md,PATH:SymK/docs/90_ARCHIVE/PLC-Product_Life_Cycle/5_Development/5.2_Frontend/README.md,path_locator_only,nested_legacy_or_migrated_symk,md,live_repository_path:tracked,tracked,unverified_no_authority_inferred,not_assessed_at_m0,unresolved,unique,utf8,preserve_in_place_pending_later_semantic_disposition,fea4f02db0ec5847c46e3cb6a37a7a5ce97f7dc129565b302fd7ec62d94f383f,80
SymK/docs/90_ARCHIVE/PLC-Product_Life_Cycle/5_Development/5.3_Infrastructure/README.md,PATH:SymK/docs/90_ARCHIVE/PLC-Product_Life_Cycle/5_Development/5.3_Infrastructure/README.md,path_locator_only,nested_legacy_or_migrated_symk,md,live_repository_path:tracked,tracked,unverified_no_authority_inferred,not_assessed_at_m0,unresolved,unique,utf8,preserve_in_place_pending_later_semantic_disposition,ac024dcf5a12df46dff46ca831d26931a1cdc1422cf79d188d32514bbf18fb1f,92
SymK/docs/90_ARCHIVE/PLC-Product_Life_Cycle/5_Development/README.md,PATH:SymK/docs/90_ARCHIVE/PLC-Product_Life_Cycle/5_Development/README.md,path_locator_only,nested_legacy_or_migrated_symk,md,live_repository_path:tracked,tracked,unverified_no_authority_inferred,not_assessed_at_m0,unresolved,unique,utf8,preserve_in_place_pending_later_semantic_disposition,c2955c9f16a9068f19ca7099d5aabd09a0530530a6a71362cfd0362d867722cf,82
SymK/docs/90_ARCHIVE/PLC-Product_Life_Cycle/6_Testing/6.1_Test_Plans/README.md,PATH:SymK/docs/90_ARCHIVE/PLC-Product_Life_Cycle/6_Testing/6.1_Test_Plans/README.md,path_locator_only,nested_legacy_or_migrated_symk,md,live_repository_path:tracked,tracked,unverified_no_authority_inferred,not_assessed_at_m0,unresolved,unique,utf8,preserve_in_place_pending_later_semantic_disposition,56df49ffc18f053d77a64375dd5a2f07b4107b4cbed694bbe02971a5c76c23cc,84
SymK/docs/90_ARCHIVE/PLC-Product_Life_Cycle/6_Testing/6.2_QA_Suites/README.md,PATH:SymK/docs/90_ARCHIVE/PLC-Product_Life_Cycle/6_Testing/6.2_QA_Suites/README.md,path_locator_only,nested_legacy_or_migrated_symk,md,live_repository_path:tracked,tracked,unverified_no_authority_inferred,not_assessed_at_m0,unresolved,unique,utf8,preserve_in_place_pending_later_semantic_disposition,9f03871cda920a674efa3e6ed163bff8de9dd49e3ad5fae2059194514b39a38d,82
SymK/docs/90_ARCHIVE/PLC-Product_Life_Cycle/6_Testing/6.3_Security_Tests/README.md,PATH:SymK/docs/90_ARCHIVE/PLC-Product_Life_Cycle/6_Testing/6.3_Security_Tests/README.md,path_locator_only,nested_legacy_or_migrated_symk,md,live_repository_path:tracked,tracked,unverified_no_authority_inferred,not_assessed_at_m0,unresolved,unique,utf8,preserve_in_place_pending_later_semantic_disposition,3de50fb0f192424f2d46ef090fadc6da7ee11a7c6785b4a3c99250efb9e59773,92
SymK/docs/90_ARCHIVE/PLC-Product_Life_Cycle/6_Testing/README.md,PATH:SymK/docs/90_ARCHIVE/PLC-Product_Life_Cycle/6_Testing/README.md,path_locator_only,nested_legacy_or_migrated_symk,md,live_repository_path:tracked,tracked,unverified_no_authority_inferred,not_assessed_at_m0,unresolved,unique,utf8,preserve_in_place_pending_later_semantic_disposition,ac56b39ba4918cc2d628f2d36be269a607271b3a33c143dd006ed28ffa761acf,74
SymK/docs/90_ARCHIVE/PLC-Product_Life_Cycle/7_Deployment/7.1_Runtime_Configs/README.md,PATH:SymK/docs/90_ARCHIVE/PLC-Product_Life_Cycle/7_Deployment/7.1_Runtime_Configs/README.md,path_locator_only,nested_legacy_or_migrated_symk,md,live_repository_path:tracked,tracked,unverified_no_authority_inferred,not_assessed_at_m0,unresolved,unique,utf8,preserve_in_place_pending_later_semantic_disposition,88d8e11b917ad71ccd0e85382cfa83f28e0c5778d35d8987309c6d24bf5ccc66,94
SymK/docs/90_ARCHIVE/PLC-Product_Life_Cycle/7_Deployment/7.2_CICD_Pipelines/README.md,PATH:SymK/docs/90_ARCHIVE/PLC-Product_Life_Cycle/7_Deployment/7.2_CICD_Pipelines/README.md,path_locator_only,nested_legacy_or_migrated_symk,md,live_repository_path:tracked,tracked,unverified_no_authority_inferred,not_assessed_at_m0,unresolved,unique,utf8,preserve_in_place_pending_later_semantic_disposition,00d6b15a703abbe699ac4bbce6414fcc387ad9743823fa7ed1d0045b170272aa,92
SymK/docs/90_ARCHIVE/PLC-Product_Life_Cycle/7_Deployment/7.3_Observability/README.md,PATH:SymK/docs/90_ARCHIVE/PLC-Product_Life_Cycle/7_Deployment/7.3_Observability/README.md,path_locator_only,nested_legacy_or_migrated_symk,md,live_repository_path:tracked,tracked,unverified_no_authority_inferred,not_assessed_at_m0,unresolved,unique,utf8,preserve_in_place_pending_later_semantic_disposition,07177f10d1ebe5d73b50ecd0f440e13c76cb020ae3534907afbec7fd44142802,90
SymK/docs/90_ARCHIVE/PLC-Product_Life_Cycle/7_Deployment/README.md,PATH:SymK/docs/90_ARCHIVE/PLC-Product_Life_Cycle/7_Deployment/README.md,path_locator_only,nested_legacy_or_migrated_symk,md,live_repository_path:tracked,tracked,unverified_no_authority_inferred,not_assessed_at_m0,unresolved,unique,utf8,preserve_in_place_pending_later_semantic_disposition,9586af4e2d0e5d876118ddf1ee49dc203614e7e82b44ec2c107ceb11c9760254,80
SymK/docs/90_ARCHIVE/PLC-Product_Life_Cycle/8_Operations/8.1_SRE_Procedures/README.md,PATH:SymK/docs/90_ARCHIVE/PLC-Product_Life_Cycle/8_Operations/8.1_SRE_Procedures/README.md,path_locator_only,nested_legacy_or_migrated_symk,md,live_repository_path:tracked,tracked,unverified_no_authority_inferred,not_assessed_at_m0,unresolved,unique,utf8,preserve_in_place_pending_later_semantic_disposition,c8d3c73fbf229e1797a262f9e3fd594e51de412758104aa16abe5073eb45df83,92
SymK/docs/90_ARCHIVE/PLC-Product_Life_Cycle/8_Operations/8.2_Incident_Response/README.md,PATH:SymK/docs/90_ARCHIVE/PLC-Product_Life_Cycle/8_Operations/8.2_Incident_Response/README.md,path_locator_only,nested_legacy_or_migrated_symk,md,live_repository_path:tracked,tracked,unverified_no_authority_inferred,not_assessed_at_m0,unresolved,unique,utf8,preserve_in_place_pending_later_semantic_disposition,52f696a3858d73db073203ee8a81d630e2f7eef13dd1c292769343be785f2788,98
SymK/docs/90_ARCHIVE/PLC-Product_Life_Cycle/8_Operations/8.3_Performance_Tuning/README.md,PATH:SymK/docs/90_ARCHIVE/PLC-Product_Life_Cycle/8_Operations/8.3_Performance_Tuning/README.md,path_locator_only,nested_legacy_or_migrated_symk,md,live_repository_path:tracked,tracked,unverified_no_authority_inferred,not_assessed_at_m0,unresolved,unique,utf8,preserve_in_place_pending_later_semantic_disposition,a80e3bf479c7f8b9189d6e01708b4cd62ba3caa1b2adb3b1a1705a0d26f60e84,100
SymK/docs/90_ARCHIVE/PLC-Product_Life_Cycle/8_Operations/README.md,PATH:SymK/docs/90_ARCHIVE/PLC-Product_Life_Cycle/8_Operations/README.md,path_locator_only,nested_legacy_or_migrated_symk,md,live_repository_path:tracked,tracked,unverified_no_authority_inferred,not_assessed_at_m0,unresolved,unique,utf8,preserve_in_place_pending_later_semantic_disposition,dc58efcd69208c80cb56c6b5ba6fb5c60660567b9f1341b23e4ec6352d16904a,80
SymK/docs/90_ARCHIVE/PLC-Product_Life_Cycle/9_GTM/9.1_Positioning/README.md,PATH:SymK/docs/90_ARCHIVE/PLC-Product_Life_Cycle/9_GTM/9.1_Positioning/README.md,path_locator_only,nested_legacy_or_migrated_symk,md,live_repository_path:tracked,tracked,unverified_no_authority_inferred,not_assessed_at_m0,unresolved,unique,utf8,preserve_in_place_pending_later_semantic_disposition,0ecd547ad1295dc4398d7fedb8f984e82da4af02c49fb1410b38b61c3e8a3edd,86
SymK/docs/90_ARCHIVE/PLC-Product_Life_Cycle/9_GTM/9.2_Sales_Enablement/README.md,PATH:SymK/docs/90_ARCHIVE/PLC-Product_Life_Cycle/9_GTM/9.2_Sales_Enablement/README.md,path_locator_only,nested_legacy_or_migrated_symk,md,live_repository_path:tracked,tracked,unverified_no_authority_inferred,not_assessed_at_m0,unresolved,unique,utf8,preserve_in_place_pending_later_semantic_disposition,e4f0a00445dff2905b940a55cec6db41453a79fc6b9581b4c07103e4ee083c08,96
SymK/docs/90_ARCHIVE/PLC-Product_Life_Cycle/9_GTM/9.3_Pricing/README.md,PATH:SymK/docs/90_ARCHIVE/PLC-Product_Life_Cycle/9_GTM/9.3_Pricing/README.md,path_locator_only,nested_legacy_or_migrated_symk,md,live_repository_path:tracked,tracked,unverified_no_authority_inferred,not_assessed_at_m0,unresolved,unique,utf8,preserve_in_place_pending_later_semantic_disposition,91087fe813242c08f9acd8f57e83ff5de62851138bba49429005636cf633a80b,78
SymK/docs/90_ARCHIVE/PLC-Product_Life_Cycle/9_GTM/README.md,PATH:SymK/docs/90_ARCHIVE/PLC-Product_Life_Cycle/9_GTM/README.md,path_locator_only,nested_legacy_or_migrated_symk,md,live_repository_path:tracked,tracked,unverified_no_authority_inferred,not_assessed_at_m0,unresolved,unique,utf8,preserve_in_place_pending_later_semantic_disposition,f63550b3f1d50ae92a5c480706ed5e793a20574d2af3f3c7072544855ef58b68,66
SymK/packages/symbiotic_devkit/templates/plc/meta_plc_v0.1/3_Planning/README.md,PATH:SymK/packages/symbiotic_devkit/templates/plc/meta_plc_v0.1/3_Planning/README.md,path_locator_only,nested_legacy_or_migrated_symk,md,live_repository_path:tracked,tracked,unverified_no_authority_inferred,not_assessed_at_m0,unresolved,unique,utf8,preserve_in_place_pending_later_semantic_disposition,1b2e6143beef5378747009833b09a081677674e04087810b561bf1bfda77b9f5,1610
SymK/packages/symbiotic_devkit/templates/plc/meta_plc_v0.1/3_Planning/phase_template.json,PATH:SymK/packages/symbiotic_devkit/templates/plc/meta_plc_v0.1/3_Planning/phase_template.json,path_locator_only,nested_legacy_or_migrated_symk,json,live_repository_path:tracked,tracked,unverified_no_authority_inferred,not_assessed_at_m0,unresolved,unique,utf8,preserve_in_place_pending_later_semantic_disposition,9fc8adfd209c61b250959fbc2e43ee9713c6f467aaae3b992548d2ea95bbf5f3,1225
SymK/packages/symbiotic_devkit/tools/project_init/README.md,PATH:SymK/packages/symbiotic_devkit/tools/project_init/README.md,path_locator_only,nested_legacy_or_migrated_symk,md,live_repository_path:tracked,tracked,unverified_no_authority_inferred,not_assessed_at_m0,unresolved,unique,utf8,preserve_in_place_pending_later_semantic_disposition,459600acc5f4b6b2cebe0ae32bf146f2d476324917c0f023d0b9a89f18b7c0c1,47
SymK/packages/symbiotic_devkit/tools/project_init/__init__.py,PATH:SymK/packages/symbiotic_devkit/tools/project_init/__init__.py,path_locator_only,nested_legacy_or_migrated_symk,py,live_repository_path:tracked,tracked,unverified_no_authority_inferred,not_assessed_at_m0,unresolved,unique,utf8,preserve_in_place_pending_later_semantic_disposition,b576d15ec3b4344fd45759081e26534d0407d1f8f45362a8c7136eb2efe0ceb3,48
SymK/packages/symbiotic_devkit/tools/project_init/project_init/__init__.py,PATH:SymK/packages/symbiotic_devkit/tools/project_init/project_init/__init__.py,path_locator_only,nested_legacy_or_migrated_symk,py,live_repository_path:tracked,tracked,unverified_no_authority_inferred,not_assessed_at_m0,unresolved,unique,utf8,preserve_in_place_pending_later_semantic_disposition,10fffee017fbdda95fc9677ca5d2605e9db7da8f8b62d60633e2faca1d7cdbcb,90
SymK/plc/meta/1_Discovery/1.1_Product_Vision_Template/1.1_Product_Vision_Template.md,PATH:SymK/plc/meta/1_Discovery/1.1_Product_Vision_Template/1.1_Product_Vision_Template.md,path_locator_only,nested_legacy_or_migrated_symk,md,live_repository_path:tracked,tracked,unverified_no_authority_inferred,not_assessed_at_m0,unresolved,unique,utf8,preserve_in_place_pending_later_semantic_disposition,efd95b2be62b5572b5c34fed3468e57ebd9d17580cb1f19013f6964fc673d65f,3143
SymK/plc/meta/1_Discovery/1.6_Discovery_Outcomes/1.6_Discovery_Outcomes.md,PATH:SymK/plc/meta/1_Discovery/1.6_Discovery_Outcomes/1.6_Discovery_Outcomes.md,path_locator_only,nested_legacy_or_migrated_symk,md,live_repository_path:tracked,tracked,unverified_no_authority_inferred,not_assessed_at_m0,unresolved,unique,utf8,preserve_in_place_pending_later_semantic_disposition,dc429b9191952721fa5c0c1dbcbfbea5e451f62facbf5ca9494d378391fdf3c7,8066
SymK/plc/meta/2_Architecture/2.1_System_Blueprints/README.md,PATH:SymK/plc/meta/2_Architecture/2.1_System_Blueprints/README.md,path_locator_only,nested_legacy_or_migrated_symk,md,live_repository_path:tracked,tracked,unverified_no_authority_inferred,not_assessed_at_m0,unresolved,unique,utf8,preserve_in_place_pending_later_semantic_disposition,84f68a6d0d641fe24cc89f4d9226ace70df6b2e71f4fd567b8b0cb23d98a87ed,1515
SymK/plc/meta/2_Architecture/2.2_Reference_Stacks/README.md,PATH:SymK/plc/meta/2_Architecture/2.2_Reference_Stacks/README.md,path_locator_only,nested_legacy_or_migrated_symk,md,live_repository_path:tracked,tracked,unverified_no_authority_inferred,not_assessed_at_m0,unresolved,unique,utf8,preserve_in_place_pending_later_semantic_disposition,781ab43df5f1b386915f6d562b2e0665300276daef8d54bba31bf32a38c8da81,1421
SymK/plc/meta/2_Architecture/2.3_Security_Model/README.md,PATH:SymK/plc/meta/2_Architecture/2.3_Security_Model/README.md,path_locator_only,nested_legacy_or_migrated_symk,md,live_repository_path:tracked,tracked,unverified_no_authority_inferred,not_assessed_at_m0,unresolved,unique,utf8,preserve_in_place_pending_later_semantic_disposition,218427b6b5892cfaff94a1cfa35f96edd576c34d492d7de213f8832d80531752,1388
SymK/plc/meta/2_Architecture/README.md,PATH:SymK/plc/meta/2_Architecture/README.md,path_locator_only,nested_legacy_or_migrated_symk,md,live_repository_path:tracked,tracked,unverified_no_authority_inferred,not_assessed_at_m0,unresolved,unique,utf8,preserve_in_place_pending_later_semantic_disposition,fe394ed7e9dd08af2a884cfe30609293c3c87e9ca52a01235ae4bcd0a482739f,168
SymK/plc/meta/3_Planning/3.1_Roadmap/README.md,PATH:SymK/plc/meta/3_Planning/3.1_Roadmap/README.md,path_locator_only,nested_legacy_or_migrated_symk,md,live_repository_path:tracked,tracked,unverified_no_authority_inferred,not_assessed_at_m0,unresolved,unique,utf8,preserve_in_place_pending_later_semantic_disposition,a14d15620ba151290c4bf2a358b639ee872be5a20ef0aec5479c125f72b53037,1375
SymK/plc/meta/3_Planning/3.2_Release_Trains/README.md,PATH:SymK/plc/meta/3_Planning/3.2_Release_Trains/README.md,path_locator_only,nested_legacy_or_migrated_symk,md,live_repository_path:tracked,tracked,unverified_no_authority_inferred,not_assessed_at_m0,unresolved,unique,utf8,preserve_in_place_pending_later_semantic_disposition,c7e04f00a5d23fae538d0e5561917a5095f819799fd6381c55d40ff3616709b8,1315
SymK/plc/meta/3_Planning/3.3_Scope_Definition/README.md,PATH:SymK/plc/meta/3_Planning/3.3_Scope_Definition/README.md,path_locator_only,nested_legacy_or_migrated_symk,md,live_repository_path:tracked,tracked,unverified_no_authority_inferred,not_assessed_at_m0,unresolved,unique,utf8,preserve_in_place_pending_later_semantic_disposition,a8b343bf8737faad267686b2fae7d286dd2755e0a586d2fe6865bc948daf3d9e,1337
SymK/plc/meta/3_Planning/README.md,PATH:SymK/plc/meta/3_Planning/README.md,path_locator_only,nested_legacy_or_migrated_symk,md,live_repository_path:tracked,tracked,unverified_no_authority_inferred,not_assessed_at_m0,unresolved,unique,utf8,preserve_in_place_pending_later_semantic_disposition,a8fbf00121f96413302359d99225f766d2e7c073c3950f79d0f7eccfea45c701,171
